name,material_type,core_size_nm,zeta_potential_mv,surface_area_m2g,coating,source_type,doi,drs_uri,sample_id,study_name,file_type
20180919_23-23-14-446_Toxicity Fig S6,Unknown,,,,,literature_mined,10.17917,drs://nci-crdc.datacommons.io/dg.4DFC/4f941c99-d10f-5b21-8a20-9e57075d4668,74055680,caNanoLab Data,CSV
20210630_17-51-41-094_Immune Cell Abundances (mRNA) cell scores,Unknown,,,,,literature_mined,10.17917,drs://nci-crdc.datacommons.io/dg.4DFC/1ab4db15-1512-51e0-a7ae-a2b63f59cf39,101318665,caNanoLab Data,CSV
20220119_19-19-08-463_SI table-Nanoparticle tumor delivery efficiency_csvfinal,Unknown,,,,,literature_mined,10.17917,drs://nci-crdc.datacommons.io/dg.4DFC/cfca1756-e74c-5121-a1e7-5d8f2f153fe2,108134409,caNanoLab Data,CSV
20231128_16-11-39-408_cytokines,Unknown,,,,,literature_mined,10.17917,drs://nci-crdc.datacommons.io/dg.4DFC/56cd0904-68cd-571b-8b3e-8d4827a82178,115900508,caNanoLab Data,CSV
20231128_16-11-39-408_cytokines,Unknown,,,,,literature_mined,10.17917,drs://nci-crdc.datacommons.io/dg.4DFC/d00ced91-c5e1-5b8a-843d-df96332decc6,115900510,caNanoLab Data,CSV
20231128_16-11-39-408_cytokines,Unknown,,,,,literature_mined,10.17917,drs://nci-crdc.datacommons.io/dg.4DFC/8b219b39-b12c-5094-94da-db0ef4bfa490,115900509,caNanoLab Data,CSV
20231204_18-57-16-397_calreticulin expression normalized MFI values,Unknown,,,,,literature_mined,10.17917,drs://nci-crdc.datacommons.io/dg.4DFC/8c7b45e4-4234-5f23-959d-042e2d020567,115900511,caNanoLab Data,CSV
20231220_16-41-21-868_imaging features of the primary UrC-ADC tumors,Unknown,,,,,literature_mined,10.17917,drs://nci-crdc.datacommons.io/dg.4DFC/8ed6390f-3643-5099-81b7-ef2a1968f657,115900512,caNanoLab Data,CSV
20240826_15-26-30-370_Table 1,Unknown,,,,,literature_mined,10.17917,drs://nci-crdc.datacommons.io/dg.4DFC/a6c3def7-497e-578c-becb-c64e86ba14f4,115900541,caNanoLab Data,CSV
20241206_15-47-19-363_tumor,Unknown,,,,,literature_mined,10.17917,drs://nci-crdc.datacommons.io/dg.4DFC/681ae36a-9283-5e88-9753-778dea212b03,115900549,caNanoLab Data,CSV
20250724_22-35-56-439_Panel 4F - circRNA_VLP_Transfection_trial1.wsp FlowJo table,Unknown,,,,,literature_mined,10.17917,drs://nci-crdc.datacommons.io/dg.4DFC/22732845-62a8-5894-8952-aafcd247d016,115900594,caNanoLab Data,CSV
20250724_22-37-13-188_Panel 4F - circRNA_VLP_Transfection_trial3.5.wsp FlowJo table,Unknown,,,,,literature_mined,10.17917,drs://nci-crdc.datacommons.io/dg.4DFC/41170706-01ab-54c1-8756-2125e58a941c,115900594,caNanoLab Data,CSV
table_1,Unknown,,,,,literature_mined,10.17917,drs://nci-crdc.datacommons.io/dg.4DFC/28e9673d-0c9c-5230-8f54-4f1f29504b1b,96075801,caNanoLab Data,CSV
table_1,Unknown,,,,,literature_mined,10.17917,drs://nci-crdc.datacommons.io/dg.4DFC/29c53179-05cb-58ed-a38b-f0e7bcee4a02,104693786,caNanoLab Data,CSV
table_1,Unknown,,,,,literature_mined,10.17917,drs://nci-crdc.datacommons.io/dg.4DFC/2986da53-b9f1-577f-acfb-fb49545dc87b,33685512,caNanoLab Data,CSV
table_1,Unknown,,,,,literature_mined,10.17917,drs://nci-crdc.datacommons.io/dg.4DFC/2980be0c-2405-57c0-963b-52c183bae564,49053703,caNanoLab Data,CSV
table_1,Unknown,,,,,literature_mined,10.17917,drs://nci-crdc.datacommons.io/dg.4DFC/af91e070-1781-511c-a7e4-b087944ff30c,96075777,caNanoLab Data,CSV
table_1,Unknown,,,,,literature_mined,10.17917,drs://nci-crdc.datacommons.io/dg.4DFC/29c98775-1606-5cdf-84ab-f0b783cf7e5b,15138817,caNanoLab Data,CSV
table_1,Unknown,,,,,literature_mined,10.17917,drs://nci-crdc.datacommons.io/dg.4DFC/2934162d-d407-5f41-bf71-6aed58d6edc2,37191681,caNanoLab Data,CSV
table_1,Unknown,,,,,literature_mined,10.17917,drs://nci-crdc.datacommons.io/dg.4DFC/af2db2d9-1e0b-5f77-bef7-f56961b8d8be,9142290,caNanoLab Data,CSV
table_1,Unknown,,,,,literature_mined,10.17917,drs://nci-crdc.datacommons.io/dg.4DFC/296a0827-591d-57f1-9dc9-bf623ab8ee1e,10780674,caNanoLab Data,CSV
table_1,Unknown,,,,,literature_mined,10.17917,drs://nci-crdc.datacommons.io/dg.4DFC/af4a63e6-720f-5ff7-9eeb-3f2ae79f127a,9142284,caNanoLab Data,CSV
table_1,Unknown,,,,,literature_mined,10.17917,drs://nci-crdc.datacommons.io/dg.4DFC/296c1ab5-95d2-54cc-b527-3a4182af69b9,115900459,caNanoLab Data,CSV
table_1,Unknown,,,,,literature_mined,10.17917,drs://nci-crdc.datacommons.io/dg.4DFC/af6d40eb-1e43-5ba1-b201-e12f9e7aba1e,101580802,caNanoLab Data,CSV
table_1,Unknown,,,,,literature_mined,10.17917,drs://nci-crdc.datacommons.io/dg.4DFC/296c0d88-0438-570d-befe-c11bf4424c8c,103383047,caNanoLab Data,CSV
table_1,Unknown,,,,,literature_mined,10.17917,drs://nci-crdc.datacommons.io/dg.4DFC/29926235-2480-5ffe-b03d-29ab82732f09,9142292,caNanoLab Data,CSV
table_1,Unknown,,,,,literature_mined,10.17917,drs://nci-crdc.datacommons.io/dg.4DFC/2996dd05-1e72-52c3-856b-d271ee0fbd7e,10780761,caNanoLab Data,CSV
table_1,Unknown,,,,,literature_mined,10.17917,drs://nci-crdc.datacommons.io/dg.4DFC/296cc96b-89c3-5f76-9a49-08348474a1bd,115900423,caNanoLab Data,CSV
table_1,Unknown,,,,,literature_mined,10.17917,drs://nci-crdc.datacommons.io/dg.4DFC/af6f23e4-de88-5b38-aef8-0cc896c131eb,51445770,caNanoLab Data,CSV
table_1,Unknown,,,,,literature_mined,10.17917,drs://nci-crdc.datacommons.io/dg.4DFC/af88cbb7-814a-5774-bb51-f91ac5544da6,82083851,caNanoLab Data,CSV
table_1,Unknown,,,,,literature_mined,10.17917,drs://nci-crdc.datacommons.io/dg.4DFC/298f47e8-3c9e-52bc-8f29-3fd30d965162,11337776,caNanoLab Data,CSV
table_1,Unknown,,,,,literature_mined,10.17917,drs://nci-crdc.datacommons.io/dg.4DFC/296c03e9-846b-53c2-8370-5a2750032723,9142301,caNanoLab Data,CSV
table_1,Unknown,,,,,literature_mined,10.17917,drs://nci-crdc.datacommons.io/dg.4DFC/293cf97a-c33c-5ea0-8bf5-89b7db768196,94568452,caNanoLab Data,CSV
table_1,Unknown,,,,,literature_mined,10.17917,drs://nci-crdc.datacommons.io/dg.4DFC/af5a0ff3-6cdd-5b13-ad30-bb929ee58bcc,11337770,caNanoLab Data,CSV
table_1,Unknown,,,,,literature_mined,10.17917,drs://nci-crdc.datacommons.io/dg.4DFC/5cf6824b-e79f-564b-8fef-f6f461be0b50,11337784,caNanoLab Data,CSV
table_1,Unknown,,,,,literature_mined,10.17917,drs://nci-crdc.datacommons.io/dg.4DFC/629cdea7-6cc6-5c37-8b98-ff33d1a8c484,115900482,caNanoLab Data,CSV
table_1,Unknown,,,,,literature_mined,10.17917,drs://nci-crdc.datacommons.io/dg.4DFC/8de002a3-21f4-52ed-b322-79b6d1c9322e,103383040,caNanoLab Data,CSV
table_1,Unknown,,,,,literature_mined,10.17917,drs://nci-crdc.datacommons.io/dg.4DFC/3d809660-88b6-5b27-85f0-ef3d5ade6bc4,28835883,caNanoLab Data,CSV
table_1,Unknown,,,,,literature_mined,10.17917,drs://nci-crdc.datacommons.io/dg.4DFC/c97b9814-72bb-5367-bb10-c5870f3b2401,15368247,caNanoLab Data,CSV
table_1,Unknown,,,,,literature_mined,10.17917,drs://nci-crdc.datacommons.io/dg.4DFC/5004e8d9-3c82-58b7-8a0c-867e8567f716,57933824,caNanoLab Data,CSV
table_1,Unknown,,,,,literature_mined,10.17917,drs://nci-crdc.datacommons.io/dg.4DFC/b783bec2-65fe-5a3a-bbd0-80e582e5cd22,9142298,caNanoLab Data,CSV
table_1,Unknown,,,,,literature_mined,10.17917,drs://nci-crdc.datacommons.io/dg.4DFC/d19081cf-859d-5a16-87ba-5ccbbcce6901,11337767,caNanoLab Data,CSV
table_1,Unknown,,,,,literature_mined,10.17917,drs://nci-crdc.datacommons.io/dg.4DFC/c1c85968-6f9f-55b3-97c8-4460ff9150b9,96075801,caNanoLab Data,CSV
table_1,Unknown,,,,,literature_mined,10.17917,drs://nci-crdc.datacommons.io/dg.4DFC/ba11505b-7904-52a4-abee-d7b67865bd4f,43745280,caNanoLab Data,CSV
table_1,Unknown,,,,,literature_mined,10.17917,drs://nci-crdc.datacommons.io/dg.4DFC/11e20914-1c72-5b4f-8eb5-3db1f735328a,11337753,caNanoLab Data,CSV
table_1,Unknown,,,,,literature_mined,10.17917,drs://nci-crdc.datacommons.io/dg.4DFC/258e724a-1b17-5026-af9d-e6fbf27ccd1a,9142300,caNanoLab Data,CSV
table_1,Unknown,,,,,literature_mined,10.17917,drs://nci-crdc.datacommons.io/dg.4DFC/56819a1d-f2a9-5434-895a-82a2b7e95f13,11337768,caNanoLab Data,CSV
table_1,Unknown,,,,,literature_mined,10.17917,drs://nci-crdc.datacommons.io/dg.4DFC/fa664a99-4f6e-5aac-8bf1-490c77508472,82083840,caNanoLab Data,CSV
table_1,Unknown,,,,,literature_mined,10.17917,drs://nci-crdc.datacommons.io/dg.4DFC/a6cfd63b-7b31-5406-af5b-e43f222a1280,96075779,caNanoLab Data,CSV
table_1,Unknown,,,,,literature_mined,10.17917,drs://nci-crdc.datacommons.io/dg.4DFC/e521663b-1ad3-5c55-aef8-b3ff280ed2d9,55967744,caNanoLab Data,CSV
table_1,Unknown,,,,,literature_mined,10.17917,drs://nci-crdc.datacommons.io/dg.4DFC/fa0ec2bc-88ad-58b1-8d92-ddf095925dc2,11337759,caNanoLab Data,CSV
table_1,Unknown,,,,,literature_mined,10.17917,drs://nci-crdc.datacommons.io/dg.4DFC/00792a06-788c-5525-b7ba-1bd210240ce7,28835873,caNanoLab Data,CSV
table_1,Unknown,,,,,literature_mined,10.17917,drs://nci-crdc.datacommons.io/dg.4DFC/11c80dcf-0d57-505f-851b-6f7080de5cc1,9994261,caNanoLab Data,CSV
table_1,Unknown,,,,,literature_mined,10.17917,drs://nci-crdc.datacommons.io/dg.4DFC/b2dcbab1-100f-570d-9bff-a12e8c220375,64618497,caNanoLab Data,CSV
table_1,Unknown,,,,,literature_mined,10.17917,drs://nci-crdc.datacommons.io/dg.4DFC/d174e477-b8f0-5984-9b1d-69a56b5a8168,49905665,caNanoLab Data,CSV
table_1,Unknown,,,,,literature_mined,10.17917,drs://nci-crdc.datacommons.io/dg.4DFC/499cf3c7-bb1e-5a7c-808c-043d975b4cfe,9142280,caNanoLab Data,CSV
table_1,Unknown,,,,,literature_mined,10.17917,drs://nci-crdc.datacommons.io/dg.4DFC/813eeaae-f01c-58a1-a85e-6088fd97faf5,4456448,caNanoLab Data,CSV
table_1,Unknown,,,,,literature_mined,10.17917,drs://nci-crdc.datacommons.io/dg.4DFC/2573ed40-df6a-5e30-b6d5-efca98b71fb5,46006275,caNanoLab Data,CSV
table_1,Unknown,,,,,literature_mined,10.17917,drs://nci-crdc.datacommons.io/dg.4DFC/949aa5d7-127a-5c06-adaf-0881a7f71e33,49053704,caNanoLab Data,CSV
table_1,Unknown,,,,,literature_mined,10.17917,drs://nci-crdc.datacommons.io/dg.4DFC/eda86c9e-7f44-5bf9-967a-6db3dbbe0601,11337788,caNanoLab Data,CSV
table_1,Unknown,,,,,literature_mined,10.17917,drs://nci-crdc.datacommons.io/dg.4DFC/7abc90b9-59d2-53e4-9962-066767a204e9,55967749,caNanoLab Data,CSV
table_1,Unknown,,,,,literature_mined,10.17917,drs://nci-crdc.datacommons.io/dg.4DFC/ed833bc7-ab63-5de4-8a9a-0bd6a610ba03,9142314,caNanoLab Data,CSV
table_1,Unknown,,,,,literature_mined,10.17917,drs://nci-crdc.datacommons.io/dg.4DFC/a07a2e9d-72c5-5611-a856-2028006351bc,33685507,caNanoLab Data,CSV
table_1,Unknown,,,,,literature_mined,10.17917,drs://nci-crdc.datacommons.io/dg.4DFC/7ac5e459-831f-5301-ba9a-f31f492fd75a,11337751,caNanoLab Data,CSV
table_1,Unknown,,,,,literature_mined,10.17917,drs://nci-crdc.datacommons.io/dg.4DFC/56d72aa3-feb1-5d6d-85bb-453f21885aac,11337771,caNanoLab Data,CSV
table_1,Unknown,,,,,literature_mined,10.17917,drs://nci-crdc.datacommons.io/dg.4DFC/687a9b1c-38e7-56a2-8a1e-9e44a59b251b,57933831,caNanoLab Data,CSV
table_1,Unknown,,,,,literature_mined,10.17917,drs://nci-crdc.datacommons.io/dg.4DFC/6f085a4e-13cc-5b47-86cf-88d15b35c58f,36601882,caNanoLab Data,CSV
table_1,Unknown,,,,,literature_mined,10.17917,drs://nci-crdc.datacommons.io/dg.4DFC/56cd7f04-3a8f-5b52-93a0-0ae152d0b8db,79462406,caNanoLab Data,CSV
table_1,Unknown,,,,,literature_mined,10.17917,drs://nci-crdc.datacommons.io/dg.4DFC/ed81c41e-33fc-5cdc-ae6f-af62caffeb15,115900534,caNanoLab Data,CSV
table_1,Unknown,,,,,literature_mined,10.17917,drs://nci-crdc.datacommons.io/dg.4DFC/11a808c3-7f33-5c90-b7be-fafc9a37bb6d,46006278,caNanoLab Data,CSV
table_1,Unknown,,,,,literature_mined,10.17917,drs://nci-crdc.datacommons.io/dg.4DFC/007d17a4-09fb-549b-b205-178f36e47364,9994267,caNanoLab Data,CSV
table_1,Unknown,,,,,literature_mined,10.17917,drs://nci-crdc.datacommons.io/dg.4DFC/06c43fdb-1cfa-564e-b6a4-97927f28a9ae,43745286,caNanoLab Data,CSV
table_1,Unknown,,,,,literature_mined,10.17917,drs://nci-crdc.datacommons.io/dg.4DFC/fa2778d5-1404-5ee6-adcb-32431d499c3b,37191681,caNanoLab Data,CSV
table_1,Unknown,,,,,literature_mined,10.17917,drs://nci-crdc.datacommons.io/dg.4DFC/689f9df5-0f18-5c58-9c84-53531fa2d043,102465537,caNanoLab Data,CSV
table_1,Unknown,,,,,literature_mined,10.17917,drs://nci-crdc.datacommons.io/dg.4DFC/b5513bc3-089d-58fb-b926-9a34e7c44aeb,13041719,caNanoLab Data,CSV
table_1,Unknown,,,,,literature_mined,10.17917,drs://nci-crdc.datacommons.io/dg.4DFC/2b6a45af-02f0-5def-80c0-88bfecc547b7,115900565,caNanoLab Data,CSV
table_1,Unknown,,,,,literature_mined,10.17917,drs://nci-crdc.datacommons.io/dg.4DFC/813ec5fc-f63a-5b3a-95be-467f983ac742,15368256,caNanoLab Data,CSV
table_1,Unknown,,,,,literature_mined,10.17917,drs://nci-crdc.datacommons.io/dg.4DFC/cc58db6b-4b95-55fe-8a5b-09740718e938,47349769,caNanoLab Data,CSV
table_1,Unknown,,,,,literature_mined,10.17917,drs://nci-crdc.datacommons.io/dg.4DFC/2b56f46c-4fc9-5a80-816b-3faef2fb0758,55967747,caNanoLab Data,CSV
table_1,Unknown,,,,,literature_mined,10.17917,drs://nci-crdc.datacommons.io/dg.4DFC/49a2d1cd-332e-59fe-b0cb-1218bb6695bc,115900506,caNanoLab Data,CSV
table_1,Unknown,,,,,literature_mined,10.17917,drs://nci-crdc.datacommons.io/dg.4DFC/d73dffcc-17f7-59e1-b73e-286d4a32ad4a,108134409,caNanoLab Data,CSV
table_1,Unknown,,,,,literature_mined,10.17917,drs://nci-crdc.datacommons.io/dg.4DFC/becff60a-8678-5e8f-a8b0-f75a32ada818,82083851,caNanoLab Data,CSV
table_1,Unknown,,,,,literature_mined,10.17917,drs://nci-crdc.datacommons.io/dg.4DFC/6293560d-e7d0-58c6-84ec-6a59dfe3d50b,115900432,caNanoLab Data,CSV
table_1,Unknown,,,,,literature_mined,10.17917,drs://nci-crdc.datacommons.io/dg.4DFC/7b3b9427-4b6b-584b-8b6c-c0315d17ec4b,15368221,caNanoLab Data,CSV
table_1,Unknown,,,,,literature_mined,10.17917,drs://nci-crdc.datacommons.io/dg.4DFC/0c185148-7b7d-5501-bbe2-81451a4980fd,5341184,caNanoLab Data,CSV
table_1,Unknown,,,,,literature_mined,10.17917,drs://nci-crdc.datacommons.io/dg.4DFC/ceaac39c-7146-5f8b-a186-064ca750e665,77365249,caNanoLab Data,CSV
table_1,Unknown,,,,,literature_mined,10.17917,drs://nci-crdc.datacommons.io/dg.4DFC/d9f16c4b-4b19-546d-82c4-bcbdf6a32edc,9142316,caNanoLab Data,CSV
table_1,Unknown,,,,,literature_mined,10.17917,drs://nci-crdc.datacommons.io/dg.4DFC/8751b144-219a-542c-8b77-7218157789da,87425025,caNanoLab Data,CSV
table_1,Unknown,,,,,literature_mined,10.17917,drs://nci-crdc.datacommons.io/dg.4DFC/8df1923e-83ff-50b5-850f-7ef52c572b8e,11337785,caNanoLab Data,CSV
table_1,Unknown,,,,,literature_mined,10.17917,drs://nci-crdc.datacommons.io/dg.4DFC/a693c65d-8833-5011-8fa9-bda25b36a85c,94568452,caNanoLab Data,CSV
table_1,Unknown,,,,,literature_mined,10.17917,drs://nci-crdc.datacommons.io/dg.4DFC/49a78706-d045-5da8-a64e-1d3601fb42e1,9142315,caNanoLab Data,CSV
table_1,Unknown,,,,,literature_mined,10.17917,drs://nci-crdc.datacommons.io/dg.4DFC/11aa9bfc-17c8-539a-8e20-ece88622d04b,79986692,caNanoLab Data,CSV
table_1,Unknown,,,,,literature_mined,10.17917,drs://nci-crdc.datacommons.io/dg.4DFC/5cec1e3c-c072-5931-9622-2d37d0f361d8,10780687,caNanoLab Data,CSV
table_1,Unknown,,,,,literature_mined,10.17917,drs://nci-crdc.datacommons.io/dg.4DFC/e7f846a6-2784-59d0-bcbc-ca41276e17b9,104693772,caNanoLab Data,CSV
table_1,Unknown,,,,,literature_mined,10.17917,drs://nci-crdc.datacommons.io/dg.4DFC/06b998de-599b-52ac-a5b5-d4ed901a910f,36601885,caNanoLab Data,CSV
table_1,Unknown,,,,,literature_mined,10.17917,drs://nci-crdc.datacommons.io/dg.4DFC/a699f7b5-8365-50a5-8fb8-9d8a7c3fb14b,9142318,caNanoLab Data,CSV
table_1,Unknown,,,,,literature_mined,10.17917,drs://nci-crdc.datacommons.io/dg.4DFC/30a971ba-11df-528d-97b4-232097121feb,51445769,caNanoLab Data,CSV
table_1,Unknown,,,,,literature_mined,10.17917,drs://nci-crdc.datacommons.io/dg.4DFC/a0690295-2894-5227-b0ba-a13043e4a592,9142319,caNanoLab Data,CSV
table_1,Unknown,,,,,literature_mined,10.17917,drs://nci-crdc.datacommons.io/dg.4DFC/11b0b3c3-cbfc-5919-b595-641dc636c1e1,9142306,caNanoLab Data,CSV
table_1,Unknown,,,,,literature_mined,10.17917,drs://nci-crdc.datacommons.io/dg.4DFC/bed842f1-ce85-5830-8a12-82ad43838734,61341698,caNanoLab Data,CSV
table_1,Unknown,,,,,literature_mined,10.17917,drs://nci-crdc.datacommons.io/dg.4DFC/87523907-308d-58a9-a83f-0badc4dd4f5c,27688965,caNanoLab Data,CSV
table_1,Unknown,,,,,literature_mined,10.17917,drs://nci-crdc.datacommons.io/dg.4DFC/43ba74d1-6748-5494-9a18-5938ddc2783c,20917507,caNanoLab Data,CSV
table_1,Unknown,,,,,literature_mined,10.17917,drs://nci-crdc.datacommons.io/dg.4DFC/5cf6771b-a981-5b8d-a6fb-7d23f9156c02,27688967,caNanoLab Data,CSV
table_1,Unknown,,,,,literature_mined,10.17917,drs://nci-crdc.datacommons.io/dg.4DFC/e20e37b4-8841-5492-82bd-8fa60b6ecdd5,72810498,caNanoLab Data,CSV
table_1,Unknown,,,,,literature_mined,10.17917,drs://nci-crdc.datacommons.io/dg.4DFC/258f3350-6792-57a3-8bc8-16cadc13c54a,9142290,caNanoLab Data,CSV
table_1,Unknown,,,,,literature_mined,10.17917,drs://nci-crdc.datacommons.io/dg.4DFC/5008c5bb-f431-5b44-be9f-9d41c563d76c,28835982,caNanoLab Data,CSV
table_1,Unknown,,,,,literature_mined,10.17917,drs://nci-crdc.datacommons.io/dg.4DFC/812f1a0c-4805-59fe-9b28-d63d78e2684c,41418753,caNanoLab Data,CSV
table_1,Unknown,,,,,literature_mined,10.17917,drs://nci-crdc.datacommons.io/dg.4DFC/abeb772a-caa4-5dc0-9042-ab31fc46620d,80838657,caNanoLab Data,CSV
table_1,Unknown,,,,,literature_mined,10.17917,drs://nci-crdc.datacommons.io/dg.4DFC/da084f4f-5e21-501c-a512-87d03996aa1b,28835849,caNanoLab Data,CSV
table_1,Unknown,,,,,literature_mined,10.17917,drs://nci-crdc.datacommons.io/dg.4DFC/7b24ff8a-1a07-5167-a087-ebdb4b98ed94,11337757,caNanoLab Data,CSV
table_1,Unknown,,,,,literature_mined,10.17917,drs://nci-crdc.datacommons.io/dg.4DFC/2588b55c-4604-5bb0-abb1-a55cd7a28221,81330179,caNanoLab Data,CSV
table_1,Unknown,,,,,literature_mined,10.17917,drs://nci-crdc.datacommons.io/dg.4DFC/fa288f44-d729-57d1-8036-2d0377600c42,9142273,caNanoLab Data,CSV
table_1,Unknown,,,,,literature_mined,10.17917,drs://nci-crdc.datacommons.io/dg.4DFC/43d2052b-7fbe-5326-a082-0a0c4c6745f1,88932357,caNanoLab Data,CSV
table_1,Unknown,,,,,literature_mined,10.17917,drs://nci-crdc.datacommons.io/dg.4DFC/74a6c6b1-2006-53ad-bda4-884412c0d41e,13041713,caNanoLab Data,CSV
table_1,Unknown,,,,,literature_mined,10.17917,drs://nci-crdc.datacommons.io/dg.4DFC/0bd7f088-5fa7-53d4-8dd4-a71971a945c1,101318662,caNanoLab Data,CSV
table_1,Unknown,,,,,literature_mined,10.17917,drs://nci-crdc.datacommons.io/dg.4DFC/dfbc75bf-0a95-5580-9c4c-a3ac68e06908,48431104,caNanoLab Data,CSV
table_1,Unknown,,,,,literature_mined,10.17917,drs://nci-crdc.datacommons.io/dg.4DFC/94a8af0d-95d2-595f-99ea-3f8e5a675f74,28835975,caNanoLab Data,CSV
table_1,Unknown,,,,,literature_mined,10.17917,drs://nci-crdc.datacommons.io/dg.4DFC/e5268b3e-c47c-5233-a144-f0ad7c8608d7,82083853,caNanoLab Data,CSV
table_1,Unknown,,,,,literature_mined,10.17917,drs://nci-crdc.datacommons.io/dg.4DFC/00abac1e-5c74-5b04-874e-62a344dd1bd6,9142310,caNanoLab Data,CSV
table_1,Unknown,,,,,literature_mined,10.17917,drs://nci-crdc.datacommons.io/dg.4DFC/30de76b0-b474-524f-b283-537e6bb6f5d2,29851670,caNanoLab Data,CSV
table_1,Unknown,,,,,literature_mined,10.17917,drs://nci-crdc.datacommons.io/dg.4DFC/687ae540-1ffe-5f28-8b49-c3a60b963a3e,6356997,caNanoLab Data,CSV
table_1,Unknown,,,,,literature_mined,10.17917,drs://nci-crdc.datacommons.io/dg.4DFC/a0696935-53ac-5caa-9b17-c3f477a70a86,9142292,caNanoLab Data,CSV
table_1,Unknown,,,,,literature_mined,10.17917,drs://nci-crdc.datacommons.io/dg.4DFC/faf5c7b9-dd02-552d-a37c-da7ca7b26397,82083851,caNanoLab Data,CSV
table_1,Unknown,,,,,literature_mined,10.17917,drs://nci-crdc.datacommons.io/dg.4DFC/2b64a84f-2956-50a0-acb4-b78f202f9de8,11337764,caNanoLab Data,CSV
table_1,Unknown,,,,,literature_mined,10.17917,drs://nci-crdc.datacommons.io/dg.4DFC/94d21640-157b-5503-8870-2e0b6c840064,11337784,caNanoLab Data,CSV
table_1,Unknown,,,,,literature_mined,10.17917,drs://nci-crdc.datacommons.io/dg.4DFC/30c0bba2-ade2-5d88-bc60-93a34bb5442f,51445770,caNanoLab Data,CSV
table_1,Unknown,,,,,literature_mined,10.17917,drs://nci-crdc.datacommons.io/dg.4DFC/1a93a91a-3013-5f92-87e8-82a5247a38da,86507521,caNanoLab Data,CSV
table_1,Unknown,,,,,literature_mined,10.17917,drs://nci-crdc.datacommons.io/dg.4DFC/fa53e767-10c1-52cb-a2c2-a891623a5284,9142304,caNanoLab Data,CSV
table_1,Unknown,,,,,literature_mined,10.17917,drs://nci-crdc.datacommons.io/dg.4DFC/7ae063a7-a197-59dc-9e93-69c980e334ef,10780712,caNanoLab Data,CSV
table_1,Unknown,,,,,literature_mined,10.17917,drs://nci-crdc.datacommons.io/dg.4DFC/fac73391-3f72-5464-84cd-9d1302ebc1e3,54820872,caNanoLab Data,CSV
table_1,Unknown,,,,,literature_mined,10.17917,drs://nci-crdc.datacommons.io/dg.4DFC/62a836ac-9b90-5568-ab81-0388d3fc11d9,9142289,caNanoLab Data,CSV
table_1,Unknown,,,,,literature_mined,10.17917,drs://nci-crdc.datacommons.io/dg.4DFC/a6b6d3f6-43dc-51b7-aab5-172f4f12f8ce,11337762,caNanoLab Data,CSV
table_1,Unknown,,,,,literature_mined,10.17917,drs://nci-crdc.datacommons.io/dg.4DFC/e7f7870a-4e8a-570d-befc-9d1e41b6976c,36601859,caNanoLab Data,CSV
table_1,Unknown,,,,,literature_mined,10.17917,drs://nci-crdc.datacommons.io/dg.4DFC/c1d06754-0689-51a2-8a35-870afa9f106f,11337776,caNanoLab Data,CSV
table_1,Unknown,,,,,literature_mined,10.17917,drs://nci-crdc.datacommons.io/dg.4DFC/25dd0581-ed39-56df-bd3b-86fe3501a737,11337771,caNanoLab Data,CSV
table_1,Unknown,,,,,literature_mined,10.17917,drs://nci-crdc.datacommons.io/dg.4DFC/8131a2f0-1044-5f9a-97ea-3054f0547aa9,53346305,caNanoLab Data,CSV
table_1,Unknown,,,,,literature_mined,10.17917,drs://nci-crdc.datacommons.io/dg.4DFC/5019c9f6-4d70-504b-93ed-dd75e9e3a2d0,53772288,caNanoLab Data,CSV
table_1,Unknown,,,,,literature_mined,10.17917,drs://nci-crdc.datacommons.io/dg.4DFC/1a9c2c21-3fb9-5a80-926a-1b71e7927d7f,62652418,caNanoLab Data,CSV
table_1,Unknown,,,,,literature_mined,10.17917,drs://nci-crdc.datacommons.io/dg.4DFC/eda7378b-67dd-5d91-8faf-7d7cccdc616b,104693786,caNanoLab Data,CSV
table_1,Unknown,,,,,literature_mined,10.17917,drs://nci-crdc.datacommons.io/dg.4DFC/8685559f-6839-5b17-96bd-266672df11e7,46006288,caNanoLab Data,CSV
table_1,Unknown,,,,,literature_mined,10.17917,drs://nci-crdc.datacommons.io/dg.4DFC/2a398ec9-ad87-55cb-882e-da3c2f55d17e,115900524,caNanoLab Data,CSV
table_1,Unknown,,,,,literature_mined,10.17917,drs://nci-crdc.datacommons.io/dg.4DFC/0b23abd7-7597-5875-8927-cb14d832b16f,29851672,caNanoLab Data,CSV
table_1,Unknown,,,,,literature_mined,10.17917,drs://nci-crdc.datacommons.io/dg.4DFC/1974a5f0-bec6-54bc-9574-48b0cdc944fc,28835860,caNanoLab Data,CSV
table_1,Unknown,,,,,literature_mined,10.17917,drs://nci-crdc.datacommons.io/dg.4DFC/8666755d-c07f-5ceb-87e8-3b68dd8606b2,11337767,caNanoLab Data,CSV
table_1,Unknown,,,,,literature_mined,10.17917,drs://nci-crdc.datacommons.io/dg.4DFC/d9c59f51-1525-594a-bc67-aef8dde1fcf0,6979586,caNanoLab Data,CSV
table_1,Unknown,,,,,literature_mined,10.17917,drs://nci-crdc.datacommons.io/dg.4DFC/f7cf5e70-959a-52aa-859b-a0fc474a0982,11337784,caNanoLab Data,CSV
table_1,Unknown,,,,,literature_mined,10.17917,drs://nci-crdc.datacommons.io/dg.4DFC/0b1f1fef-16e4-5f50-9472-e38a17921f72,115900456,caNanoLab Data,CSV
table_1,Unknown,,,,,literature_mined,10.17917,drs://nci-crdc.datacommons.io/dg.4DFC/6205f323-2527-55f2-94da-2b2180870c4f,33685518,caNanoLab Data,CSV
table_1,Unknown,,,,,literature_mined,10.17917,drs://nci-crdc.datacommons.io/dg.4DFC/110b40c5-d99c-53d2-b99b-5690821831f2,9142294,caNanoLab Data,CSV
table_1,Unknown,,,,,literature_mined,10.17917,drs://nci-crdc.datacommons.io/dg.4DFC/9408be0c-e7d8-5e33-b2f7-6c33c4ef37de,6979618,caNanoLab Data,CSV
table_1,Unknown,,,,,literature_mined,10.17917,drs://nci-crdc.datacommons.io/dg.4DFC/196593cc-0622-5dbe-909d-e796c797cb3f,Not Applicable,caNanoLab Data,CSV
table_1,Unknown,,,,,literature_mined,10.17917,drs://nci-crdc.datacommons.io/dg.4DFC/f7e50212-8b2f-5a32-ad1c-753d1f6e6731,79462408,caNanoLab Data,CSV
table_1,Unknown,,,,,literature_mined,10.17917,drs://nci-crdc.datacommons.io/dg.4DFC/f815e511-db74-52da-8236-2a9d6c4dcabd,47349780,caNanoLab Data,CSV
table_1,Unknown,,,,,literature_mined,10.17917,drs://nci-crdc.datacommons.io/dg.4DFC/2a51532d-cd25-531a-a22e-8e118f758252,28835874,caNanoLab Data,CSV
table_1,Unknown,,,,,literature_mined,10.17917,drs://nci-crdc.datacommons.io/dg.4DFC/cbfc5cb5-c210-5391-a59a-12a30b085d21,9142306,caNanoLab Data,CSV
table_1,Unknown,,,,,literature_mined,10.17917,drs://nci-crdc.datacommons.io/dg.4DFC/4f214c7a-a9b1-5c88-8390-6fded6d71003,13631489,caNanoLab Data,CSV
table_1,Unknown,,,,,literature_mined,10.17917,drs://nci-crdc.datacommons.io/dg.4DFC/b9c193ca-f606-5a6b-a0cf-a45dee510d66,28835881,caNanoLab Data,CSV
table_1,Unknown,,,,,literature_mined,10.17917,drs://nci-crdc.datacommons.io/dg.4DFC/5c57b63d-c036-5c06-b08a-d85d61fadcc5,79462408,caNanoLab Data,CSV
table_1,Unknown,,,,,literature_mined,10.17917,drs://nci-crdc.datacommons.io/dg.4DFC/0601c7ee-4490-51bd-b24d-af3fc694a5eb,4456450,caNanoLab Data,CSV
table_1,Unknown,,,,,literature_mined,10.17917,drs://nci-crdc.datacommons.io/dg.4DFC/a62452e0-aed3-535a-9221-981d9c873439,77365248,caNanoLab Data,CSV
table_1,Unknown,,,,,literature_mined,10.17917,drs://nci-crdc.datacommons.io/dg.4DFC/b5338d5e-45b9-5c9c-aeb3-8cb54cf66cd0,115900563,caNanoLab Data,CSV
table_1,Unknown,,,,,literature_mined,10.17917,drs://nci-crdc.datacommons.io/dg.4DFC/cca312c1-5506-51ba-a24d-ddbd730af72a,15368218,caNanoLab Data,CSV
table_1,Unknown,,,,,literature_mined,10.17917,drs://nci-crdc.datacommons.io/dg.4DFC/e837db64-957f-5314-ab00-8a81bbc223ef,87425025,caNanoLab Data,CSV
table_1,Unknown,,,,,literature_mined,10.17917,drs://nci-crdc.datacommons.io/dg.4DFC/81545cb1-39ef-50e8-9fff-a5a94e8c12a8,92471310,caNanoLab Data,CSV
table_1,Unknown,,,,,literature_mined,10.17917,drs://nci-crdc.datacommons.io/dg.4DFC/87c691b7-3498-5b36-a9e7-58f6c7883be5,57114631,caNanoLab Data,CSV
table_1,Unknown,,,,,literature_mined,10.17917,drs://nci-crdc.datacommons.io/dg.4DFC/56ecbd43-df05-5c25-bd8f-e58c3a45b8ac,9142273,caNanoLab Data,CSV
table_1,Unknown,,,,,literature_mined,10.17917,drs://nci-crdc.datacommons.io/dg.4DFC/faf9a661-3455-55e4-8faf-6ca6614cb502,15138827,caNanoLab Data,CSV
table_1,Unknown,,,,,literature_mined,10.17917,drs://nci-crdc.datacommons.io/dg.4DFC/62afcdb5-c45f-5390-b30c-1e2bd0553313,39124994,caNanoLab Data,CSV
table_1,Unknown,,,,,literature_mined,10.17917,drs://nci-crdc.datacommons.io/dg.4DFC/1ad71892-08b9-5160-83ea-f037cf97777f,11337754,caNanoLab Data,CSV
table_1,Unknown,,,,,literature_mined,10.17917,drs://nci-crdc.datacommons.io/dg.4DFC/2b829b22-d21f-54d7-80c2-01193365e4c2,41418755,caNanoLab Data,CSV
table_1,Unknown,,,,,literature_mined,10.17917,drs://nci-crdc.datacommons.io/dg.4DFC/e806081a-a282-524e-8fe2-9473253af017,9142291,caNanoLab Data,CSV
table_1,Unknown,,,,,literature_mined,10.17917,drs://nci-crdc.datacommons.io/dg.4DFC/b7980c73-e202-56b3-8509-a412889e8f12,28835918,caNanoLab Data,CSV
table_1,Unknown,,,,,literature_mined,10.17917,drs://nci-crdc.datacommons.io/dg.4DFC/2b8b96ff-8cd9-50e9-aba9-496e29472b6b,102465537,caNanoLab Data,CSV
table_1,Unknown,,,,,literature_mined,10.17917,drs://nci-crdc.datacommons.io/dg.4DFC/e22c25b0-7317-50f1-8aa8-f275fa75aa49,11337753,caNanoLab Data,CSV
table_1,Unknown,,,,,literature_mined,10.17917,drs://nci-crdc.datacommons.io/dg.4DFC/fb8b2a28-e0da-511c-8fec-94475475c955,49053703,caNanoLab Data,CSV
table_1,Unknown,,,,,literature_mined,10.17917,drs://nci-crdc.datacommons.io/dg.4DFC/8e70ca89-d878-5a63-9d8b-be8c674cd8a0,62652416,caNanoLab Data,CSV
table_1,Unknown,,,,,literature_mined,10.17917,drs://nci-crdc.datacommons.io/dg.4DFC/1b09f804-9f96-5192-a032-5a54ca783bc0,9142286,caNanoLab Data,CSV
table_1,Unknown,,,,,literature_mined,10.17917,drs://nci-crdc.datacommons.io/dg.4DFC/dfcfca53-a3fe-59ed-9513-b115d7d53f2e,115900590,caNanoLab Data,CSV
table_1,Unknown,,,,,literature_mined,10.17917,drs://nci-crdc.datacommons.io/dg.4DFC/da1befef-7979-52e0-9e39-444f54e72c8a,15368245,caNanoLab Data,CSV
table_1,Unknown,,,,,literature_mined,10.17917,drs://nci-crdc.datacommons.io/dg.4DFC/43fa3a69-fc4e-55b2-bb49-18f0f221f18d,13631488,caNanoLab Data,CSV
table_1,Unknown,,,,,literature_mined,10.17917,drs://nci-crdc.datacommons.io/dg.4DFC/68bddf05-c2e2-5ce6-9c43-54dfa246292e,31358982,caNanoLab Data,CSV
table_1,Unknown,,,,,literature_mined,10.17917,drs://nci-crdc.datacommons.io/dg.4DFC/94f9b31f-d6ff-58c2-9fce-f9e562997dd1,67862540,caNanoLab Data,CSV
table_1,Unknown,,,,,literature_mined,10.17917,drs://nci-crdc.datacommons.io/dg.4DFC/070b29c4-b575-52bb-82f1-6012d2be7b1b,67305472,caNanoLab Data,CSV
table_1,Unknown,,,,,literature_mined,10.17917,drs://nci-crdc.datacommons.io/dg.4DFC/00c59b8e-5001-51a1-bd32-c4d6088977a0,11337768,caNanoLab Data,CSV
table_1,Unknown,,,,,literature_mined,10.17917,drs://nci-crdc.datacommons.io/dg.4DFC/37c55ce5-d238-5276-af9e-e7ba7ebc68e2,11337762,caNanoLab Data,CSV
table_1,Unknown,,,,,literature_mined,10.17917,drs://nci-crdc.datacommons.io/dg.4DFC/5d12c385-be9d-5ad4-9c0f-617a3b228116,6979589,caNanoLab Data,CSV
table_1,Unknown,,,,,literature_mined,10.17917,drs://nci-crdc.datacommons.io/dg.4DFC/ac457121-e495-51ec-b17e-3f71de08516a,20917506,caNanoLab Data,CSV
table_1,Unknown,,,,,literature_mined,10.17917,drs://nci-crdc.datacommons.io/dg.4DFC/68e6f37f-166a-5409-ba51-4826a666eb1d,63864833,caNanoLab Data,CSV
table_1,Unknown,,,,,literature_mined,10.17917,drs://nci-crdc.datacommons.io/dg.4DFC/a7163a05-f206-5da2-85ac-2bcd24e92eb5,9142308,caNanoLab Data,CSV
table_1,Unknown,,,,,literature_mined,10.17917,drs://nci-crdc.datacommons.io/dg.4DFC/74f5de4e-6b60-5434-a052-0f87c7dc219b,13041745,caNanoLab Data,CSV
table_1,Unknown,,,,,literature_mined,10.17917,drs://nci-crdc.datacommons.io/dg.4DFC/b03e2e26-ab08-546a-bb55-4046e65b62d7,79462406,caNanoLab Data,CSV
table_1,Unknown,,,,,literature_mined,10.17917,drs://nci-crdc.datacommons.io/dg.4DFC/25f1ccb9-1c2b-5a73-aea1-e6110088436b,43745281,caNanoLab Data,CSV
table_1,Unknown,,,,,literature_mined,10.17917,drs://nci-crdc.datacommons.io/dg.4DFC/1b23b9a5-966c-52b9-948c-425dc1fd9540,82083841,caNanoLab Data,CSV
table_1,Unknown,,,,,literature_mined,10.17917,drs://nci-crdc.datacommons.io/dg.4DFC/ac5507de-4780-585c-bf0b-af3939ca93e0,9142312,caNanoLab Data,CSV
table_1,Unknown,,,,,literature_mined,10.17917,drs://nci-crdc.datacommons.io/dg.4DFC/070740f4-b448-5538-837d-304e25b748b9,10354689,caNanoLab Data,CSV
table_1,Unknown,,,,,literature_mined,10.17917,drs://nci-crdc.datacommons.io/dg.4DFC/fbf1d05e-af7d-5403-91b4-e2b4e1a9d4ce,9142280,caNanoLab Data,CSV
table_1,Unknown,,,,,literature_mined,10.17917,drs://nci-crdc.datacommons.io/dg.4DFC/ac8feb42-68ab-5e25-ba8e-050c390f5866,11337782,caNanoLab Data,CSV
table_1,Unknown,,,,,literature_mined,10.17917,drs://nci-crdc.datacommons.io/dg.4DFC/b306a8af-9760-5213-b178-c7b4c1414c17,15138824,caNanoLab Data,CSV
table_1,Unknown,,,,,literature_mined,10.17917,drs://nci-crdc.datacommons.io/dg.4DFC/62cf23e2-7130-52a9-a897-869997dd0f37,47349771,caNanoLab Data,CSV
table_1,Unknown,,,,,literature_mined,10.17917,drs://nci-crdc.datacommons.io/dg.4DFC/c1d8ce66-eb95-5eb4-ab4c-f937a60402e6,9142298,caNanoLab Data,CSV
table_1,Unknown,,,,,literature_mined,10.17917,drs://nci-crdc.datacommons.io/dg.4DFC/5d19d109-307f-5da2-bc71-941937075f57,11337768,caNanoLab Data,CSV
table_1,Unknown,,,,,literature_mined,10.17917,drs://nci-crdc.datacommons.io/dg.4DFC/0c3fc7a6-c6f5-5313-9471-64c1d9085283,9142313,caNanoLab Data,CSV
table_1,Unknown,,,,,literature_mined,10.17917,drs://nci-crdc.datacommons.io/dg.4DFC/e23a618e-b74f-5d71-83f6-b0c5249e325d,9142281,caNanoLab Data,CSV
table_1,Unknown,,,,,literature_mined,10.17917,drs://nci-crdc.datacommons.io/dg.4DFC/a0a13f5f-6d5f-5254-97af-dbc981fd7cff,10780736,caNanoLab Data,CSV
table_1,Unknown,,,,,literature_mined,10.17917,drs://nci-crdc.datacommons.io/dg.4DFC/5d133f20-3588-549c-bca8-3fb19e04d395,9994268,caNanoLab Data,CSV
table_1,Unknown,,,,,literature_mined,10.17917,drs://nci-crdc.datacommons.io/dg.4DFC/3781bd44-7b1f-54b8-8007-4fb987995c22,9142297,caNanoLab Data,CSV
table_1,Unknown,,,,,literature_mined,10.17917,drs://nci-crdc.datacommons.io/dg.4DFC/3dfadd36-8a03-5173-b878-b5643014260c,3735552,caNanoLab Data,CSV
table_1,Unknown,,,,,literature_mined,10.17917,drs://nci-crdc.datacommons.io/dg.4DFC/43e460d8-56de-570e-bdd3-3a0d5c8f2fe2,47349766,caNanoLab Data,CSV
table_1,Unknown,,,,,literature_mined,10.17917,drs://nci-crdc.datacommons.io/dg.4DFC/87b924e7-ada9-566e-82a5-f8084507ea73,11337750,caNanoLab Data,CSV
table_1,Unknown,,,,,literature_mined,10.17917,drs://nci-crdc.datacommons.io/dg.4DFC/a723ab78-c0b0-5ec6-93f6-1b0c9cc894af,94568453,caNanoLab Data,CSV
table_1,Unknown,,,,,literature_mined,10.17917,drs://nci-crdc.datacommons.io/dg.4DFC/edc3e55b-47b4-59c9-8399-c08dfd496df1,115900507,caNanoLab Data,CSV
table_1,Unknown,,,,,literature_mined,10.17917,drs://nci-crdc.datacommons.io/dg.4DFC/75090a63-7d0d-5b1e-984f-5d4e67a9d7db,13041775,caNanoLab Data,CSV
table_1,Unknown,,,,,literature_mined,10.17917,drs://nci-crdc.datacommons.io/dg.4DFC/25dd2d93-8f34-5363-a47d-effcbc030e0d,47349769,caNanoLab Data,CSV
table_1,Unknown,,,,,literature_mined,10.17917,drs://nci-crdc.datacommons.io/dg.4DFC/c6990dae-393c-5001-8846-5118088d0fad,49905666,caNanoLab Data,CSV
table_1,Unknown,,,,,literature_mined,10.17917,drs://nci-crdc.datacommons.io/dg.4DFC/cca427bc-c420-59ae-af8b-cd7ccad92fbc,80838657,caNanoLab Data,CSV
table_1,Unknown,,,,,literature_mined,10.17917,drs://nci-crdc.datacommons.io/dg.4DFC/fb54dff4-a64a-5706-a881-53a9d235990c,49905665,caNanoLab Data,CSV
table_1,Unknown,,,,,literature_mined,10.17917,drs://nci-crdc.datacommons.io/dg.4DFC/8152753b-5ba3-534c-b196-371218d8717b,26476549,caNanoLab Data,CSV
table_1,Unknown,,,,,literature_mined,10.17917,drs://nci-crdc.datacommons.io/dg.4DFC/56f439cc-8e55-5f56-ab01-2772e96b2a0c,20917507,caNanoLab Data,CSV
table_1,Unknown,,,,,literature_mined,10.17917,drs://nci-crdc.datacommons.io/dg.4DFC/5055ca18-361c-5ed6-af37-7c5a0c2574b5,4456449,caNanoLab Data,CSV
table_1,Unknown,,,,,literature_mined,10.17917,drs://nci-crdc.datacommons.io/dg.4DFC/0c606f2f-6173-52fc-af65-c8b7cf0f00b7,11337767,caNanoLab Data,CSV
table_1,Unknown,,,,,literature_mined,10.17917,drs://nci-crdc.datacommons.io/dg.4DFC/3102cb0d-5e74-5425-996e-6ce26a668980,103907328,caNanoLab Data,CSV
table_1,Unknown,,,,,literature_mined,10.17917,drs://nci-crdc.datacommons.io/dg.4DFC/edb6b6f6-2a5f-514e-b00f-8996606cc218,102465537,caNanoLab Data,CSV
table_1,Unknown,,,,,literature_mined,10.17917,drs://nci-crdc.datacommons.io/dg.4DFC/edb89eb6-a127-5bab-94c2-b5ef3585aa61,115900480,caNanoLab Data,CSV
table_1,Unknown,,,,,literature_mined,10.17917,drs://nci-crdc.datacommons.io/dg.4DFC/b7ac120a-85c2-5c76-8055-59f1e1e3ae15,88932358,caNanoLab Data,CSV
table_1,Unknown,,,,,literature_mined,10.17917,drs://nci-crdc.datacommons.io/dg.4DFC/8e5c3e52-137d-52e2-8c00-230c2b78ab00,11337784,caNanoLab Data,CSV
table_1,Unknown,,,,,literature_mined,10.17917,drs://nci-crdc.datacommons.io/dg.4DFC/fb8aa8cc-700c-522f-8ff9-509327a79987,9142302,caNanoLab Data,CSV
table_1,Unknown,,,,,literature_mined,10.17917,drs://nci-crdc.datacommons.io/dg.4DFC/7b53c267-c872-50d0-819e-0db251cf6d77,11337762,caNanoLab Data,CSV
table_1,Unknown,,,,,literature_mined,10.17917,drs://nci-crdc.datacommons.io/dg.4DFC/11fefb5e-3216-5015-bcf7-8fc6bdbb81c5,11337781,caNanoLab Data,CSV
table_1,Unknown,,,,,literature_mined,10.17917,drs://nci-crdc.datacommons.io/dg.4DFC/d4532a02-0e6a-51f5-b317-c4344beaaa06,103383047,caNanoLab Data,CSV
table_1,Unknown,,,,,literature_mined,10.17917,drs://nci-crdc.datacommons.io/dg.4DFC/cee4da5a-624f-5ccb-924d-2b43c6afeba4,82083849,caNanoLab Data,CSV
table_1,Unknown,,,,,literature_mined,10.17917,drs://nci-crdc.datacommons.io/dg.4DFC/312f4f76-a534-5995-83cd-1fe1ea01127b,9142282,caNanoLab Data,CSV
table_1,Unknown,,,,,literature_mined,10.17917,drs://nci-crdc.datacommons.io/dg.4DFC/e2589fc8-a35b-5470-a9e7-aa7637e52413,46006273,caNanoLab Data,CSV
table_1,Unknown,,,,,literature_mined,10.17917,drs://nci-crdc.datacommons.io/dg.4DFC/bef5acd5-a131-5cf6-b1a2-28a3b88266b6,9142275,caNanoLab Data,CSV
table_1,Unknown,,,,,literature_mined,10.17917,drs://nci-crdc.datacommons.io/dg.4DFC/070acb78-24f3-52fc-a236-3cea5b93a84a,55967751,caNanoLab Data,CSV
table_1,Unknown,,,,,literature_mined,10.17917,drs://nci-crdc.datacommons.io/dg.4DFC/b02d1eda-91ca-5483-9804-18b84e44b633,44302340,caNanoLab Data,CSV
table_1,Unknown,,,,,literature_mined,10.17917,drs://nci-crdc.datacommons.io/dg.4DFC/26139c39-e31b-5f88-bf8f-7dfa515ab837,34996235,caNanoLab Data,CSV
table_1,Unknown,,,,,literature_mined,10.17917,drs://nci-crdc.datacommons.io/dg.4DFC/fbddb0b4-8b36-55f2-91fc-5da165c84917,82083846,caNanoLab Data,CSV
table_1,Unknown,,,,,literature_mined,10.17917,drs://nci-crdc.datacommons.io/dg.4DFC/0c48294c-dc6d-5e10-a222-674b68ab302d,88932352,caNanoLab Data,CSV
table_1,Unknown,,,,,literature_mined,10.17917,drs://nci-crdc.datacommons.io/dg.4DFC/87bea5ec-ee34-5c4a-bada-86409082c240,69861378,caNanoLab Data,CSV
table_1,Unknown,,,,,literature_mined,10.17917,drs://nci-crdc.datacommons.io/dg.4DFC/d4640541-adb2-57bc-be7f-32a79b79f511,36601867,caNanoLab Data,CSV
table_1,Unknown,,,,,literature_mined,10.17917,drs://nci-crdc.datacommons.io/dg.4DFC/37835753-f96f-5c85-917a-11900fdd1e0e,13041772,caNanoLab Data,CSV
table_1,Unknown,,,,,literature_mined,10.17917,drs://nci-crdc.datacommons.io/dg.4DFC/3dcf66c0-755d-5e25-a0ab-4334b0d3290e,11337760,caNanoLab Data,CSV
table_1,Unknown,,,,,literature_mined,10.17917,drs://nci-crdc.datacommons.io/dg.4DFC/310bf55e-234c-50d9-b62d-663c7263937a,79462408,caNanoLab Data,CSV
table_1,Unknown,,,,,literature_mined,10.17917,drs://nci-crdc.datacommons.io/dg.4DFC/a6f926b4-8274-52c4-9353-8bebdfac56d6,9142310,caNanoLab Data,CSV
table_1,Unknown,,,,,literature_mined,10.17917,drs://nci-crdc.datacommons.io/dg.4DFC/a087eab8-6263-5cc8-99de-453cc165af35,79462403,caNanoLab Data,CSV
table_1,Unknown,,,,,literature_mined,10.17917,drs://nci-crdc.datacommons.io/dg.4DFC/bf01c62a-69af-5f95-8b01-22c1c16bba69,9142280,caNanoLab Data,CSV
table_1,Unknown,,,,,literature_mined,10.17917,drs://nci-crdc.datacommons.io/dg.4DFC/da13c457-4bf8-5113-9962-30f4cc646ede,9142295,caNanoLab Data,CSV
table_1,Unknown,,,,,literature_mined,10.17917,drs://nci-crdc.datacommons.io/dg.4DFC/a7005d71-66a4-565a-a857-2d9ef7935c4a,9142288,caNanoLab Data,CSV
table_1,Unknown,,,,,literature_mined,10.17917,drs://nci-crdc.datacommons.io/dg.4DFC/dfd8e9b8-081f-5376-a99a-235ca78481e4,108691456,caNanoLab Data,CSV
table_1,Unknown,,,,,literature_mined,10.17917,drs://nci-crdc.datacommons.io/dg.4DFC/87b3dd56-4b5b-5dcb-8eb6-8bbdafaf2395,9142317,caNanoLab Data,CSV
table_1,Unknown,,,,,literature_mined,10.17917,drs://nci-crdc.datacommons.io/dg.4DFC/3e08bc8a-6258-5ebd-88a9-e7a339164dcd,9142288,caNanoLab Data,CSV
table_1,Unknown,,,,,literature_mined,10.17917,drs://nci-crdc.datacommons.io/dg.4DFC/312ec460-0384-5330-b487-ff09836b117b,86507523,caNanoLab Data,CSV
table_1,Unknown,,,,,literature_mined,10.17917,drs://nci-crdc.datacommons.io/dg.4DFC/95002dbc-e7f4-51c3-8618-1238bf96fa92,28835972,caNanoLab Data,CSV
table_1,Unknown,,,,,literature_mined,10.17917,drs://nci-crdc.datacommons.io/dg.4DFC/87becd5c-2336-51cd-86f5-017ae178c4a7,115900506,caNanoLab Data,CSV
table_1,Unknown,,,,,literature_mined,10.17917,drs://nci-crdc.datacommons.io/dg.4DFC/e8298763-0680-5383-bb3a-421f973ff52d,13041733,caNanoLab Data,CSV
table_1,Unknown,,,,,literature_mined,10.17917,drs://nci-crdc.datacommons.io/dg.4DFC/8e6c80b8-c864-5510-91bd-1a5f85314e14,115900452,caNanoLab Data,CSV
table_1,Unknown,,,,,literature_mined,10.17917,drs://nci-crdc.datacommons.io/dg.4DFC/122510c3-9e69-57b0-9981-ecfe1cef915f,115900463,caNanoLab Data,CSV
table_1,Unknown,,,,,literature_mined,10.17917,drs://nci-crdc.datacommons.io/dg.4DFC/7b5a6bd1-1c2c-5266-b30e-b735b99466ef,115900519,caNanoLab Data,CSV
table_1,Unknown,,,,,literature_mined,10.17917,drs://nci-crdc.datacommons.io/dg.4DFC/11ffc0c3-55e3-5532-95e6-82ba8466d913,96075787,caNanoLab Data,CSV
table_1,Unknown,,,,,literature_mined,10.17917,drs://nci-crdc.datacommons.io/dg.4DFC/fb7df370-8c38-5ab3-933c-08756477e365,62652418,caNanoLab Data,CSV
table_1,Unknown,,,,,literature_mined,10.17917,drs://nci-crdc.datacommons.io/dg.4DFC/62ba623a-f59c-5003-a47a-ab519ac4bf16,69861395,caNanoLab Data,CSV
table_1,Unknown,,,,,literature_mined,10.17917,drs://nci-crdc.datacommons.io/dg.4DFC/a71b2687-ca39-5ae8-b8c0-479f982815e6,9142313,caNanoLab Data,CSV
table_1,Unknown,,,,,literature_mined,10.17917,drs://nci-crdc.datacommons.io/dg.4DFC/7b804e78-0d24-5e91-8f8e-31622cdb1c39,115900449,caNanoLab Data,CSV
table_1,Unknown,,,,,literature_mined,10.17917,drs://nci-crdc.datacommons.io/dg.4DFC/8e862990-6edc-5b9a-818f-269c4f12ff07,43155459,caNanoLab Data,CSV
table_1,Unknown,,,,,literature_mined,10.17917,drs://nci-crdc.datacommons.io/dg.4DFC/edd76658-a852-5ce8-8e2a-2cf4fbfc82ca,9142274,caNanoLab Data,CSV
table_1,Unknown,,,,,literature_mined,10.17917,drs://nci-crdc.datacommons.io/dg.4DFC/9512c38e-caac-5e2a-b0f5-97dbfd727e03,49053699,caNanoLab Data,CSV
table_1,Unknown,,,,,literature_mined,10.17917,drs://nci-crdc.datacommons.io/dg.4DFC/2622c140-208a-5c71-8480-d65044d63cb4,85622786,caNanoLab Data,CSV
table_1,Unknown,,,,,literature_mined,10.17917,drs://nci-crdc.datacommons.io/dg.4DFC/ac6a34ee-8cf9-519d-b336-6c7cee3d6ac8,80838657,caNanoLab Data,CSV
table_1,Unknown,,,,,literature_mined,10.17917,drs://nci-crdc.datacommons.io/dg.4DFC/68de3091-b16b-5e75-952d-4b74ca8f81be,33685511,caNanoLab Data,CSV
table_1,Unknown,,,,,literature_mined,10.17917,drs://nci-crdc.datacommons.io/dg.4DFC/754be3c3-0c63-5f52-a623-ab0f024b54f2,9142311,caNanoLab Data,CSV
table_1,Unknown,,,,,literature_mined,10.17917,drs://nci-crdc.datacommons.io/dg.4DFC/00da60df-819d-5282-819f-2f21bb97d04b,11337749,caNanoLab Data,CSV
table_1,Unknown,,,,,literature_mined,10.17917,drs://nci-crdc.datacommons.io/dg.4DFC/a0985dd5-0989-54d7-b2ab-b02e109c3bfb,11337770,caNanoLab Data,CSV
table_1,Unknown,,,,,literature_mined,10.17917,drs://nci-crdc.datacommons.io/dg.4DFC/87d12099-814f-52ce-a5af-1e0eea6a2e2a,9142305,caNanoLab Data,CSV
table_1,Unknown,,,,,literature_mined,10.17917,drs://nci-crdc.datacommons.io/dg.4DFC/120aa90d-c879-5903-b662-e82ea80ae64b,6979623,caNanoLab Data,CSV
table_1,Unknown,,,,,literature_mined,10.17917,drs://nci-crdc.datacommons.io/dg.4DFC/7b6807cc-53f7-52fc-95ec-d299f7761c89,36601885,caNanoLab Data,CSV
table_1,Unknown,,,,,literature_mined,10.17917,drs://nci-crdc.datacommons.io/dg.4DFC/8153c368-2619-53b1-a91d-bd7c6ab7d0d5,46006292,caNanoLab Data,CSV
table_1,Unknown,,,,,literature_mined,10.17917,drs://nci-crdc.datacommons.io/dg.4DFC/070e7e4f-1515-5d7b-b514-9f7cfc55d594,103383041,caNanoLab Data,CSV
table_1,Unknown,,,,,literature_mined,10.17917,drs://nci-crdc.datacommons.io/dg.4DFC/3dfb24f0-00d6-54ad-92e6-2635721303d2,9142290,caNanoLab Data,CSV
table_1,Unknown,,,,,literature_mined,10.17917,drs://nci-crdc.datacommons.io/dg.4DFC/0c4df3d3-6287-5137-b078-7e0917bfea84,9142285,caNanoLab Data,CSV
table_1,Unknown,,,,,literature_mined,10.17917,drs://nci-crdc.datacommons.io/dg.4DFC/37c18f3f-0258-589d-8da2-69aa241c5e6d,63864833,caNanoLab Data,CSV
table_1,Unknown,,,,,literature_mined,10.17917,drs://nci-crdc.datacommons.io/dg.4DFC/dcd72db9-32c3-5066-ac7c-86a7b33b01fd,58916871,caNanoLab Data,CSV
table_1,Unknown,,,,,literature_mined,10.17917,drs://nci-crdc.datacommons.io/dg.4DFC/509743b2-6636-57c1-90d5-4b04b415392e,28835849,caNanoLab Data,CSV
table_1,Unknown,,,,,literature_mined,10.17917,drs://nci-crdc.datacommons.io/dg.4DFC/d7a3605c-c3b4-58b4-b9bf-65a58fc19337,11337750,caNanoLab Data,CSV
table_1,Unknown,,,,,literature_mined,10.17917,drs://nci-crdc.datacommons.io/dg.4DFC/263d2e2d-7101-52cf-85fe-f25747811b82,11337770,caNanoLab Data,CSV
table_1,Unknown,,,,,literature_mined,10.17917,drs://nci-crdc.datacommons.io/dg.4DFC/d458ef7d-7528-50b9-9f42-8b7c5290c2c9,28835969,caNanoLab Data,CSV
table_1,Unknown,,,,,literature_mined,10.17917,drs://nci-crdc.datacommons.io/dg.4DFC/fbb7df5d-8428-5080-a4aa-eb7ba63f2950,36601871,caNanoLab Data,CSV
table_1,Unknown,,,,,literature_mined,10.17917,drs://nci-crdc.datacommons.io/dg.4DFC/5d3d3601-2e07-541d-a194-bb4daf57f89b,11337790,caNanoLab Data,CSV
table_1,Unknown,,,,,literature_mined,10.17917,drs://nci-crdc.datacommons.io/dg.4DFC/fb9bad7b-6871-5ac6-8849-d07dcce092c6,11337777,caNanoLab Data,CSV
table_1,Unknown,,,,,literature_mined,10.17917,drs://nci-crdc.datacommons.io/dg.4DFC/ac65cbfa-8dda-5f1f-84fd-5e1c10e57b1c,115900455,caNanoLab Data,CSV
table_1,Unknown,,,,,literature_mined,10.17917,drs://nci-crdc.datacommons.io/dg.4DFC/1aee0ac7-1a9f-5ce2-a836-44dd563678c1,57114636,caNanoLab Data,CSV
table_1,Unknown,,,,,literature_mined,10.17917,drs://nci-crdc.datacommons.io/dg.4DFC/509db88e-2e25-551c-b2eb-501aa4c6e1a4,82083842,caNanoLab Data,CSV
table_1,Unknown,,,,,literature_mined,10.17917,drs://nci-crdc.datacommons.io/dg.4DFC/1209bbee-0b6a-5b1e-9f96-9ef14b5c9c2a,9142317,caNanoLab Data,CSV
table_1,Unknown,,,,,literature_mined,10.17917,drs://nci-crdc.datacommons.io/dg.4DFC/508a098c-c7e0-5b77-bc34-7f550c163a14,103907328,caNanoLab Data,CSV
table_1,Unknown,,,,,literature_mined,10.17917,drs://nci-crdc.datacommons.io/dg.4DFC/62bcadf4-9038-5679-96cf-4333b034e19a,27688964,caNanoLab Data,CSV
table_1,Unknown,,,,,literature_mined,10.17917,drs://nci-crdc.datacommons.io/dg.4DFC/fbc4d2f7-dbfb-58ba-af58-911abd6eabbf,11337772,caNanoLab Data,CSV
table_1,Unknown,,,,,literature_mined,10.17917,drs://nci-crdc.datacommons.io/dg.4DFC/dfd7911f-e9a4-5e03-9a48-bb887eab5698,37191681,caNanoLab Data,CSV
table_1,Unknown,,,,,literature_mined,10.17917,drs://nci-crdc.datacommons.io/dg.4DFC/1b1a9fee-630e-56fd-b096-69657b6602b9,33161217,caNanoLab Data,CSV
table_1,Unknown,,,,,literature_mined,10.17917,drs://nci-crdc.datacommons.io/dg.4DFC/751e230f-75e5-52bb-be05-8a83e4895102,9142274,caNanoLab Data,CSV
table_1,Unknown,,,,,literature_mined,10.17917,drs://nci-crdc.datacommons.io/dg.4DFC/c98c8e78-b2d7-5e42-a009-436c7f9de90f,33685504,caNanoLab Data,CSV
table_1,Unknown,,,,,literature_mined,10.17917,drs://nci-crdc.datacommons.io/dg.4DFC/2b8e4f4b-f71d-505a-9d41-693af4135390,26476544,caNanoLab Data,CSV
table_1,Unknown,,,,,literature_mined,10.17917,drs://nci-crdc.datacommons.io/dg.4DFC/6f5ebb64-4b0e-5b36-b6f1-b15a7e442552,33685515,caNanoLab Data,CSV
table_1,Unknown,,,,,literature_mined,10.17917,drs://nci-crdc.datacommons.io/dg.4DFC/6f5fc9de-09e2-55a7-9ff0-ec1c5fb3f956,9142303,caNanoLab Data,CSV
table_1,Unknown,,,,,literature_mined,10.17917,drs://nci-crdc.datacommons.io/dg.4DFC/7550be08-8843-5d70-9a73-b70e3895fc36,101318656,caNanoLab Data,CSV
table_1,Unknown,,,,,literature_mined,10.17917,drs://nci-crdc.datacommons.io/dg.4DFC/ba217131-95d6-54eb-9d29-52606231dc7b,11337772,caNanoLab Data,CSV
table_1,Unknown,,,,,literature_mined,10.17917,drs://nci-crdc.datacommons.io/dg.4DFC/00d50d08-694c-5d41-81da-1092408071fa,115900446,caNanoLab Data,CSV
table_1,Unknown,,,,,literature_mined,10.17917,drs://nci-crdc.datacommons.io/dg.4DFC/beed0516-1396-54f1-9f72-871aad16a248,9142305,caNanoLab Data,CSV
table_1,Unknown,,,,,literature_mined,10.17917,drs://nci-crdc.datacommons.io/dg.4DFC/1addbc48-4ba7-560f-9dfe-ec7d62905bb4,89784320,caNanoLab Data,CSV
table_1,Unknown,,,,,literature_mined,10.17917,drs://nci-crdc.datacommons.io/dg.4DFC/87d52215-f971-5af0-aafe-9dc04a8f8076,6979607,caNanoLab Data,CSV
table_1,Unknown,,,,,literature_mined,10.17917,drs://nci-crdc.datacommons.io/dg.4DFC/814cafcd-4537-5d0c-bd53-399b2d528656,13041746,caNanoLab Data,CSV
table_1,Unknown,,,,,literature_mined,10.17917,drs://nci-crdc.datacommons.io/dg.4DFC/62b8d19c-7d10-50a1-b3be-21cf090ce5c3,115900504,caNanoLab Data,CSV
table_1,Unknown,,,,,literature_mined,10.17917,drs://nci-crdc.datacommons.io/dg.4DFC/ced3d186-ba8b-5e47-84fb-16c4f0ac7539,63864835,caNanoLab Data,CSV
table_1,Unknown,,,,,literature_mined,10.17917,drs://nci-crdc.datacommons.io/dg.4DFC/cc8b08d8-c628-5d27-8ac3-65075a85dc8b,69861379,caNanoLab Data,CSV
table_1,Unknown,,,,,literature_mined,10.17917,drs://nci-crdc.datacommons.io/dg.4DFC/504cce51-86e5-5a27-8940-cad48cd5b769,3735567,caNanoLab Data,CSV
table_1,Unknown,,,,,literature_mined,10.17917,drs://nci-crdc.datacommons.io/dg.4DFC/11fdaad0-3205-5580-a6e9-49ed20469b7a,11337766,caNanoLab Data,CSV
table_1,Unknown,,,,,literature_mined,10.17917,drs://nci-crdc.datacommons.io/dg.4DFC/7b574140-9328-5810-8403-d3b74e5ecd1c,29851668,caNanoLab Data,CSV
table_1,Unknown,,,,,literature_mined,10.17917,drs://nci-crdc.datacommons.io/dg.4DFC/1ae22481-d340-5685-bb72-e32aba9ca974,79462403,caNanoLab Data,CSV
table_1,Unknown,,,,,literature_mined,10.17917,drs://nci-crdc.datacommons.io/dg.4DFC/d7761a58-7481-50de-a880-008987bd7170,9142298,caNanoLab Data,CSV
table_1,Unknown,,,,,literature_mined,10.17917,drs://nci-crdc.datacommons.io/dg.4DFC/1adafac9-33da-581e-866a-738920115be4,9142300,caNanoLab Data,CSV
table_1,Unknown,,,,,literature_mined,10.17917,drs://nci-crdc.datacommons.io/dg.4DFC/ac3960ac-fa88-5b9b-975f-a17ddcb49623,62652417,caNanoLab Data,CSV
table_1,Unknown,,,,,literature_mined,10.17917,drs://nci-crdc.datacommons.io/dg.4DFC/fb0faed7-6b75-54c1-8837-b4fae791ac21,81330184,caNanoLab Data,CSV
table_1,Unknown,,,,,literature_mined,10.17917,drs://nci-crdc.datacommons.io/dg.4DFC/e5326745-53cd-5242-811d-d9d94c122b25,11337770,caNanoLab Data,CSV
table_1,Unknown,,,,,literature_mined,10.17917,drs://nci-crdc.datacommons.io/dg.4DFC/507b91ed-6a64-5039-9b8f-9e24d9f08a17,33161218,caNanoLab Data,CSV
table_1,Unknown,,,,,literature_mined,10.17917,drs://nci-crdc.datacommons.io/dg.4DFC/c1dad107-a8a6-5c21-a75a-7e7af67459b1,115900534,caNanoLab Data,CSV
table_1,Unknown,,,,,literature_mined,10.17917,drs://nci-crdc.datacommons.io/dg.4DFC/377f0633-21e1-5b69-8894-0433e122bf5a,72810501,caNanoLab Data,CSV
table_1,Unknown,,,,,literature_mined,10.17917,drs://nci-crdc.datacommons.io/dg.4DFC/a08218a9-aada-57ec-84e1-570401a13186,29851674,caNanoLab Data,CSV
table_1,Unknown,,,,,literature_mined,10.17917,drs://nci-crdc.datacommons.io/dg.4DFC/b2f9f1c9-848b-5633-8568-5ffdf19707c7,9142282,caNanoLab Data,CSV
table_1,Unknown,,,,,literature_mined,10.17917,drs://nci-crdc.datacommons.io/dg.4DFC/fb13ff20-7bcc-58f8-ab45-bd9d09587824,28835954,caNanoLab Data,CSV
table_1,Unknown,,,,,literature_mined,10.17917,drs://nci-crdc.datacommons.io/dg.4DFC/dcb91abe-7b7f-5ff7-b1b9-135a13c8efff,41418753,caNanoLab Data,CSV
table_1,Unknown,,,,,literature_mined,10.17917,drs://nci-crdc.datacommons.io/dg.4DFC/da0b7716-0433-5ffa-98e4-519b74b82919,49905668,caNanoLab Data,CSV
table_1,Unknown,,,,,literature_mined,10.17917,drs://nci-crdc.datacommons.io/dg.4DFC/3db4fb28-6ac4-5c66-9017-11403b3e39fe,90734593,caNanoLab Data,CSV
table_1,Unknown,,,,,literature_mined,10.17917,drs://nci-crdc.datacommons.io/dg.4DFC/a6f1b91c-44d4-5736-81e3-de15277daaa1,11337766,caNanoLab Data,CSV
table_1,Unknown,,,,,literature_mined,10.17917,drs://nci-crdc.datacommons.io/dg.4DFC/c6989f20-b1f0-5bfc-b7de-34ca743de648,9142304,caNanoLab Data,CSV
table_1,Unknown,,,,,literature_mined,10.17917,drs://nci-crdc.datacommons.io/dg.4DFC/c97ef7ba-4d70-5d5c-9918-2e53c8e7b315,15138816,caNanoLab Data,CSV
table_1,Unknown,,,,,literature_mined,10.17917,drs://nci-crdc.datacommons.io/dg.4DFC/c1dd6557-ac95-5bfa-8b63-3f06f23de347,9142308,caNanoLab Data,CSV
table_1,Unknown,,,,,literature_mined,10.17917,drs://nci-crdc.datacommons.io/dg.4DFC/6f6a1c7e-1dd7-5bf6-9348-ea51c372fc09,15368252,caNanoLab Data,CSV
table_1,Unknown,,,,,literature_mined,10.17917,drs://nci-crdc.datacommons.io/dg.4DFC/cedf16d5-571e-56ff-b2fc-d1d1ab54d2b4,82083847,caNanoLab Data,CSV
table_1,Unknown,,,,,literature_mined,10.17917,drs://nci-crdc.datacommons.io/dg.4DFC/fb7cfd4e-44ed-592a-9ebc-acf7dba3f3ec,10780674,caNanoLab Data,CSV
table_1,Unknown,,,,,literature_mined,10.17917,drs://nci-crdc.datacommons.io/dg.4DFC/9b0aa8e7-36c1-5e22-a6f4-0f270b82b6df,13041685,caNanoLab Data,CSV
table_1,Unknown,,,,,literature_mined,10.17917,drs://nci-crdc.datacommons.io/dg.4DFC/310ccb2b-7dd6-598b-b463-f98f75db55e1,27688962,caNanoLab Data,CSV
table_1,Unknown,,,,,literature_mined,10.17917,drs://nci-crdc.datacommons.io/dg.4DFC/fbe67f83-5600-5e29-8673-8862c600ab9a,9142301,caNanoLab Data,CSV
table_1,Unknown,,,,,literature_mined,10.17917,drs://nci-crdc.datacommons.io/dg.4DFC/57154004-b4a1-58eb-8813-39dcbbcdca86,9142283,caNanoLab Data,CSV
table_1,Unknown,,,,,literature_mined,10.17917,drs://nci-crdc.datacommons.io/dg.4DFC/0732d079-2f05-5545-93b6-1bb3bc124eca,13041771,caNanoLab Data,CSV
table_1,Unknown,,,,,literature_mined,10.17917,drs://nci-crdc.datacommons.io/dg.4DFC/c6be7a5b-ff67-569b-8c60-369250f1c875,9142302,caNanoLab Data,CSV
table_1,Unknown,,,,,literature_mined,10.17917,drs://nci-crdc.datacommons.io/dg.4DFC/6f576c10-3978-5b1d-84d7-89a1a5955732,101318665,caNanoLab Data,CSV
table_1,Unknown,,,,,literature_mined,10.17917,drs://nci-crdc.datacommons.io/dg.4DFC/0c3a0a23-7ab4-500f-8108-ae43da979fd8,11337765,caNanoLab Data,CSV
table_1,Unknown,,,,,literature_mined,10.17917,drs://nci-crdc.datacommons.io/dg.4DFC/43d603fe-d0fd-59a7-9f18-c9cdeaf4720d,82083845,caNanoLab Data,CSV
table_1,Unknown,,,,,literature_mined,10.17917,drs://nci-crdc.datacommons.io/dg.4DFC/25e87b31-11f8-5850-ba9f-1a7f93c19d02,77365249,caNanoLab Data,CSV
table_1,Unknown,,,,,literature_mined,10.17917,drs://nci-crdc.datacommons.io/dg.4DFC/56fba15d-04ad-51f1-95be-e6cc0e84e593,9142309,caNanoLab Data,CSV
table_1,Unknown,,,,,literature_mined,10.17917,drs://nci-crdc.datacommons.io/dg.4DFC/49f6880f-2a82-566a-8854-cc43ae938978,9142302,caNanoLab Data,CSV
table_1,Unknown,,,,,literature_mined,10.17917,drs://nci-crdc.datacommons.io/dg.4DFC/2baceeb6-701d-506e-bb77-e94f9a130350,51445770,caNanoLab Data,CSV
table_1,Unknown,,,,,literature_mined,10.17917,drs://nci-crdc.datacommons.io/dg.4DFC/6f543501-d0dc-50dd-83c9-3084aba5c533,20917507,caNanoLab Data,CSV
table_1,Unknown,,,,,literature_mined,10.17917,drs://nci-crdc.datacommons.io/dg.4DFC/fb17baec-389a-5eb4-b05a-c633fa751992,33685505,caNanoLab Data,CSV
table_1,Unknown,,,,,literature_mined,10.17917,drs://nci-crdc.datacommons.io/dg.4DFC/2619829d-129c-553a-9751-de657a479d4c,9142312,caNanoLab Data,CSV
table_1,Unknown,,,,,literature_mined,10.17917,drs://nci-crdc.datacommons.io/dg.4DFC/87e1d32c-82b5-5594-b112-049667b4d280,43745285,caNanoLab Data,CSV
table_1,Unknown,,,,,literature_mined,10.17917,drs://nci-crdc.datacommons.io/dg.4DFC/0c384a45-c0fa-506a-acdd-086a08c94db0,15368248,caNanoLab Data,CSV
table_1,Unknown,,,,,literature_mined,10.17917,drs://nci-crdc.datacommons.io/dg.4DFC/11eaee0e-d558-558e-91fc-447a8ecfb2aa,9142278,caNanoLab Data,CSV
table_1,Unknown,,,,,literature_mined,10.17917,drs://nci-crdc.datacommons.io/dg.4DFC/edb5eb55-f738-5324-8df2-e7e59970d356,80838656,caNanoLab Data,CSV
table_1,Unknown,,,,,literature_mined,10.17917,drs://nci-crdc.datacommons.io/dg.4DFC/8e4428cb-584b-5292-ae9f-b52b5af74d74,5111810,caNanoLab Data,CSV
table_1,Unknown,,,,,literature_mined,10.17917,drs://nci-crdc.datacommons.io/dg.4DFC/ac32f89a-2ffb-5323-8ef4-55b4b40c3415,115900520,caNanoLab Data,CSV
table_1,Unknown,,,,,literature_mined,10.17917,drs://nci-crdc.datacommons.io/dg.4DFC/25d38be7-68c5-5743-a7a7-252071f0c8ed,77365248,caNanoLab Data,CSV
table_1,Unknown,,,,,literature_mined,10.17917,drs://nci-crdc.datacommons.io/dg.4DFC/0c1b2b8c-e273-50e3-bcd7-dcde840b4247,28835842,caNanoLab Data,CSV
table_1,Unknown,,,,,literature_mined,10.17917,drs://nci-crdc.datacommons.io/dg.4DFC/49caced6-9051-51e3-8a39-0f9e64c2e23b,11337781,caNanoLab Data,CSV
table_1,Unknown,,,,,literature_mined,10.17917,drs://nci-crdc.datacommons.io/dg.4DFC/a6f0f34f-c985-5465-8516-c530d10be8c0,115900446,caNanoLab Data,CSV
table_1,Unknown,,,,,literature_mined,10.17917,drs://nci-crdc.datacommons.io/dg.4DFC/faee7435-7619-5ef1-9650-8b6c718d028a,9994268,caNanoLab Data,CSV
table_1,Unknown,,,,,literature_mined,10.17917,drs://nci-crdc.datacommons.io/dg.4DFC/c97c5906-e768-59b4-aef1-c1c1a698dc75,72810498,caNanoLab Data,CSV
table_1,Unknown,,,,,literature_mined,10.17917,drs://nci-crdc.datacommons.io/dg.4DFC/faeccb2d-0c8a-5f5b-9652-2aca80608cc6,29851673,caNanoLab Data,CSV
table_1,Unknown,,,,,literature_mined,10.17917,drs://nci-crdc.datacommons.io/dg.4DFC/5029206b-ebee-53d4-a0fb-20a5f75721e5,96075781,caNanoLab Data,CSV
table_1,Unknown,,,,,literature_mined,10.17917,drs://nci-crdc.datacommons.io/dg.4DFC/06e92ea9-e0f0-52bf-9098-a202f9478763,96075777,caNanoLab Data,CSV
table_1,Unknown,,,,,literature_mined,10.17917,drs://nci-crdc.datacommons.io/dg.4DFC/9b05a278-9929-57b8-a318-f6bf518f5f8d,6979620,caNanoLab Data,CSV
table_1,Unknown,,,,,literature_mined,10.17917,drs://nci-crdc.datacommons.io/dg.4DFC/bc3d23f4-b76a-59b0-bb3b-f204462a3005,87425032,caNanoLab Data,CSV
table_1,Unknown,,,,,literature_mined,10.17917,drs://nci-crdc.datacommons.io/dg.4DFC/b78ac2d8-bcb0-53ac-bc12-b0ed1c4416f0,9142274,caNanoLab Data,CSV
table_1,Unknown,,,,,literature_mined,10.17917,drs://nci-crdc.datacommons.io/dg.4DFC/d74b579c-c6ce-50ef-a38e-4e027bcde1fd,13041770,caNanoLab Data,CSV
table_1,Unknown,,,,,literature_mined,10.17917,drs://nci-crdc.datacommons.io/dg.4DFC/b2e43be5-8537-5035-8d61-8a50784df006,55967749,caNanoLab Data,CSV
table_1,Unknown,,,,,literature_mined,10.17917,drs://nci-crdc.datacommons.io/dg.4DFC/fae1b0da-1ed0-5086-a3ce-e52e2933efc2,9142295,caNanoLab Data,CSV
table_1,Unknown,,,,,literature_mined,10.17917,drs://nci-crdc.datacommons.io/dg.4DFC/5d016279-96ad-51be-b95d-a37bb5d16f5e,56623106,caNanoLab Data,CSV
table_1,Unknown,,,,,literature_mined,10.17917,drs://nci-crdc.datacommons.io/dg.4DFC/43cdfa11-fb62-5b84-bf31-afa818ecfb93,11337759,caNanoLab Data,CSV
table_1,Unknown,,,,,literature_mined,10.17917,drs://nci-crdc.datacommons.io/dg.4DFC/879c63b1-e955-5f2a-8427-9a8da7a6a2fe,9142298,caNanoLab Data,CSV
table_1,Unknown,,,,,literature_mined,10.17917,drs://nci-crdc.datacommons.io/dg.4DFC/3d9bbc3f-d3ee-5aec-b54b-0fc51d86cca6,11337767,caNanoLab Data,CSV
table_1,Unknown,,,,,literature_mined,10.17917,drs://nci-crdc.datacommons.io/dg.4DFC/30c68a3c-781d-5a66-9c5f-2c5420a8bedc,45416452,caNanoLab Data,CSV
table_1,Unknown,,,,,literature_mined,10.17917,drs://nci-crdc.datacommons.io/dg.4DFC/25c1abc7-8649-5709-ab92-cdf74e9be1d1,40566789,caNanoLab Data,CSV
table_1,Unknown,,,,,literature_mined,10.17917,drs://nci-crdc.datacommons.io/dg.4DFC/74dcb1aa-8857-5053-9fd9-098b654b5b84,11337749,caNanoLab Data,CSV
table_1,Unknown,,,,,literature_mined,10.17917,drs://nci-crdc.datacommons.io/dg.4DFC/bc3188fc-77b5-5000-82a5-0fff74f076cb,54820874,caNanoLab Data,CSV
table_1,Unknown,,,,,literature_mined,10.17917,drs://nci-crdc.datacommons.io/dg.4DFC/11cd51ef-31a9-58b0-a881-90bab207ec1e,9142284,caNanoLab Data,CSV
table_1,Unknown,,,,,literature_mined,10.17917,drs://nci-crdc.datacommons.io/dg.4DFC/5d0160a3-0341-5a6c-a5d4-174f98923e9e,82083846,caNanoLab Data,CSV
table_1,Unknown,,,,,literature_mined,10.17917,drs://nci-crdc.datacommons.io/dg.4DFC/fad17964-6ff8-59d7-957e-5ec4134980b1,36601863,caNanoLab Data,CSV
table_1,Unknown,,,,,literature_mined,10.17917,drs://nci-crdc.datacommons.io/dg.4DFC/d18aa114-5dc4-57de-8411-6d49ab3df38d,6979606,caNanoLab Data,CSV
table_1,Unknown,,,,,literature_mined,10.17917,drs://nci-crdc.datacommons.io/dg.4DFC/06e813ae-5186-5f71-b371-97ba6c5cc0c1,28835967,caNanoLab Data,CSV
table_1,Unknown,,,,,literature_mined,10.17917,drs://nci-crdc.datacommons.io/dg.4DFC/2b76e05e-1021-5e64-a344-c29f2be367be,39124996,caNanoLab Data,CSV
table_1,Unknown,,,,,literature_mined,10.17917,drs://nci-crdc.datacommons.io/dg.4DFC/3d99c06a-b7dd-56d2-aef8-993869c495a4,57933829,caNanoLab Data,CSV
table_1,Unknown,,,,,literature_mined,10.17917,drs://nci-crdc.datacommons.io/dg.4DFC/2b77e4e3-7d65-50a6-8d97-6e3cf01733ae,11337749,caNanoLab Data,CSV
table_1,Unknown,,,,,literature_mined,10.17917,drs://nci-crdc.datacommons.io/dg.4DFC/b565527c-c34c-5351-9b6e-41f428d6b214,5341184,caNanoLab Data,CSV
table_1,Unknown,,,,,literature_mined,10.17917,drs://nci-crdc.datacommons.io/dg.4DFC/ced1d099-4aa0-5c4c-9eee-1e34254de6f9,9142273,caNanoLab Data,CSV
table_1,Unknown,,,,,literature_mined,10.17917,drs://nci-crdc.datacommons.io/dg.4DFC/25add16d-b0f9-5f71-833e-f8c72aefe040,115900590,caNanoLab Data,CSV
table_1,Unknown,,,,,literature_mined,10.17917,drs://nci-crdc.datacommons.io/dg.4DFC/bed93aec-a08c-5c2c-bd7d-b9bd6f066243,90734593,caNanoLab Data,CSV
table_1,Unknown,,,,,literature_mined,10.17917,drs://nci-crdc.datacommons.io/dg.4DFC/43cbc014-c96d-5e7e-b96e-172e2b30e9e2,9142314,caNanoLab Data,CSV
table_1,Unknown,,,,,literature_mined,10.17917,drs://nci-crdc.datacommons.io/dg.4DFC/9afef9d2-d98f-505f-9667-1320647bc63e,15368228,caNanoLab Data,CSV
table_1,Unknown,,,,,literature_mined,10.17917,drs://nci-crdc.datacommons.io/dg.4DFC/8e33dd25-6284-5b16-88f8-1ca5f4517921,36601882,caNanoLab Data,CSV
table_1,Unknown,,,,,literature_mined,10.17917,drs://nci-crdc.datacommons.io/dg.4DFC/371d580c-8d15-53e9-86b8-802430fb6e04,115900443,caNanoLab Data,CSV
table_1,Unknown,,,,,literature_mined,10.17917,drs://nci-crdc.datacommons.io/dg.4DFC/cc86fbbf-bdee-5705-a044-7372a364410f,81330177,caNanoLab Data,CSV
table_1,Unknown,,,,,literature_mined,10.17917,drs://nci-crdc.datacommons.io/dg.4DFC/94cadb4e-260f-5b90-9f60-826d734b820f,79462403,caNanoLab Data,CSV
table_1,Unknown,,,,,literature_mined,10.17917,drs://nci-crdc.datacommons.io/dg.4DFC/ac219cdb-6dec-5623-8f8a-cd7477e49b7c,29851672,caNanoLab Data,CSV
table_1,Unknown,,,,,literature_mined,10.17917,drs://nci-crdc.datacommons.io/dg.4DFC/74d9974a-f9b9-5061-b0db-1f6c9e398267,115900500,caNanoLab Data,CSV
table_1,Unknown,,,,,literature_mined,10.17917,drs://nci-crdc.datacommons.io/dg.4DFC/faaa7fac-14b0-5ff3-bfd3-f5e8d6783e86,67305478,caNanoLab Data,CSV
table_1,Unknown,,,,,literature_mined,10.17917,drs://nci-crdc.datacommons.io/dg.4DFC/25a7f4e2-fa30-59cf-8799-b38cdb2cfce2,15138817,caNanoLab Data,CSV
table_1,Unknown,,,,,literature_mined,10.17917,drs://nci-crdc.datacommons.io/dg.4DFC/30c3b542-3c1b-5508-a623-f5274c7b1594,67305480,caNanoLab Data,CSV
table_1,Unknown,,,,,literature_mined,10.17917,drs://nci-crdc.datacommons.io/dg.4DFC/50237cf3-5539-5939-a11d-31feaed47207,3735558,caNanoLab Data,CSV
table_1,Unknown,,,,,literature_mined,10.17917,drs://nci-crdc.datacommons.io/dg.4DFC/ba0c0ecc-1adb-58bf-82b4-90ed75703b6c,55967747,caNanoLab Data,CSV
table_1,Unknown,,,,,literature_mined,10.17917,drs://nci-crdc.datacommons.io/dg.4DFC/faf20f22-869a-5983-be38-a28833ba3be4,9142295,caNanoLab Data,CSV
table_1,Unknown,,,,,literature_mined,10.17917,drs://nci-crdc.datacommons.io/dg.4DFC/d9f9bce4-9388-5fa0-ba1c-d375bcaa27a4,11337754,caNanoLab Data,CSV
table_1,Unknown,,,,,literature_mined,10.17917,drs://nci-crdc.datacommons.io/dg.4DFC/06d1d4ed-45f3-56bb-a468-039fe23890a2,15368257,caNanoLab Data,CSV
table_1,Unknown,,,,,literature_mined,10.17917,drs://nci-crdc.datacommons.io/dg.4DFC/faa2a37e-f70f-53e0-972f-f7460efdf01c,115900481,caNanoLab Data,CSV
table_1,Unknown,,,,,literature_mined,10.17917,drs://nci-crdc.datacommons.io/dg.4DFC/3d994cfb-fb9f-5202-b52e-9655919ade76,15368227,caNanoLab Data,CSV
table_1,Unknown,,,,,literature_mined,10.17917,drs://nci-crdc.datacommons.io/dg.4DFC/87b30d33-d459-53b5-a69b-29b94a114771,9142297,caNanoLab Data,CSV
table_1,Unknown,,,,,literature_mined,10.17917,drs://nci-crdc.datacommons.io/dg.4DFC/25d049c7-66cb-5e43-9b32-92002ac85974,115900590,caNanoLab Data,CSV
table_1,Unknown,,,,,literature_mined,10.17917,drs://nci-crdc.datacommons.io/dg.4DFC/7b1c016a-0722-5208-a92f-b8cfc0930253,115900446,caNanoLab Data,CSV
table_1,Unknown,,,,,literature_mined,10.17917,drs://nci-crdc.datacommons.io/dg.4DFC/56c473e8-515b-56bb-909f-397f0613ce9a,96075777,caNanoLab Data,CSV
table_1,Unknown,,,,,literature_mined,10.17917,drs://nci-crdc.datacommons.io/dg.4DFC/11c366bd-b4ce-5095-8417-6b7442b223d4,28835977,caNanoLab Data,CSV
table_1,Unknown,,,,,literature_mined,10.17917,drs://nci-crdc.datacommons.io/dg.4DFC/a070e438-70ee-54d6-bf86-38ae61edce02,11337754,caNanoLab Data,CSV
table_1,Unknown,,,,,literature_mined,10.17917,drs://nci-crdc.datacommons.io/dg.4DFC/e52b5f74-e486-54c2-b9e6-18b3f1d2db17,57114635,caNanoLab Data,CSV
table_1,Unknown,,,,,literature_mined,10.17917,drs://nci-crdc.datacommons.io/dg.4DFC/259cefd1-e098-5eae-91ac-6d22b76d9a92,9142314,caNanoLab Data,CSV
table_1,Unknown,,,,,literature_mined,10.17917,drs://nci-crdc.datacommons.io/dg.4DFC/fa978d13-4456-5992-b285-ae5cc17d6b75,28835987,caNanoLab Data,CSV
table_1,Unknown,,,,,literature_mined,10.17917,drs://nci-crdc.datacommons.io/dg.4DFC/8133bb37-763b-50f3-bf5c-58044c06f2f2,15138824,caNanoLab Data,CSV
table_1,Unknown,,,,,literature_mined,10.17917,drs://nci-crdc.datacommons.io/dg.4DFC/0be6b837-ff0b-5f0c-b37a-190d4aa78b2a,47349766,caNanoLab Data,CSV
table_1,Unknown,,,,,literature_mined,10.17917,drs://nci-crdc.datacommons.io/dg.4DFC/b2dd57e9-54bb-54eb-9cf1-c41fd7167cb5,15368222,caNanoLab Data,CSV
table_1,Unknown,,,,,literature_mined,10.17917,drs://nci-crdc.datacommons.io/dg.4DFC/501f57de-d355-5201-8187-3c2e8deda6b1,11337767,caNanoLab Data,CSV
table_1,Unknown,,,,,literature_mined,10.17917,drs://nci-crdc.datacommons.io/dg.4DFC/e213b97a-42cb-5bc8-82d3-55c942243a15,15138827,caNanoLab Data,CSV
table_1,Unknown,,,,,literature_mined,10.17917,drs://nci-crdc.datacommons.io/dg.4DFC/ac25fd72-a1bc-5ddc-a3b7-830fb5b55e7c,9142280,caNanoLab Data,CSV
table_1,Unknown,,,,,literature_mined,10.17917,drs://nci-crdc.datacommons.io/dg.4DFC/74c096c4-9e0b-5268-8796-b17943a92956,9142292,caNanoLab Data,CSV
table_1,Unknown,,,,,literature_mined,10.17917,drs://nci-crdc.datacommons.io/dg.4DFC/1aa93ffb-2eb1-52d4-9841-0085ef5e38b7,13041665,caNanoLab Data,CSV
table_1,Unknown,,,,,literature_mined,10.17917,drs://nci-crdc.datacommons.io/dg.4DFC/edaba7d7-ebe2-559f-ba31-b6177b64a508,20917507,caNanoLab Data,CSV
table_1,Unknown,,,,,literature_mined,10.17917,drs://nci-crdc.datacommons.io/dg.4DFC/8e382e89-fd4f-5cca-9070-5ac003abbee8,89784321,caNanoLab Data,CSV
table_1,Unknown,,,,,literature_mined,10.17917,drs://nci-crdc.datacommons.io/dg.4DFC/7addb2db-3dee-5c21-998f-f17c6216f95f,11337773,caNanoLab Data,CSV
table_1,Unknown,,,,,literature_mined,10.17917,drs://nci-crdc.datacommons.io/dg.4DFC/30b87cb0-5880-5b08-81ed-fb005ba5e38a,13041728,caNanoLab Data,CSV
table_1,Unknown,,,,,literature_mined,10.17917,drs://nci-crdc.datacommons.io/dg.4DFC/b77882f3-4ccd-5180-8366-550e24d3750a,47349770,caNanoLab Data,CSV
table_1,Unknown,,,,,literature_mined,10.17917,drs://nci-crdc.datacommons.io/dg.4DFC/fa276f06-4484-505a-bd05-2df51c37ccf5,9142290,caNanoLab Data,CSV
table_1,Unknown,,,,,literature_mined,10.17917,drs://nci-crdc.datacommons.io/dg.4DFC/e7f8b837-69ba-5dc4-a5ee-6cf762034441,96075796,caNanoLab Data,CSV
table_1,Unknown,,,,,literature_mined,10.17917,drs://nci-crdc.datacommons.io/dg.4DFC/dc9ff9a4-49f2-5541-8033-f3375b1a7afc,96763906,caNanoLab Data,CSV
table_1,Unknown,,,,,literature_mined,10.17917,drs://nci-crdc.datacommons.io/dg.4DFC/1ad4b257-95c1-5c2d-9036-6c7b3dbbf720,115900526,caNanoLab Data,CSV
table_1,Unknown,,,,,literature_mined,10.17917,drs://nci-crdc.datacommons.io/dg.4DFC/ba030ee8-d258-5926-a112-1ea50c6aa2dd,63864835,caNanoLab Data,CSV
table_1,Unknown,,,,,literature_mined,10.17917,drs://nci-crdc.datacommons.io/dg.4DFC/56a85070-d445-5ae3-97f9-bd7e5827976f,28835871,caNanoLab Data,CSV
table_1,Unknown,,,,,literature_mined,10.17917,drs://nci-crdc.datacommons.io/dg.4DFC/94e82a1e-e5a2-5444-92b7-99ccb9201d62,6979620,caNanoLab Data,CSV
table_1,Unknown,,,,,literature_mined,10.17917,drs://nci-crdc.datacommons.io/dg.4DFC/11aa8702-ef28-58b8-aaf7-5388db688067,9142303,caNanoLab Data,CSV
table_1,Unknown,,,,,literature_mined,10.17917,drs://nci-crdc.datacommons.io/dg.4DFC/370c3558-a304-500c-91f4-2f11b5d5a0f2,Not Applicable,caNanoLab Data,CSV
table_1,Unknown,,,,,literature_mined,10.17917,drs://nci-crdc.datacommons.io/dg.4DFC/563edac5-106f-5ae9-962d-c19b4ecdfdfe,96075777,caNanoLab Data,CSV
table_1,Unknown,,,,,literature_mined,10.17917,drs://nci-crdc.datacommons.io/dg.4DFC/7a9a4ca7-843e-553d-8290-5d08c6ed65e6,11337757,caNanoLab Data,CSV
table_1,Unknown,,,,,literature_mined,10.17917,drs://nci-crdc.datacommons.io/dg.4DFC/8d9275b4-f05d-5304-b54c-5b37828b2684,10780745,caNanoLab Data,CSV
table_1,Unknown,,,,,literature_mined,10.17917,drs://nci-crdc.datacommons.io/dg.4DFC/6ee3c749-51f0-5512-aa34-bb1b1387ceab,11337775,caNanoLab Data,CSV
table_1,Unknown,,,,,literature_mined,10.17917,drs://nci-crdc.datacommons.io/dg.4DFC/f99f7e7b-e66d-55c5-b769-82977ca9ce0e,11337761,caNanoLab Data,CSV
table_1,Unknown,,,,,literature_mined,10.17917,drs://nci-crdc.datacommons.io/dg.4DFC/d9d91f2b-d9f7-59fa-b805-af0f6ee43366,15138821,caNanoLab Data,CSV
table_1,Unknown,,,,,literature_mined,10.17917,drs://nci-crdc.datacommons.io/dg.4DFC/9aa9d980-d463-5902-b056-a68c22d41aed,13041716,caNanoLab Data,CSV
table_1,Unknown,,,,,literature_mined,10.17917,drs://nci-crdc.datacommons.io/dg.4DFC/a0419d57-7ce4-5f62-b168-bb468a447781,11337756,caNanoLab Data,CSV
table_1,Unknown,,,,,literature_mined,10.17917,drs://nci-crdc.datacommons.io/dg.4DFC/24fc84e2-7b84-5ef5-819b-b31b49b2aa03,96075779,caNanoLab Data,CSV
table_1,Unknown,,,,,literature_mined,10.17917,drs://nci-crdc.datacommons.io/dg.4DFC/d73122cc-f79e-5cc1-aac3-fe65b6e53ede,11337777,caNanoLab Data,CSV
table_1,Unknown,,,,,literature_mined,10.17917,drs://nci-crdc.datacommons.io/dg.4DFC/2ad7b68d-3a92-5c90-b450-1fab01ddebd0,49905668,caNanoLab Data,CSV
table_1,Unknown,,,,,literature_mined,10.17917,drs://nci-crdc.datacommons.io/dg.4DFC/86eb9994-3aff-517e-8092-3a599910c1c9,9142286,caNanoLab Data,CSV
table_1,Unknown,,,,,literature_mined,10.17917,drs://nci-crdc.datacommons.io/dg.4DFC/4337ed67-e58f-55eb-aa3b-211deaeeeef1,11337766,caNanoLab Data,CSV
table_1,Unknown,,,,,literature_mined,10.17917,drs://nci-crdc.datacommons.io/dg.4DFC/a00a3f3a-4247-5530-8995-316427125e09,47349771,caNanoLab Data,CSV
table_1,Unknown,,,,,literature_mined,10.17917,drs://nci-crdc.datacommons.io/dg.4DFC/e2002c62-82b1-5c8e-877e-936ac1d7624d,82083845,caNanoLab Data,CSV
table_1,Unknown,,,,,literature_mined,10.17917,drs://nci-crdc.datacommons.io/dg.4DFC/6ebd54a1-5ecf-5437-8c7c-f278c03c6463,81330180,caNanoLab Data,CSV
table_1,Unknown,,,,,literature_mined,10.17917,drs://nci-crdc.datacommons.io/dg.4DFC/94506450-2245-518a-9d35-bbad439b769c,88932368,caNanoLab Data,CSV
table_1,Unknown,,,,,literature_mined,10.17917,drs://nci-crdc.datacommons.io/dg.4DFC/f97bd0e7-c0ef-5e19-9436-b3fb7f19838c,16285698,caNanoLab Data,CSV
table_1,Unknown,,,,,literature_mined,10.17917,drs://nci-crdc.datacommons.io/dg.4DFC/3d28fed7-cecf-5c62-97ad-c3ee6617bbb6,70877189,caNanoLab Data,CSV
table_1,Unknown,,,,,literature_mined,10.17917,drs://nci-crdc.datacommons.io/dg.4DFC/24ef94b5-128b-5cf8-a18f-05c41f801a09,6979621,caNanoLab Data,CSV
table_1,Unknown,,,,,literature_mined,10.17917,drs://nci-crdc.datacommons.io/dg.4DFC/747bc44e-f64c-5bb3-96c1-3cedc15499aa,65765402,caNanoLab Data,CSV
table_1,Unknown,,,,,literature_mined,10.17917,drs://nci-crdc.datacommons.io/dg.4DFC/c1bbf47d-c033-512e-8e08-3c2f77f76c9d,11337762,caNanoLab Data,CSV
table_1,Unknown,,,,,literature_mined,10.17917,drs://nci-crdc.datacommons.io/dg.4DFC/f9384ebb-5514-5120-a261-0f8e1b181a0b,96075777,caNanoLab Data,CSV
table_1,Unknown,,,,,literature_mined,10.17917,drs://nci-crdc.datacommons.io/dg.4DFC/80ee66ed-b199-5f82-81c8-b119731dc008,27688962,caNanoLab Data,CSV
table_1,Unknown,,,,,literature_mined,10.17917,drs://nci-crdc.datacommons.io/dg.4DFC/746f3f59-6381-5da7-a875-ee766d99b966,11337787,caNanoLab Data,CSV
table_1,Unknown,,,,,literature_mined,10.17917,drs://nci-crdc.datacommons.io/dg.4DFC/1a2f96b5-fe6a-506d-9096-2c62bcc9b5c7,26476549,caNanoLab Data,CSV
table_1,Unknown,,,,,literature_mined,10.17917,drs://nci-crdc.datacommons.io/dg.4DFC/309b91ee-5716-5c62-90f0-79e1aabdacd1,16285696,caNanoLab Data,CSV
table_1,Unknown,,,,,literature_mined,10.17917,drs://nci-crdc.datacommons.io/dg.4DFC/e7e74083-9cfd-5638-ab67-a38ea856e531,13041711,caNanoLab Data,CSV
table_1,Unknown,,,,,literature_mined,10.17917,drs://nci-crdc.datacommons.io/dg.4DFC/cea069e9-360e-5bb2-b12b-12aa9bd5589b,49053702,caNanoLab Data,CSV
table_1,Unknown,,,,,literature_mined,10.17917,drs://nci-crdc.datacommons.io/dg.4DFC/b9f7c2ab-19a1-5a7a-9a42-53f73b4ba2f0,43745282,caNanoLab Data,CSV
table_1,Unknown,,,,,literature_mined,10.17917,drs://nci-crdc.datacommons.io/dg.4DFC/1a2c288b-2a39-5cc7-b537-86ad7e839e82,9994269,caNanoLab Data,CSV
table_1,Unknown,,,,,literature_mined,10.17917,drs://nci-crdc.datacommons.io/dg.4DFC/2b065fdb-5518-5df1-9048-c92273df6538,26476554,caNanoLab Data,CSV
table_1,Unknown,,,,,literature_mined,10.17917,drs://nci-crdc.datacommons.io/dg.4DFC/ed186620-a0f1-5bec-b88c-b2a0f4f9163b,9142273,caNanoLab Data,CSV
table_1,Unknown,,,,,literature_mined,10.17917,drs://nci-crdc.datacommons.io/dg.4DFC/307b93b6-c9c1-5a2c-bc50-1fa89340ba99,64618497,caNanoLab Data,CSV
table_1,Unknown,,,,,literature_mined,10.17917,drs://nci-crdc.datacommons.io/dg.4DFC/6ec7467f-3a44-50d4-93a6-475c16319ff8,11337756,caNanoLab Data,CSV
table_1,Unknown,,,,,literature_mined,10.17917,drs://nci-crdc.datacommons.io/dg.4DFC/117b3d04-d648-5cc0-b648-a91144f47522,11337753,caNanoLab Data,CSV
table_1,Unknown,,,,,literature_mined,10.17917,drs://nci-crdc.datacommons.io/dg.4DFC/1a34d6b0-d092-57ff-8781-e3e790eccd25,29851668,caNanoLab Data,CSV
table_1,Unknown,,,,,literature_mined,10.17917,drs://nci-crdc.datacommons.io/dg.4DFC/36cc9d75-5816-50c3-8f2e-7ab9534fd60f,115900598,caNanoLab Data,CSV
table_1,Unknown,,,,,literature_mined,10.17917,drs://nci-crdc.datacommons.io/dg.4DFC/b54732da-a009-558d-914d-177cb6e87bcd,9142293,caNanoLab Data,CSV
table_1,Unknown,,,,,literature_mined,10.17917,drs://nci-crdc.datacommons.io/dg.4DFC/aba7b60c-0ddd-5b95-8408-9dd389ff04d9,9142288,caNanoLab Data,CSV
table_1,Unknown,,,,,literature_mined,10.17917,drs://nci-crdc.datacommons.io/dg.4DFC/068f750b-713e-5e18-b166-793b09edc380,9142301,caNanoLab Data,CSV
table_1,Unknown,,,,,literature_mined,10.17917,drs://nci-crdc.datacommons.io/dg.4DFC/ed38eee2-4d6d-5f96-9f7e-a1e3008d44e1,5603328,caNanoLab Data,CSV
table_1,Unknown,,,,,literature_mined,10.17917,drs://nci-crdc.datacommons.io/dg.4DFC/5633a7b8-ac1d-54b2-8569-290288c06d56,36601859,caNanoLab Data,CSV
table_1,Unknown,,,,,literature_mined,10.17917,drs://nci-crdc.datacommons.io/dg.4DFC/a68b7124-8576-5337-9a77-d330e961ed06,67305472,caNanoLab Data,CSV
table_1,Unknown,,,,,literature_mined,10.17917,drs://nci-crdc.datacommons.io/dg.4DFC/abdd7b95-0bfb-5792-b3a9-ee7948c79f30,11337789,caNanoLab Data,CSV
table_1,Unknown,,,,,literature_mined,10.17917,drs://nci-crdc.datacommons.io/dg.4DFC/4346d2ac-8cbf-5d95-a7a2-5367cdebb435,11337785,caNanoLab Data,CSV
table_1,Unknown,,,,,literature_mined,10.17917,drs://nci-crdc.datacommons.io/dg.4DFC/f9209d16-8bbf-5242-b0cf-31a53c034390,28835965,caNanoLab Data,CSV
table_1,Unknown,,,,,literature_mined,10.17917,drs://nci-crdc.datacommons.io/dg.4DFC/b2bbe85d-7b32-5c4d-bf35-661a53bdcc10,36601870,caNanoLab Data,CSV
table_1,Unknown,,,,,literature_mined,10.17917,drs://nci-crdc.datacommons.io/dg.4DFC/811b36ac-82ff-5186-8ac6-08b1232b5a93,9142286,caNanoLab Data,CSV
table_1,Unknown,,,,,literature_mined,10.17917,drs://nci-crdc.datacommons.io/dg.4DFC/00322678-eccf-555b-9c4a-928b6fddb4d4,11337763,caNanoLab Data,CSV
table_1,Unknown,,,,,literature_mined,10.17917,drs://nci-crdc.datacommons.io/dg.4DFC/bec73a01-2323-5c53-b8c5-fed1a52f05a0,9142281,caNanoLab Data,CSV
table_1,Unknown,,,,,literature_mined,10.17917,drs://nci-crdc.datacommons.io/dg.4DFC/e7e6fe0b-c388-5b30-bb8a-4476dd479486,9142300,caNanoLab Data,CSV
table_1,Unknown,,,,,literature_mined,10.17917,drs://nci-crdc.datacommons.io/dg.4DFC/5ca4fb72-fd84-5cc3-8508-11c531eebdc8,29851672,caNanoLab Data,CSV
table_1,Unknown,,,,,literature_mined,10.17917,drs://nci-crdc.datacommons.io/dg.4DFC/c431862e-f2ab-552b-8531-0457e327bdd9,11337752,caNanoLab Data,CSV
table_1,Unknown,,,,,literature_mined,10.17917,drs://nci-crdc.datacommons.io/dg.4DFC/f9377984-2f01-56b7-bf6c-a383864792ad,96075785,caNanoLab Data,CSV
table_1,Unknown,,,,,literature_mined,10.17917,drs://nci-crdc.datacommons.io/dg.4DFC/d147ab57-280a-550c-a14c-66a0eb8c15c1,9994261,caNanoLab Data,CSV
table_1,Unknown,,,,,literature_mined,10.17917,drs://nci-crdc.datacommons.io/dg.4DFC/ed198e16-9304-51c4-8f43-391e1e14d5fc,63864834,caNanoLab Data,CSV
table_1,Unknown,,,,,literature_mined,10.17917,drs://nci-crdc.datacommons.io/dg.4DFC/26487bb6-f806-5ab3-ba23-01b2c4c62db2,9142282,caNanoLab Data,CSV
table_1,Unknown,,,,,literature_mined,10.17917,drs://nci-crdc.datacommons.io/dg.4DFC/440be804-b5a3-5571-bead-bacd01721d1c,26476554,caNanoLab Data,CSV
table_1,Unknown,,,,,literature_mined,10.17917,drs://nci-crdc.datacommons.io/dg.4DFC/1b28c8d5-6a12-5db9-8475-ddcee5eac3ee,11337769,caNanoLab Data,CSV
table_1,Unknown,,,,,literature_mined,10.17917,drs://nci-crdc.datacommons.io/dg.4DFC/9b29e196-0d08-5d61-9bfd-5d180418fef5,56623113,caNanoLab Data,CSV
table_1,Unknown,,,,,literature_mined,10.17917,drs://nci-crdc.datacommons.io/dg.4DFC/ede7d90a-d810-5032-a290-9252485f2974,115900551,caNanoLab Data,CSV
table_1,Unknown,,,,,literature_mined,10.17917,drs://nci-crdc.datacommons.io/dg.4DFC/ede67c76-96b6-5d74-8a20-9d98de709d32,9142275,caNanoLab Data,CSV
table_1,Unknown,,,,,literature_mined,10.17917,drs://nci-crdc.datacommons.io/dg.4DFC/6f69ea29-26e1-5970-a196-d3d518b3e656,67305481,caNanoLab Data,CSV
table_1,Unknown,,,,,literature_mined,10.17917,drs://nci-crdc.datacommons.io/dg.4DFC/8155df8b-42b9-539c-9525-dfa63c6df04f,79462402,caNanoLab Data,CSV
table_1,Unknown,,,,,literature_mined,10.17917,drs://nci-crdc.datacommons.io/dg.4DFC/264063fe-6edf-571e-80eb-6cc9bc7518f9,9142301,caNanoLab Data,CSV
table_1,Unknown,,,,,literature_mined,10.17917,drs://nci-crdc.datacommons.io/dg.4DFC/bc635391-c6cf-5194-9144-654015c0d721,11337762,caNanoLab Data,CSV
table_1,Unknown,,,,,literature_mined,10.17917,drs://nci-crdc.datacommons.io/dg.4DFC/62cd5853-8845-582b-ac02-308fa2c544ce,11337782,caNanoLab Data,CSV
table_1,Unknown,,,,,literature_mined,10.17917,drs://nci-crdc.datacommons.io/dg.4DFC/00db1c92-8056-525e-81d9-95b9750635eb,28835849,caNanoLab Data,CSV
table_1,Unknown,,,,,literature_mined,10.17917,drs://nci-crdc.datacommons.io/dg.4DFC/fbe3ae35-48e1-5f61-9868-390230f4af2a,57114634,caNanoLab Data,CSV
table_1,Unknown,,,,,literature_mined,10.17917,drs://nci-crdc.datacommons.io/dg.4DFC/4405d58f-defc-52d8-b338-6ca35bd856f5,26476546,caNanoLab Data,CSV
table_1,Unknown,,,,,literature_mined,10.17917,drs://nci-crdc.datacommons.io/dg.4DFC/072033d9-fec4-5891-8fd8-48b23926c026,13041736,caNanoLab Data,CSV
table_1,Unknown,,,,,literature_mined,10.17917,drs://nci-crdc.datacommons.io/dg.4DFC/9b27f04f-0c76-5a2d-889c-90edf8965434,11337762,caNanoLab Data,CSV
table_1,Unknown,,,,,literature_mined,10.17917,drs://nci-crdc.datacommons.io/dg.4DFC/b7b1f2f4-7e38-56fe-8020-22639f134d66,88932354,caNanoLab Data,CSV
table_1,Unknown,,,,,literature_mined,10.17917,drs://nci-crdc.datacommons.io/dg.4DFC/9520ff47-e30b-5195-a345-9b43668b4e58,101318662,caNanoLab Data,CSV
table_1,Unknown,,,,,literature_mined,10.17917,drs://nci-crdc.datacommons.io/dg.4DFC/e554590f-79c0-5aee-9565-f0ba999cdaa8,9142292,caNanoLab Data,CSV
table_1,Unknown,,,,,literature_mined,10.17917,drs://nci-crdc.datacommons.io/dg.4DFC/4a0849dd-7806-532e-858a-5b8af0b1498e,15368193,caNanoLab Data,CSV
table_1,Unknown,,,,,literature_mined,10.17917,drs://nci-crdc.datacommons.io/dg.4DFC/2b9e7257-f005-5e21-9190-ba2fc08fb499,47349766,caNanoLab Data,CSV
table_1,Unknown,,,,,literature_mined,10.17917,drs://nci-crdc.datacommons.io/dg.4DFC/b586dc70-b6df-59f2-b3d0-eb9233156b31,115900508,caNanoLab Data,CSV
table_1,Unknown,,,,,literature_mined,10.17917,drs://nci-crdc.datacommons.io/dg.4DFC/6f61750b-ab75-55e7-8ce1-b6c2bb43c142,43745281,caNanoLab Data,CSV
table_1,Unknown,,,,,literature_mined,10.17917,drs://nci-crdc.datacommons.io/dg.4DFC/95208b25-ac72-5013-bfb7-885015b53b4d,54820870,caNanoLab Data,CSV
table_1,Unknown,,,,,literature_mined,10.17917,drs://nci-crdc.datacommons.io/dg.4DFC/c45cc0ba-a47e-53d3-8306-fe3544849d0a,11337764,caNanoLab Data,CSV
table_1,Unknown,,,,,literature_mined,10.17917,drs://nci-crdc.datacommons.io/dg.4DFC/2631f908-1897-504f-8551-23401ebb4cc5,9142306,caNanoLab Data,CSV
table_1,Unknown,,,,,literature_mined,10.17917,drs://nci-crdc.datacommons.io/dg.4DFC/d174f110-fb2a-5fa5-8cc1-a2349526b8f5,9142286,caNanoLab Data,CSV
table_1,Unknown,,,,,literature_mined,10.17917,drs://nci-crdc.datacommons.io/dg.4DFC/628cf71a-af7e-5c7f-8df3-08b7e9331b9e,11337760,caNanoLab Data,CSV
table_1,Unknown,,,,,literature_mined,10.17917,drs://nci-crdc.datacommons.io/dg.4DFC/370c39a1-7aa2-5a1f-9618-1b8a294ed78d,53346305,caNanoLab Data,CSV
table_1,Unknown,,,,,literature_mined,10.17917,drs://nci-crdc.datacommons.io/dg.4DFC/94b94b0c-3074-5783-bdda-e9ea9417b280,115900512,caNanoLab Data,CSV
table_1,Unknown,,,,,literature_mined,10.17917,drs://nci-crdc.datacommons.io/dg.4DFC/94e79494-015e-57a5-b40f-be1b80a53f0d,115900503,caNanoLab Data,CSV
table_1,Unknown,,,,,literature_mined,10.17917,drs://nci-crdc.datacommons.io/dg.4DFC/c1cf257d-66c6-5d21-a8de-324551a2916b,9142310,caNanoLab Data,CSV
table_1,Unknown,,,,,literature_mined,10.17917,drs://nci-crdc.datacommons.io/dg.4DFC/fa07c124-f533-5886-b3b3-3c119725688c,11337762,caNanoLab Data,CSV
table_1,Unknown,,,,,literature_mined,10.17917,drs://nci-crdc.datacommons.io/dg.4DFC/30c21a97-f6f0-5d66-904b-0fd8f13c669c,33161222,caNanoLab Data,CSV
table_1,Unknown,,,,,literature_mined,10.17917,drs://nci-crdc.datacommons.io/dg.4DFC/8df1c70f-da4b-57a6-a50e-45a81263ad6e,11337762,caNanoLab Data,CSV
table_1,Unknown,,,,,literature_mined,10.17917,drs://nci-crdc.datacommons.io/dg.4DFC/2592453a-b88f-5127-b4ba-ada42dfaeca1,96075784,caNanoLab Data,CSV
table_1,Unknown,,,,,literature_mined,10.17917,drs://nci-crdc.datacommons.io/dg.4DFC/7b0137e6-ea55-5294-b809-50975f3ecf07,39124996,caNanoLab Data,CSV
table_1,Unknown,,,,,literature_mined,10.17917,drs://nci-crdc.datacommons.io/dg.4DFC/abfa3cb7-3cb6-507e-ab0d-6cea7a1298f1,26476555,caNanoLab Data,CSV
table_1,Unknown,,,,,literature_mined,10.17917,drs://nci-crdc.datacommons.io/dg.4DFC/94a23de5-5dc3-5b55-87b5-9f42486166ab,29851651,caNanoLab Data,CSV
table_1,Unknown,,,,,literature_mined,10.17917,drs://nci-crdc.datacommons.io/dg.4DFC/a07a527a-d974-5315-87f7-fc65f38e9614,10780741,caNanoLab Data,CSV
table_1,Unknown,,,,,literature_mined,10.17917,drs://nci-crdc.datacommons.io/dg.4DFC/6f0fa307-5012-52e6-95d4-03a1bcc42ba2,115900443,caNanoLab Data,CSV
table_1,Unknown,,,,,literature_mined,10.17917,drs://nci-crdc.datacommons.io/dg.4DFC/bc253720-d2dd-532d-8485-b4766d6e31fc,28835856,caNanoLab Data,CSV
table_1,Unknown,,,,,literature_mined,10.17917,drs://nci-crdc.datacommons.io/dg.4DFC/afbd7aab-52d1-58ba-8839-b86afd73fe65,11337778,caNanoLab Data,CSV
table_1,Unknown,,,,,literature_mined,10.17917,drs://nci-crdc.datacommons.io/dg.4DFC/f8028285-81f5-514c-9f00-7944b36e69b2,9142303,caNanoLab Data,CSV
table_1,Unknown,,,,,literature_mined,10.17917,drs://nci-crdc.datacommons.io/dg.4DFC/0b259597-5857-5f73-b2ac-04adfaa979a6,115900447,caNanoLab Data,CSV
table_1,Unknown,,,,,literature_mined,10.17917,drs://nci-crdc.datacommons.io/dg.4DFC/c655fcbd-cf43-5839-8889-1c89699ee76d,6979585,caNanoLab Data,CSV
table_1,Unknown,,,,,literature_mined,10.17917,drs://nci-crdc.datacommons.io/dg.4DFC/6e88784c-af45-53cb-a4a9-4b13bc8a32ac,10354694,caNanoLab Data,CSV
table_1,Unknown,,,,,literature_mined,10.17917,drs://nci-crdc.datacommons.io/dg.4DFC/2458a238-d81f-5961-b9c4-7fe3f0536f94,9142285,caNanoLab Data,CSV
table_1,Unknown,,,,,literature_mined,10.17917,drs://nci-crdc.datacommons.io/dg.4DFC/b73187e7-7a7e-5781-940c-111683c546f2,11337775,caNanoLab Data,CSV
table_1,Unknown,,,,,literature_mined,10.17917,drs://nci-crdc.datacommons.io/dg.4DFC/369003dc-ade1-5c44-8bb0-80b39c313e23,9142285,caNanoLab Data,CSV
table_1,Unknown,,,,,literature_mined,10.17917,drs://nci-crdc.datacommons.io/dg.4DFC/197ee08f-d330-5e5a-9d26-c96dc360c34e,13631488,caNanoLab Data,CSV
table_1,Unknown,,,,,literature_mined,10.17917,drs://nci-crdc.datacommons.io/dg.4DFC/7a39fd11-b361-58ff-a433-74c127f5eecf,9142304,caNanoLab Data,CSV
table_1,Unknown,,,,,literature_mined,10.17917,drs://nci-crdc.datacommons.io/dg.4DFC/80bc4120-8405-5d10-bd2f-d13c712b9b8d,28835872,caNanoLab Data,CSV
table_1,Unknown,,,,,literature_mined,10.17917,drs://nci-crdc.datacommons.io/dg.4DFC/e7b36371-ee24-54a2-a5aa-db2907b4d36a,115900498,caNanoLab Data,CSV
table_1,Unknown,,,,,literature_mined,10.17917,drs://nci-crdc.datacommons.io/dg.4DFC/867109e4-097d-5195-a9cc-1968875f241c,11337778,caNanoLab Data,CSV
table_1,Unknown,,,,,literature_mined,10.17917,drs://nci-crdc.datacommons.io/dg.4DFC/244d40ff-9eb4-55bd-9e54-549320934b7e,51445770,caNanoLab Data,CSV
table_1,Unknown,,,,,literature_mined,10.17917,drs://nci-crdc.datacommons.io/dg.4DFC/f7e12ec7-7b9d-56ff-b6ba-ae8f0f0376b1,6979614,caNanoLab Data,CSV
table_1,Unknown,,,,,literature_mined,10.17917,drs://nci-crdc.datacommons.io/dg.4DFC/19a140e3-75c5-5a89-bb27-e33f49b5fdb5,92471310,caNanoLab Data,CSV
table_1,Unknown,,,,,literature_mined,10.17917,drs://nci-crdc.datacommons.io/dg.4DFC/4f2430a6-a73e-53e0-9ea2-c3a485cfdef5,15368246,caNanoLab Data,CSV
table_1,Unknown,,,,,literature_mined,10.17917,drs://nci-crdc.datacommons.io/dg.4DFC/d6cb11a8-d822-57a9-a396-7baf9d667ec7,9142319,caNanoLab Data,CSV
table_1,Unknown,,,,,literature_mined,10.17917,drs://nci-crdc.datacommons.io/dg.4DFC/9a65785b-00e8-5f4b-9b0f-fb586f55eb73,15368257,caNanoLab Data,CSV
table_1,Unknown,,,,,literature_mined,10.17917,drs://nci-crdc.datacommons.io/dg.4DFC/ab59e073-1f35-5050-b05a-de7730f8794e,42008576,caNanoLab Data,CSV
table_1,Unknown,,,,,literature_mined,10.17917,drs://nci-crdc.datacommons.io/dg.4DFC/42d07a91-f5d9-5178-b898-793dc7eff395,48431112,caNanoLab Data,CSV
table_1,Unknown,,,,,literature_mined,10.17917,drs://nci-crdc.datacommons.io/dg.4DFC/7a335079-cbe5-5ede-a537-f82b8d45b84f,9142279,caNanoLab Data,CSV
table_1,Unknown,,,,,literature_mined,10.17917,drs://nci-crdc.datacommons.io/dg.4DFC/c19c0f4b-374b-5d31-a901-b0f6d70537f3,90243072,caNanoLab Data,CSV
table_1,Unknown,,,,,literature_mined,10.17917,drs://nci-crdc.datacommons.io/dg.4DFC/49050783-6726-5b8e-9106-764dcf92c3a4,9142281,caNanoLab Data,CSV
table_1,Unknown,,,,,literature_mined,10.17917,drs://nci-crdc.datacommons.io/dg.4DFC/93f528fd-067c-5b2f-b837-7b72b6961ad7,28835913,caNanoLab Data,CSV
table_1,Unknown,,,,,literature_mined,10.17917,drs://nci-crdc.datacommons.io/dg.4DFC/e4ae94ff-d73c-5bf9-a7bd-cfab2bf61c80,28835853,caNanoLab Data,CSV
table_1,Unknown,,,,,literature_mined,10.17917,drs://nci-crdc.datacommons.io/dg.4DFC/11248ef3-fa73-558b-9e89-d9a49df88dde,7471105,caNanoLab Data,CSV
table_1,Unknown,,,,,literature_mined,10.17917,drs://nci-crdc.datacommons.io/dg.4DFC/80aabf6f-ce86-534f-a1f7-8a942112ac7d,79462403,caNanoLab Data,CSV
table_1,Unknown,,,,,literature_mined,10.17917,drs://nci-crdc.datacommons.io/dg.4DFC/f7cdf475-0ce2-59d3-9ff1-f3823f87a40c,115900454,caNanoLab Data,CSV
table_1,Unknown,,,,,literature_mined,10.17917,drs://nci-crdc.datacommons.io/dg.4DFC/244c28b8-cb2e-5700-841d-f4ecb4c400fe,77365248,caNanoLab Data,CSV
table_1,Unknown,,,,,literature_mined,10.17917,drs://nci-crdc.datacommons.io/dg.4DFC/368a9ac5-d797-5d49-8bdc-4292a5191bbb,11337769,caNanoLab Data,CSV
table_1,Unknown,,,,,literature_mined,10.17917,drs://nci-crdc.datacommons.io/dg.4DFC/491d8c97-bcfa-54ee-930b-c582bb4f05f2,115900561,caNanoLab Data,CSV
table_1,Unknown,,,,,literature_mined,10.17917,drs://nci-crdc.datacommons.io/dg.4DFC/2a58831c-718d-55b7-924e-3b1e2f81157a,28835982,caNanoLab Data,CSV
table_1,Unknown,,,,,literature_mined,10.17917,drs://nci-crdc.datacommons.io/dg.4DFC/29f067cd-9e72-5024-8e81-bead70335619,9142288,caNanoLab Data,CSV
table_1,Unknown,,,,,literature_mined,10.17917,drs://nci-crdc.datacommons.io/dg.4DFC/29f00fbf-5a46-5a66-a3df-08ad515be532,28836001,caNanoLab Data,CSV
table_1,Unknown,,,,,literature_mined,10.17917,drs://nci-crdc.datacommons.io/dg.4DFC/24e46aae-4906-5ca5-9e72-a5eda767ecde,96075801,caNanoLab Data,CSV
table_1,Unknown,,,,,literature_mined,10.17917,drs://nci-crdc.datacommons.io/dg.4DFC/1a296060-ef63-5096-8b08-e2409d5e8d73,62652419,caNanoLab Data,CSV
table_1,Unknown,,,,,literature_mined,10.17917,drs://nci-crdc.datacommons.io/dg.4DFC/d7187a60-5645-56b8-8e29-b148c0c31167,12451845,caNanoLab Data,CSV
table_1,Unknown,,,,,literature_mined,10.17917,drs://nci-crdc.datacommons.io/dg.4DFC/0017b422-e37a-58d0-b132-745418e2d57a,9142306,caNanoLab Data,CSV
table_1,Unknown,,,,,literature_mined,10.17917,drs://nci-crdc.datacommons.io/dg.4DFC/8d77665d-8d4c-570c-af1d-d84fa43e4cfa,49053700,caNanoLab Data,CSV
table_1,Unknown,,,,,literature_mined,10.17917,drs://nci-crdc.datacommons.io/dg.4DFC/a66c0212-279e-5f08-9ec1-feaf8c91c3ad,115900549,caNanoLab Data,CSV
table_1,Unknown,,,,,literature_mined,10.17917,drs://nci-crdc.datacommons.io/dg.4DFC/1a208d57-1f8d-5bff-b07d-8faa6ade3c24,26476561,caNanoLab Data,CSV
table_1,Unknown,,,,,literature_mined,10.17917,drs://nci-crdc.datacommons.io/dg.4DFC/7a8588dc-ba3b-51df-9edc-76e317b4f32f,11337754,caNanoLab Data,CSV
table_1,Unknown,,,,,literature_mined,10.17917,drs://nci-crdc.datacommons.io/dg.4DFC/562cf000-62e1-59ef-b11a-3e71487be9fa,9142279,caNanoLab Data,CSV
table_1,Unknown,,,,,literature_mined,10.17917,drs://nci-crdc.datacommons.io/dg.4DFC/9a9d5404-600f-54ac-81eb-f67b38061ead,11337779,caNanoLab Data,CSV
table_1,Unknown,,,,,literature_mined,10.17917,drs://nci-crdc.datacommons.io/dg.4DFC/be9cdb5b-711b-5cfc-b488-f8a5d5a24c85,115900534,caNanoLab Data,CSV
table_1,Unknown,,,,,literature_mined,10.17917,drs://nci-crdc.datacommons.io/dg.4DFC/9ffafdb1-bf08-53d9-8a06-12458589d020,63864834,caNanoLab Data,CSV
table_1,Unknown,,,,,literature_mined,10.17917,drs://nci-crdc.datacommons.io/dg.4DFC/e4d04851-be2f-5b4f-8c97-0df7a81e0804,13041736,caNanoLab Data,CSV
table_1,Unknown,,,,,literature_mined,10.17917,drs://nci-crdc.datacommons.io/dg.4DFC/431a4be4-913b-5259-bf31-b46fcd63da00,115900525,caNanoLab Data,CSV
table_1,Unknown,,,,,literature_mined,10.17917,drs://nci-crdc.datacommons.io/dg.4DFC/0010b837-1dc3-581d-93d0-692ebd088c6e,36601880,caNanoLab Data,CSV
table_1,Unknown,,,,,literature_mined,10.17917,drs://nci-crdc.datacommons.io/dg.4DFC/bc05444b-63c6-5f18-b65e-b88a7ee929f0,16285697,caNanoLab Data,CSV
table_1,Unknown,,,,,literature_mined,10.17917,drs://nci-crdc.datacommons.io/dg.4DFC/3071a166-8c9f-58e4-8ff6-4e070cf8c4ed,101318665,caNanoLab Data,CSV
table_1,Unknown,,,,,literature_mined,10.17917,drs://nci-crdc.datacommons.io/dg.4DFC/ce910e0e-8850-563c-a15b-227744015e5d,11337754,caNanoLab Data,CSV
table_1,Unknown,,,,,literature_mined,10.17917,drs://nci-crdc.datacommons.io/dg.4DFC/3d1aa3b1-fba9-57d3-958b-88641272064b,77365249,caNanoLab Data,CSV
table_1,Unknown,,,,,literature_mined,10.17917,drs://nci-crdc.datacommons.io/dg.4DFC/a662bde3-00ec-59ea-94f6-a6ca276a0dc3,11337782,caNanoLab Data,CSV
table_1,Unknown,,,,,literature_mined,10.17917,drs://nci-crdc.datacommons.io/dg.4DFC/d417aea8-8b6d-5a93-8b9a-310bb9076b6f,87425032,caNanoLab Data,CSV
table_1,Unknown,,,,,literature_mined,10.17917,drs://nci-crdc.datacommons.io/dg.4DFC/0b5f4808-0e0e-5d64-b092-088589fefe9e,53772288,caNanoLab Data,CSV
table_1,Unknown,,,,,literature_mined,10.17917,drs://nci-crdc.datacommons.io/dg.4DFC/cc15b85d-8e01-559a-af06-306e6786ee10,88932362,caNanoLab Data,CSV
table_1,Unknown,,,,,literature_mined,10.17917,drs://nci-crdc.datacommons.io/dg.4DFC/e7d8903a-ede5-5997-a618-20f1a48b7aee,28835855,caNanoLab Data,CSV
table_1,Unknown,,,,,literature_mined,10.17917,drs://nci-crdc.datacommons.io/dg.4DFC/5c881d6c-0250-54eb-a8dc-739f1a93e3ca,9142292,caNanoLab Data,CSV
table_1,Unknown,,,,,literature_mined,10.17917,drs://nci-crdc.datacommons.io/dg.4DFC/e4c5b74f-f54d-5b7d-833c-698866f2c8b8,29851674,caNanoLab Data,CSV
table_1,Unknown,,,,,literature_mined,10.17917,drs://nci-crdc.datacommons.io/dg.4DFC/6837d7a3-938c-5192-a352-f4d36c085ab8,96075779,caNanoLab Data,CSV
table_1,Unknown,,,,,literature_mined,10.17917,drs://nci-crdc.datacommons.io/dg.4DFC/8d69b498-4fc3-51a1-8a4a-1cf767c9e6c3,82083842,caNanoLab Data,CSV
table_1,Unknown,,,,,literature_mined,10.17917,drs://nci-crdc.datacommons.io/dg.4DFC/00100f14-7240-53f1-ab52-d7e443a8cd04,29851667,caNanoLab Data,CSV
table_1,Unknown,,,,,literature_mined,10.17917,drs://nci-crdc.datacommons.io/dg.4DFC/7a811ab9-76a0-52a2-836f-62f272134f2d,15368246,caNanoLab Data,CSV
table_1,Unknown,,,,,literature_mined,10.17917,drs://nci-crdc.datacommons.io/dg.4DFC/f8b5524a-79ef-5854-b435-c0c1a1f3a15c,6356999,caNanoLab Data,CSV
table_1,Unknown,,,,,literature_mined,10.17917,drs://nci-crdc.datacommons.io/dg.4DFC/306efb2a-8337-5d2c-aea6-d5d694c21fd6,46006290,caNanoLab Data,CSV
table_1,Unknown,,,,,literature_mined,10.17917,drs://nci-crdc.datacommons.io/dg.4DFC/1a1438d0-bfbc-589c-8a51-9f045aa5bd8b,6979621,caNanoLab Data,CSV
table_1,Unknown,,,,,literature_mined,10.17917,drs://nci-crdc.datacommons.io/dg.4DFC/afe1bdaa-0526-53fa-be62-83452c43e1a3,115900498,caNanoLab Data,CSV
table_1,Unknown,,,,,literature_mined,10.17917,drs://nci-crdc.datacommons.io/dg.4DFC/2a9e35de-e8b8-5bf8-be64-dbe8261646a5,53346305,caNanoLab Data,CSV
table_1,Unknown,,,,,literature_mined,10.17917,drs://nci-crdc.datacommons.io/dg.4DFC/24d4f7be-1416-5e10-9587-4c1dbea14399,9142316,caNanoLab Data,CSV
table_1,Unknown,,,,,literature_mined,10.17917,drs://nci-crdc.datacommons.io/dg.4DFC/8d62f9ba-5f65-5795-9338-53f9418ec121,85491712,caNanoLab Data,CSV
table_1,Unknown,,,,,literature_mined,10.17917,drs://nci-crdc.datacommons.io/dg.4DFC/745842e5-bc34-560e-91ce-5411fd3741d7,12451856,caNanoLab Data,CSV
table_1,Unknown,,,,,literature_mined,10.17917,drs://nci-crdc.datacommons.io/dg.4DFC/36a5fb58-74b8-5f86-bfca-f91527a249f3,77365250,caNanoLab Data,CSV
table_1,Unknown,,,,,literature_mined,10.17917,drs://nci-crdc.datacommons.io/dg.4DFC/a6713e47-c9d4-54fc-8d2c-3aca9052ad37,65765398,caNanoLab Data,CSV
table_1,Unknown,,,,,literature_mined,10.17917,drs://nci-crdc.datacommons.io/dg.4DFC/dc74b4a5-0d1a-5e57-9ab2-e1ca5202f573,54820870,caNanoLab Data,CSV
table_1,Unknown,,,,,literature_mined,10.17917,drs://nci-crdc.datacommons.io/dg.4DFC/86dc562d-3c70-5be0-b407-fdbe34a5b9cb,9142311,caNanoLab Data,CSV
table_1,Unknown,,,,,literature_mined,10.17917,drs://nci-crdc.datacommons.io/dg.4DFC/622bc3c8-f996-52d1-8e3d-3b523bd8cad8,56623113,caNanoLab Data,CSV
table_1,Unknown,,,,,literature_mined,10.17917,drs://nci-crdc.datacommons.io/dg.4DFC/4f58e673-68ec-5be5-8055-21dbe18d33f0,15368218,caNanoLab Data,CSV
table_1,Unknown,,,,,literature_mined,10.17917,drs://nci-crdc.datacommons.io/dg.4DFC/c1a59efd-29de-52c1-9ef5-c8d462ea1a9d,9142277,caNanoLab Data,CSV
table_1,Unknown,,,,,literature_mined,10.17917,drs://nci-crdc.datacommons.io/dg.4DFC/3ce7ffe7-a75e-5754-b027-ae70b4ad8b71,39124997,caNanoLab Data,CSV
table_1,Unknown,,,,,literature_mined,10.17917,drs://nci-crdc.datacommons.io/dg.4DFC/24ccf851-1ee9-5a76-a9f4-13b3cb59707f,115900500,caNanoLab Data,CSV
table_1,Unknown,,,,,literature_mined,10.17917,drs://nci-crdc.datacommons.io/dg.4DFC/c40c5f38-fcfd-5fee-82c7-76fbe4904fb1,101318656,caNanoLab Data,CSV
table_1,Unknown,,,,,literature_mined,10.17917,drs://nci-crdc.datacommons.io/dg.4DFC/064e9e95-8539-5ea1-8d17-1998db6ea14c,9142276,caNanoLab Data,CSV
table_1,Unknown,,,,,literature_mined,10.17917,drs://nci-crdc.datacommons.io/dg.4DFC/2a816989-f423-556e-8288-d36431b489e6,35487748,caNanoLab Data,CSV
table_1,Unknown,,,,,literature_mined,10.17917,drs://nci-crdc.datacommons.io/dg.4DFC/494d65c0-1718-52c1-803d-d1b04c3ff800,9142315,caNanoLab Data,CSV
table_1,Unknown,,,,,literature_mined,10.17917,drs://nci-crdc.datacommons.io/dg.4DFC/560b2142-8485-597e-a609-a9d5d8438dd7,11337773,caNanoLab Data,CSV
table_1,Unknown,,,,,literature_mined,10.17917,drs://nci-crdc.datacommons.io/dg.4DFC/113a556d-e832-5352-83db-851f1ae20a35,6979622,caNanoLab Data,CSV
table_1,Unknown,,,,,literature_mined,10.17917,drs://nci-crdc.datacommons.io/dg.4DFC/d70c6924-0887-5421-a047-d83504cc0b75,115900476,caNanoLab Data,CSV
table_1,Unknown,,,,,literature_mined,10.17917,drs://nci-crdc.datacommons.io/dg.4DFC/19ee1acd-c814-5abd-bd41-22298164daf0,9142287,caNanoLab Data,CSV
table_1,Unknown,,,,,literature_mined,10.17917,drs://nci-crdc.datacommons.io/dg.4DFC/df86b84d-d005-5e5c-8f70-cda1362e60c2,63864834,caNanoLab Data,CSV
table_1,Unknown,,,,,literature_mined,10.17917,drs://nci-crdc.datacommons.io/dg.4DFC/7a8398d8-1c30-5922-bd1a-20b8c49f9d89,11337767,caNanoLab Data,CSV
table_1,Unknown,,,,,literature_mined,10.17917,drs://nci-crdc.datacommons.io/dg.4DFC/9fede71f-5eb6-5fea-ae84-a6890a416d2b,9142276,caNanoLab Data,CSV
table_1,Unknown,,,,,literature_mined,10.17917,drs://nci-crdc.datacommons.io/dg.4DFC/ecc88cec-9a82-5849-b040-1af1f8808c1b,115900503,caNanoLab Data,CSV
table_1,Unknown,,,,,literature_mined,10.17917,drs://nci-crdc.datacommons.io/dg.4DFC/2568ccc2-c10d-5f91-a98f-ba8016a8c005,40566789,caNanoLab Data,CSV
table_1,Unknown,,,,,literature_mined,10.17917,drs://nci-crdc.datacommons.io/dg.4DFC/b2d0235c-d7a6-5145-8c7f-b9ccdbf6d79b,96075804,caNanoLab Data,CSV
table_1,Unknown,,,,,literature_mined,10.17917,drs://nci-crdc.datacommons.io/dg.4DFC/4380b5d7-c32d-5de3-9d65-ed7deb44c33d,11337770,caNanoLab Data,CSV
table_1,Unknown,,,,,literature_mined,10.17917,drs://nci-crdc.datacommons.io/dg.4DFC/6effb9dd-dd39-5fef-af21-f4bdf0a55e9d,12451852,caNanoLab Data,CSV
table_1,Unknown,,,,,literature_mined,10.17917,drs://nci-crdc.datacommons.io/dg.4DFC/687192a8-b9df-50aa-a070-3685e1d56800,9142278,caNanoLab Data,CSV
table_1,Unknown,,,,,literature_mined,10.17917,drs://nci-crdc.datacommons.io/dg.4DFC/cc56beff-cf61-5e11-b295-e8a1bf07b390,55967749,caNanoLab Data,CSV
table_1,Unknown,,,,,literature_mined,10.17917,drs://nci-crdc.datacommons.io/dg.4DFC/ed736d80-a69a-5621-9711-ba3dfd6b90cd,13041712,caNanoLab Data,CSV
table_1,Unknown,,,,,literature_mined,10.17917,drs://nci-crdc.datacommons.io/dg.4DFC/2b498f89-5c83-53fb-a5b3-76688d3f6a65,88932360,caNanoLab Data,CSV
table_1,Unknown,,,,,literature_mined,10.17917,drs://nci-crdc.datacommons.io/dg.4DFC/8dc9c410-44d5-5394-ae93-ed03039c6158,11337788,caNanoLab Data,CSV
table_1,Unknown,,,,,literature_mined,10.17917,drs://nci-crdc.datacommons.io/dg.4DFC/4ff9c571-2f28-52fb-a6f6-007736fd031c,15368258,caNanoLab Data,CSV
table_1,Unknown,,,,,literature_mined,10.17917,drs://nci-crdc.datacommons.io/dg.4DFC/2564be04-9138-5e35-8efc-ec09a1b6196e,36601862,caNanoLab Data,CSV
table_1,Unknown,,,,,literature_mined,10.17917,drs://nci-crdc.datacommons.io/dg.4DFC/56545f2c-fd2b-5d64-b490-c4c4879bce5e,36601858,caNanoLab Data,CSV
table_1,Unknown,,,,,literature_mined,10.17917,drs://nci-crdc.datacommons.io/dg.4DFC/1a6305a0-9bd5-502a-9a80-22ab14b88382,28835985,caNanoLab Data,CSV
table_1,Unknown,,,,,literature_mined,10.17917,drs://nci-crdc.datacommons.io/dg.4DFC/a05f63aa-d5eb-5802-9c41-659d5c5332d0,9142306,caNanoLab Data,CSV
table_1,Unknown,,,,,literature_mined,10.17917,drs://nci-crdc.datacommons.io/dg.4DFC/d1670514-0cc5-570d-98a7-e3e3b444bb64,10780733,caNanoLab Data,CSV
table_1,Unknown,,,,,literature_mined,10.17917,drs://nci-crdc.datacommons.io/dg.4DFC/ceaa2af4-ec9e-5c29-9af3-6bab75d331af,8388609,caNanoLab Data,CSV
table_1,Unknown,,,,,literature_mined,10.17917,drs://nci-crdc.datacommons.io/dg.4DFC/5cda3204-5d95-5a52-9bea-15bb8bc53681,47349769,caNanoLab Data,CSV
table_1,Unknown,,,,,literature_mined,10.17917,drs://nci-crdc.datacommons.io/dg.4DFC/1a62ad49-cb22-5d05-86a8-87f25919db98,Not Applicable,caNanoLab Data,CSV
table_1,Unknown,,,,,literature_mined,10.17917,drs://nci-crdc.datacommons.io/dg.4DFC/5cd9e04e-a2f6-5f2c-89b9-02f09e8ee6a4,81330181,caNanoLab Data,CSV
table_1,Unknown,,,,,literature_mined,10.17917,drs://nci-crdc.datacommons.io/dg.4DFC/005ec9e5-108b-5cd5-9e9a-211fbe5067eb,96075777,caNanoLab Data,CSV
table_1,Unknown,,,,,literature_mined,10.17917,drs://nci-crdc.datacommons.io/dg.4DFC/abd7ca78-e2a9-5b61-b6a4-736b1e8df31d,87425025,caNanoLab Data,CSV
table_1,Unknown,,,,,literature_mined,10.17917,drs://nci-crdc.datacommons.io/dg.4DFC/30960f4f-8c3f-5b17-9551-bcbbc074270b,6979623,caNanoLab Data,CSV
table_1,Unknown,,,,,literature_mined,10.17917,drs://nci-crdc.datacommons.io/dg.4DFC/0bb643a4-689b-5459-92e3-52da03d284b5,7667712,caNanoLab Data,CSV
table_1,Unknown,,,,,literature_mined,10.17917,drs://nci-crdc.datacommons.io/dg.4DFC/686ae8ec-dca9-508a-8a9e-72dbbc6d2297,80838656,caNanoLab Data,CSV
table_1,Unknown,,,,,literature_mined,10.17917,drs://nci-crdc.datacommons.io/dg.4DFC/6ee6eacf-bbb9-5291-b732-a029cfd33f1c,5341185,caNanoLab Data,CSV
table_1,Unknown,,,,,literature_mined,10.17917,drs://nci-crdc.datacommons.io/dg.4DFC/626b176f-5f10-5276-9b15-edf1b5111630,15368198,caNanoLab Data,CSV
table_1,Unknown,,,,,literature_mined,10.17917,drs://nci-crdc.datacommons.io/dg.4DFC/a68bc776-2dbd-5309-b4f3-9af1d0378bb2,9142305,caNanoLab Data,CSV
table_1,Unknown,,,,,literature_mined,10.17917,drs://nci-crdc.datacommons.io/dg.4DFC/3d6ee22c-dd5d-520e-93ee-b64da65c0fb1,54820869,caNanoLab Data,CSV
table_1,Unknown,,,,,literature_mined,10.17917,drs://nci-crdc.datacommons.io/dg.4DFC/254ae035-ab58-5f00-ad4e-1911b0547a3d,54820874,caNanoLab Data,CSV
table_1,Unknown,,,,,literature_mined,10.17917,drs://nci-crdc.datacommons.io/dg.4DFC/c97490c4-209c-51ef-94fb-64ea5934c472,9142281,caNanoLab Data,CSV
table_1,Unknown,,,,,literature_mined,10.17917,drs://nci-crdc.datacommons.io/dg.4DFC/436af328-83a1-5f7e-a286-d65554b515fb,9142274,caNanoLab Data,CSV
table_1,Unknown,,,,,literature_mined,10.17917,drs://nci-crdc.datacommons.io/dg.4DFC/dc999aff-fd5f-525f-afa7-5fd7cb8535a6,9142300,caNanoLab Data,CSV
table_1,Unknown,,,,,literature_mined,10.17917,drs://nci-crdc.datacommons.io/dg.4DFC/a68d1cae-ec1a-5508-a41b-98c2c362186f,9142299,caNanoLab Data,CSV
table_1,Unknown,,,,,literature_mined,10.17917,drs://nci-crdc.datacommons.io/dg.4DFC/684f031b-998e-5d25-b5c6-7d9adbd20225,33161226,caNanoLab Data,CSV
table_1,Unknown,,,,,literature_mined,10.17917,drs://nci-crdc.datacommons.io/dg.4DFC/0bb30de6-7640-5da4-b023-6193fea10683,39124993,caNanoLab Data,CSV
table_1,Unknown,,,,,literature_mined,10.17917,drs://nci-crdc.datacommons.io/dg.4DFC/87406ff6-740a-5d39-88a8-3f8884a30472,103383041,caNanoLab Data,CSV
table_1,Unknown,,,,,literature_mined,10.17917,drs://nci-crdc.datacommons.io/dg.4DFC/b766571c-ba88-5157-b38c-de3bb651294d,69861391,caNanoLab Data,CSV
table_1,Unknown,,,,,literature_mined,10.17917,drs://nci-crdc.datacommons.io/dg.4DFC/f9bf59cd-6285-5fc0-9f79-3d3513eee233,57933824,caNanoLab Data,CSV
table_1,Unknown,,,,,literature_mined,10.17917,drs://nci-crdc.datacommons.io/dg.4DFC/3d6e2e40-7a8e-5a7b-8c37-61b7445801ad,74055680,caNanoLab Data,CSV
table_1,Unknown,,,,,literature_mined,10.17917,drs://nci-crdc.datacommons.io/dg.4DFC/06983656-fdaa-5e60-ba7f-4446e6d8c72a,11337753,caNanoLab Data,CSV
table_1,Unknown,,,,,literature_mined,10.17917,drs://nci-crdc.datacommons.io/dg.4DFC/f9b5aabb-518b-5b74-81c8-5f1dbefffed7,115900451,caNanoLab Data,CSV
table_1,Unknown,,,,,literature_mined,10.17917,drs://nci-crdc.datacommons.io/dg.4DFC/cea78a32-81f3-53ed-9d7b-523e81a95344,115900480,caNanoLab Data,CSV
table_1,Unknown,,,,,literature_mined,10.17917,drs://nci-crdc.datacommons.io/dg.4DFC/253cf02e-0360-5885-a1b9-018f3ff47e6f,26476558,caNanoLab Data,CSV
table_1,Unknown,,,,,literature_mined,10.17917,drs://nci-crdc.datacommons.io/dg.4DFC/2afc0509-62de-55a9-9559-29d54f706224,115900476,caNanoLab Data,CSV
table_1,Unknown,,,,,literature_mined,10.17917,drs://nci-crdc.datacommons.io/dg.4DFC/8dc3f986-8928-55f9-a492-0a3ff80ac4d0,11337762,caNanoLab Data,CSV
table_1,Unknown,,,,,literature_mined,10.17917,drs://nci-crdc.datacommons.io/dg.4DFC/436acc4b-e7aa-5d02-a045-c64c4caaee0b,44302338,caNanoLab Data,CSV
table_1,Unknown,,,,,literature_mined,10.17917,drs://nci-crdc.datacommons.io/dg.4DFC/f9ad7059-3126-5562-8b50-be573328e672,65765392,caNanoLab Data,CSV
table_1,Unknown,,,,,literature_mined,10.17917,drs://nci-crdc.datacommons.io/dg.4DFC/4ff7991a-b099-5e14-8948-e50b913ec7c1,46006273,caNanoLab Data,CSV
table_1,Unknown,,,,,literature_mined,10.17917,drs://nci-crdc.datacommons.io/dg.4DFC/b54bd812-8b1d-5717-984c-1f757f58d4d8,79462406,caNanoLab Data,CSV
table_1,Unknown,,,,,literature_mined,10.17917,drs://nci-crdc.datacommons.io/dg.4DFC/1a54d508-59b5-5a87-a59d-f6370d18dc98,27688963,caNanoLab Data,CSV
table_1,Unknown,,,,,literature_mined,10.17917,drs://nci-crdc.datacommons.io/dg.4DFC/5ccbeddd-bb7c-5655-9aad-50be898a18a5,27688963,caNanoLab Data,CSV
table_1,Unknown,,,,,literature_mined,10.17917,drs://nci-crdc.datacommons.io/dg.4DFC/d1665a2b-34dc-5bca-96dd-c3cddd944c1f,82083847,caNanoLab Data,CSV
table_1,Unknown,,,,,literature_mined,10.17917,drs://nci-crdc.datacommons.io/dg.4DFC/810e1b0c-c708-5fa4-9ba2-d4559704252b,9142318,caNanoLab Data,CSV
table_1,Unknown,,,,,literature_mined,10.17917,drs://nci-crdc.datacommons.io/dg.4DFC/36a94c81-d7cc-5fdc-96bd-4104bb80f9e4,63864834,caNanoLab Data,CSV
table_1,Unknown,,,,,literature_mined,10.17917,drs://nci-crdc.datacommons.io/dg.4DFC/94171df0-b907-5e14-9856-c468a2beb42f,13041774,caNanoLab Data,CSV
table_1,Unknown,,,,,literature_mined,10.17917,drs://nci-crdc.datacommons.io/dg.4DFC/ab83e764-d23b-5319-b63b-2296921dae03,115900592,caNanoLab Data,CSV
table_1,Unknown,,,,,literature_mined,10.17917,drs://nci-crdc.datacommons.io/dg.4DFC/b735482b-8df6-56fd-afa4-e814e2c0d3da,39124996,caNanoLab Data,CSV
table_1,Unknown,,,,,literature_mined,10.17917,drs://nci-crdc.datacommons.io/dg.4DFC/6e999bed-e57f-5caf-bd81-01fd20f5ca3c,9142286,caNanoLab Data,CSV
table_1,Unknown,,,,,literature_mined,10.17917,drs://nci-crdc.datacommons.io/dg.4DFC/869df00d-93c9-55b3-9b4d-a2b24ed8dc08,9142275,caNanoLab Data,CSV
table_1,Unknown,,,,,literature_mined,10.17917,drs://nci-crdc.datacommons.io/dg.4DFC/f87d0d8f-2093-5e82-bb48-ef428c969d29,40566789,caNanoLab Data,CSV
table_1,Unknown,,,,,literature_mined,10.17917,drs://nci-crdc.datacommons.io/dg.4DFC/8d5cf829-a8fd-59e7-8f7f-826896285cf7,9142277,caNanoLab Data,CSV
table_1,Unknown,,,,,literature_mined,10.17917,drs://nci-crdc.datacommons.io/dg.4DFC/ecaa1549-72d3-596a-8060-b8314161dbf9,57933825,caNanoLab Data,CSV
table_1,Unknown,,,,,literature_mined,10.17917,drs://nci-crdc.datacommons.io/dg.4DFC/19ce83e4-7629-590b-ac88-1928685965ab,61341698,caNanoLab Data,CSV
table_1,Unknown,,,,,literature_mined,10.17917,drs://nci-crdc.datacommons.io/dg.4DFC/24a344b1-ca95-501e-9e0e-0230db1400ce,108691456,caNanoLab Data,CSV
table_1,Unknown,,,,,literature_mined,10.17917,drs://nci-crdc.datacommons.io/dg.4DFC/e7bf619b-59e6-5b74-8a38-98af05db51bc,11337782,caNanoLab Data,CSV
table_1,Unknown,,,,,literature_mined,10.17917,drs://nci-crdc.datacommons.io/dg.4DFC/30772749-8aee-5612-a78c-cce7d1c26638,45416450,caNanoLab Data,CSV
table_1,Unknown,,,,,literature_mined,10.17917,drs://nci-crdc.datacommons.io/dg.4DFC/be911679-a6e0-54ae-b959-31519034ae14,27688969,caNanoLab Data,CSV
table_1,Unknown,,,,,literature_mined,10.17917,drs://nci-crdc.datacommons.io/dg.4DFC/4950ff68-89c3-52c1-b354-6bb4da54b979,55967757,caNanoLab Data,CSV
table_1,Unknown,,,,,literature_mined,10.17917,drs://nci-crdc.datacommons.io/dg.4DFC/493b822b-3086-5b5e-b907-7897babe3bbc,27131909,caNanoLab Data,CSV
table_1,Unknown,,,,,literature_mined,10.17917,drs://nci-crdc.datacommons.io/dg.4DFC/a64d8be0-79d7-5177-a316-1d73f139093f,90734593,caNanoLab Data,CSV
table_1,Unknown,,,,,literature_mined,10.17917,drs://nci-crdc.datacommons.io/dg.4DFC/d9ceb5bf-d2cf-5bbe-a159-ad355c12837e,115900481,caNanoLab Data,CSV
table_1,Unknown,,,,,literature_mined,10.17917,drs://nci-crdc.datacommons.io/dg.4DFC/42ff1d41-0df6-506f-8740-3c6c2ed30ee7,69861380,caNanoLab Data,CSV
table_1,Unknown,,,,,literature_mined,10.17917,drs://nci-crdc.datacommons.io/dg.4DFC/0670733d-1531-54e2-a328-76333d45d99e,82083852,caNanoLab Data,CSV
table_1,Unknown,,,,,literature_mined,10.17917,drs://nci-crdc.datacommons.io/dg.4DFC/74458d5e-e8a0-5c75-933e-7c33b79a8c9e,9142295,caNanoLab Data,CSV
table_1,Unknown,,,,,literature_mined,10.17917,drs://nci-crdc.datacommons.io/dg.4DFC/5c8738bf-553a-558e-9360-bde33e7ea680,45416452,caNanoLab Data,CSV
table_1,Unknown,,,,,literature_mined,10.17917,drs://nci-crdc.datacommons.io/dg.4DFC/0630f248-3e99-5782-973e-1a6dbd618224,11337755,caNanoLab Data,CSV
table_1,Unknown,,,,,literature_mined,10.17917,drs://nci-crdc.datacommons.io/dg.4DFC/dc75db03-0597-5ed4-87a5-125cef1fc2d9,15138824,caNanoLab Data,CSV
table_1,Unknown,,,,,literature_mined,10.17917,drs://nci-crdc.datacommons.io/dg.4DFC/be9131bb-3d0c-540a-9fde-41b668f1913e,11337749,caNanoLab Data,CSV
table_1,Unknown,,,,,literature_mined,10.17917,drs://nci-crdc.datacommons.io/dg.4DFC/7466a727-cbbc-57ec-8169-bc70c7c1e978,31358983,caNanoLab Data,CSV
table_1,Unknown,,,,,literature_mined,10.17917,drs://nci-crdc.datacommons.io/dg.4DFC/0b33ead3-082c-5ddd-984e-a19ad2f33f74,31358983,caNanoLab Data,CSV
table_1,Unknown,,,,,literature_mined,10.17917,drs://nci-crdc.datacommons.io/dg.4DFC/dc68f13f-c54f-54ab-9d29-7a393d4d7305,115900443,caNanoLab Data,CSV
table_1,Unknown,,,,,literature_mined,10.17917,drs://nci-crdc.datacommons.io/dg.4DFC/6225a430-41f4-5f27-8fdb-d800058eb21f,54427648,caNanoLab Data,CSV
table_1,Unknown,,,,,literature_mined,10.17917,drs://nci-crdc.datacommons.io/dg.4DFC/1130ee0a-1df0-5831-8ff6-3758186699b9,96075785,caNanoLab Data,CSV
table_1,Unknown,,,,,literature_mined,10.17917,drs://nci-crdc.datacommons.io/dg.4DFC/11356ede-5881-5abd-bb96-2c01aa14f279,10780745,caNanoLab Data,CSV
table_1,Unknown,,,,,literature_mined,10.17917,drs://nci-crdc.datacommons.io/dg.4DFC/74582e90-0924-5ce7-9e13-e7951de9df1f,6586368,caNanoLab Data,CSV
table_1,Unknown,,,,,literature_mined,10.17917,drs://nci-crdc.datacommons.io/dg.4DFC/430181af-9dec-5651-a085-c3154d89460e,28835843,caNanoLab Data,CSV
table_1,Unknown,,,,,literature_mined,10.17917,drs://nci-crdc.datacommons.io/dg.4DFC/7a5e3f15-add3-5a9d-b8ce-b12696901079,9142307,caNanoLab Data,CSV
table_1,Unknown,,,,,literature_mined,10.17917,drs://nci-crdc.datacommons.io/dg.4DFC/bbf7c2d4-788c-518b-b118-b40e2d5d8f04,82083841,caNanoLab Data,CSV
table_1,Unknown,,,,,literature_mined,10.17917,drs://nci-crdc.datacommons.io/dg.4DFC/b2aba820-556e-5a3a-a35c-b875a0825ac5,36601885,caNanoLab Data,CSV
table_1,Unknown,,,,,literature_mined,10.17917,drs://nci-crdc.datacommons.io/dg.4DFC/36a048b0-a59d-58a2-b786-ea0b8890c936,115900423,caNanoLab Data,CSV
table_1,Unknown,,,,,literature_mined,10.17917,drs://nci-crdc.datacommons.io/dg.4DFC/4958d422-c039-5c17-96d6-fb564e6f8963,28835975,caNanoLab Data,CSV
table_1,Unknown,,,,,literature_mined,10.17917,drs://nci-crdc.datacommons.io/dg.4DFC/b53c8773-77fe-56fb-8571-50e8cacb7453,11337795,caNanoLab Data,CSV
table_1,Unknown,,,,,literature_mined,10.17917,drs://nci-crdc.datacommons.io/dg.4DFC/cc18356e-139c-508d-a137-36040588377b,96075783,caNanoLab Data,CSV
table_1,Unknown,,,,,literature_mined,10.17917,drs://nci-crdc.datacommons.io/dg.4DFC/f8956f8d-be06-59ae-9cfa-d6f105238333,115900498,caNanoLab Data,CSV
table_1,Unknown,,,,,literature_mined,10.17917,drs://nci-crdc.datacommons.io/dg.4DFC/1124b321-af29-5eb6-8344-5cb203ecb12a,15368207,caNanoLab Data,CSV
table_1,Unknown,,,,,literature_mined,10.17917,drs://nci-crdc.datacommons.io/dg.4DFC/74661e26-a9ed-5eb6-bcc4-0afae74acb07,72810501,caNanoLab Data,CSV
table_1,Unknown,,,,,literature_mined,10.17917,drs://nci-crdc.datacommons.io/dg.4DFC/941efebb-61f1-5deb-b0d7-b026b7a6aa53,9142274,caNanoLab Data,CSV
table_1,Unknown,,,,,literature_mined,10.17917,drs://nci-crdc.datacommons.io/dg.4DFC/f8682052-50fe-54a4-b9be-497f6c5ec811,11337759,caNanoLab Data,CSV
table_1,Unknown,,,,,literature_mined,10.17917,drs://nci-crdc.datacommons.io/dg.4DFC/df7671a8-cf31-5818-a49c-259b7b8083d1,9142289,caNanoLab Data,CSV
table_1,Unknown,,,,,literature_mined,10.17917,drs://nci-crdc.datacommons.io/dg.4DFC/a650a7cb-98e7-54ea-9add-0f8c26bdbc6b,82083842,caNanoLab Data,CSV
table_1,Unknown,,,,,literature_mined,10.17917,drs://nci-crdc.datacommons.io/dg.4DFC/a6540906-bb16-5f63-82b4-f76f1beacdc1,11337761,caNanoLab Data,CSV
table_1,Unknown,,,,,literature_mined,10.17917,drs://nci-crdc.datacommons.io/dg.4DFC/f85182c8-58bb-59f8-9a65-fbadfe13491c,9142311,caNanoLab Data,CSV
table_1,Unknown,,,,,literature_mined,10.17917,drs://nci-crdc.datacommons.io/dg.4DFC/9a8055b9-9925-5caf-b3c8-85e4bedf46eb,11337784,caNanoLab Data,CSV
table_1,Unknown,,,,,literature_mined,10.17917,drs://nci-crdc.datacommons.io/dg.4DFC/6eb14315-8df2-508f-a142-8f087735aeb3,101318662,caNanoLab Data,CSV
table_1,Unknown,,,,,literature_mined,10.17917,drs://nci-crdc.datacommons.io/dg.4DFC/6e9d2528-1697-5453-b2e1-1111a8d41ca8,11337777,caNanoLab Data,CSV
table_1,Unknown,,,,,literature_mined,10.17917,drs://nci-crdc.datacommons.io/dg.4DFC/ab8a0e65-7a04-5e66-94b2-4c2637255fd5,9142293,caNanoLab Data,CSV
table_1,Unknown,,,,,literature_mined,10.17917,drs://nci-crdc.datacommons.io/dg.4DFC/9a87ee1e-2178-5731-a6a1-db7d605ab5c7,67305478,caNanoLab Data,CSV
table_1,Unknown,,,,,literature_mined,10.17917,drs://nci-crdc.datacommons.io/dg.4DFC/f87bfcde-86eb-5da9-baba-77f7c52e2407,27688961,caNanoLab Data,CSV
table_1,Unknown,,,,,literature_mined,10.17917,drs://nci-crdc.datacommons.io/dg.4DFC/3060e195-d4a0-53ac-9cbb-06306f20657f,46006273,caNanoLab Data,CSV
table_1,Unknown,,,,,literature_mined,10.17917,drs://nci-crdc.datacommons.io/dg.4DFC/ecec970f-0715-5fbc-b5d5-4f970bc681a9,11337778,caNanoLab Data,CSV
table_1,Unknown,,,,,literature_mined,10.17917,drs://nci-crdc.datacommons.io/dg.4DFC/7a6cdffb-8bce-556c-aa91-bbc0dcb4fbca,9142318,caNanoLab Data,CSV
table_1,Unknown,,,,,literature_mined,10.17917,drs://nci-crdc.datacommons.io/dg.4DFC/b742f3f8-ceb5-5fa3-9cdf-d9a60d2ad826,69861394,caNanoLab Data,CSV
table_1,Unknown,,,,,literature_mined,10.17917,drs://nci-crdc.datacommons.io/dg.4DFC/ce789713-11c8-56e3-8ac8-0c9a077d4826,28835856,caNanoLab Data,CSV
table_1,Unknown,,,,,literature_mined,10.17917,drs://nci-crdc.datacommons.io/dg.4DFC/4f390b9e-70ad-534a-873a-1f23ec4d0ed8,15368210,caNanoLab Data,CSV
table_1,Unknown,,,,,literature_mined,10.17917,drs://nci-crdc.datacommons.io/dg.4DFC/f82f253d-8df7-5414-8c90-cd4231702dd0,103383044,caNanoLab Data,CSV
table_1,Unknown,,,,,literature_mined,10.17917,drs://nci-crdc.datacommons.io/dg.4DFC/b5343554-4736-5cba-ad70-e528e6743eda,9142307,caNanoLab Data,CSV
table_1,Unknown,,,,,literature_mined,10.17917,drs://nci-crdc.datacommons.io/dg.4DFC/f8602735-879d-588e-9a9c-bd1da0fecbf7,9142306,caNanoLab Data,CSV
table_1,Unknown,,,,,literature_mined,10.17917,drs://nci-crdc.datacommons.io/dg.4DFC/2aa02b73-b53d-5dd6-98c1-62e27dfda97e,28835952,caNanoLab Data,CSV
table_1,Unknown,,,,,literature_mined,10.17917,drs://nci-crdc.datacommons.io/dg.4DFC/7439edeb-a22d-5e37-bcc0-0b4bbf4cc92d,37191681,caNanoLab Data,CSV
table_1,Unknown,,,,,literature_mined,10.17917,drs://nci-crdc.datacommons.io/dg.4DFC/0b27783e-21c2-56a6-8420-4053c11d8134,56623112,caNanoLab Data,CSV
table_1,Unknown,,,,,literature_mined,10.17917,drs://nci-crdc.datacommons.io/dg.4DFC/2472e981-c675-58a0-8244-fd6582eabb01,9994265,caNanoLab Data,CSV
table_1,Unknown,,,,,literature_mined,10.17917,drs://nci-crdc.datacommons.io/dg.4DFC/e1f1557d-3d08-5c1b-98e0-314dbc9426a0,54427648,caNanoLab Data,CSV
table_1,Unknown,,,,,literature_mined,10.17917,drs://nci-crdc.datacommons.io/dg.4DFC/4f6cf50c-85d8-55a1-9289-c15455c539e0,13041751,caNanoLab Data,CSV
table_1,Unknown,,,,,literature_mined,10.17917,drs://nci-crdc.datacommons.io/dg.4DFC/3040ef3c-d062-5232-ba68-04b7c0395305,13041772,caNanoLab Data,CSV
table_1,Unknown,,,,,literature_mined,10.17917,drs://nci-crdc.datacommons.io/dg.4DFC/745388e9-e7e8-501e-ad58-722b9f988e6d,55967747,caNanoLab Data,CSV
table_1,Unknown,,,,,literature_mined,10.17917,drs://nci-crdc.datacommons.io/dg.4DFC/682ae86b-08d5-52f8-bfee-98fdf0c1b25e,43745286,caNanoLab Data,CSV
table_1,Unknown,,,,,literature_mined,10.17917,drs://nci-crdc.datacommons.io/dg.4DFC/e7bf5680-288c-52cc-a4cf-9046a202aa80,89784322,caNanoLab Data,CSV
table_1,Unknown,,,,,literature_mined,10.17917,drs://nci-crdc.datacommons.io/dg.4DFC/8d5197cb-02aa-53d5-a705-3857558aa2ce,57114633,caNanoLab Data,CSV
table_1,Unknown,,,,,literature_mined,10.17917,drs://nci-crdc.datacommons.io/dg.4DFC/369e6728-27e8-5269-b15e-878469bae815,9142299,caNanoLab Data,CSV
table_1,Unknown,,,,,literature_mined,10.17917,drs://nci-crdc.datacommons.io/dg.4DFC/24823076-f1d9-5c16-80b9-bcec108ada1b,5341184,caNanoLab Data,CSV
table_1,Unknown,,,,,literature_mined,10.17917,drs://nci-crdc.datacommons.io/dg.4DFC/afe008fc-6372-5367-ace5-e5a2f5df9303,79462404,caNanoLab Data,CSV
table_1,Unknown,,,,,literature_mined,10.17917,drs://nci-crdc.datacommons.io/dg.4DFC/36b98bcb-d986-559e-ae39-5bf4c3853f96,101318662,caNanoLab Data,CSV
table_1,Unknown,,,,,literature_mined,10.17917,drs://nci-crdc.datacommons.io/dg.4DFC/a6366951-9256-537d-8db1-674f45f31a66,101318665,caNanoLab Data,CSV
table_1,Unknown,,,,,literature_mined,10.17917,drs://nci-crdc.datacommons.io/dg.4DFC/f8582e12-4467-50b0-b4bd-46b5e7c812ee,33685519,caNanoLab Data,CSV
table_1,Unknown,,,,,literature_mined,10.17917,drs://nci-crdc.datacommons.io/dg.4DFC/19d0dfab-72c0-584d-bf10-50ddcde5e2eb,15368204,caNanoLab Data,CSV
table_1,Unknown,,,,,literature_mined,10.17917,drs://nci-crdc.datacommons.io/dg.4DFC/f85c2a82-bf2d-5e09-a1ed-324595e43eb1,32669701,caNanoLab Data,CSV
table_1,Unknown,,,,,literature_mined,10.17917,drs://nci-crdc.datacommons.io/dg.4DFC/9fe3e9c9-f425-5063-8cbc-f091d6ab5a27,82083842,caNanoLab Data,CSV
table_1,Unknown,,,,,literature_mined,10.17917,drs://nci-crdc.datacommons.io/dg.4DFC/4f6210c8-a740-5f8b-8188-eed54733f1c0,9994264,caNanoLab Data,CSV
table_1,Unknown,,,,,literature_mined,10.17917,drs://nci-crdc.datacommons.io/dg.4DFC/c672f4dc-24ae-56b9-8e23-4b54006eba79,62652417,caNanoLab Data,CSV
table_1,Unknown,,,,,literature_mined,10.17917,drs://nci-crdc.datacommons.io/dg.4DFC/680f0f68-3019-5a99-ba60-d49aeaade08f,10780673,caNanoLab Data,CSV
table_1,Unknown,,,,,literature_mined,10.17917,drs://nci-crdc.datacommons.io/dg.4DFC/56058d5b-601c-5b02-8ffc-dc7556cb11ac,115900591,caNanoLab Data,CSV
table_1,Unknown,,,,,literature_mined,10.17917,drs://nci-crdc.datacommons.io/dg.4DFC/4f511914-88c2-5565-a56c-89c87ecf2b81,9142280,caNanoLab Data,CSV
table_1,Unknown,,,,,literature_mined,10.17917,drs://nci-crdc.datacommons.io/dg.4DFC/b733a7dc-8afd-5cd3-a57f-f40c076a7151,11337754,caNanoLab Data,CSV
table_1,Unknown,,,,,literature_mined,10.17917,drs://nci-crdc.datacommons.io/dg.4DFC/c656e051-9de8-57d6-937e-fa1835077f01,10780734,caNanoLab Data,CSV
table_1,Unknown,,,,,literature_mined,10.17917,drs://nci-crdc.datacommons.io/dg.4DFC/62241f90-8e2a-5ef4-9eaf-588988d8f3d2,28835924,caNanoLab Data,CSV
table_1,Unknown,,,,,literature_mined,10.17917,drs://nci-crdc.datacommons.io/dg.4DFC/0632ec60-cb15-58aa-9c22-4d18fe8c33bd,9142294,caNanoLab Data,CSV
table_1,Unknown,,,,,literature_mined,10.17917,drs://nci-crdc.datacommons.io/dg.4DFC/c1a4c9e5-52f1-50a5-88ac-739d12a6e4b8,28835870,caNanoLab Data,CSV
table_1,Unknown,,,,,literature_mined,10.17917,drs://nci-crdc.datacommons.io/dg.4DFC/2a692d7c-4c25-56a2-b2b9-232758886580,10780729,caNanoLab Data,CSV
table_1,Unknown,,,,,literature_mined,10.17917,drs://nci-crdc.datacommons.io/dg.4DFC/117ab0d8-b4ba-5d7d-954b-492bc17557ed,9142281,caNanoLab Data,CSV
table_1,Unknown,,,,,literature_mined,10.17917,drs://nci-crdc.datacommons.io/dg.4DFC/6eb27039-7b3e-56be-8ab7-a80e62a204b7,115900443,caNanoLab Data,CSV
table_1,Unknown,,,,,literature_mined,10.17917,drs://nci-crdc.datacommons.io/dg.4DFC/24b63747-697c-54d2-9f43-8bbbcb57d7c7,104693786,caNanoLab Data,CSV
table_1,Unknown,,,,,literature_mined,10.17917,drs://nci-crdc.datacommons.io/dg.4DFC/ab77825d-1800-505a-8667-a695a3f8a2eb,85622784,caNanoLab Data,CSV
table_1,Unknown,,,,,literature_mined,10.17917,drs://nci-crdc.datacommons.io/dg.4DFC/d6fc343e-a288-5326-b3e8-315752c494d3,11337771,caNanoLab Data,CSV
table_1,Unknown,,,,,literature_mined,10.17917,drs://nci-crdc.datacommons.io/dg.4DFC/0622fc84-e26e-5afc-b8b4-0107be17b582,9142310,caNanoLab Data,CSV
table_1,Unknown,,,,,literature_mined,10.17917,drs://nci-crdc.datacommons.io/dg.4DFC/9a6ff35d-3eb8-52d3-a4d6-e7b11e8f3999,11337771,caNanoLab Data,CSV
table_1,Unknown,,,,,literature_mined,10.17917,drs://nci-crdc.datacommons.io/dg.4DFC/f8c580d7-add7-5e75-8f63-4995bdbf8f8b,29851665,caNanoLab Data,CSV
table_1,Unknown,,,,,literature_mined,10.17917,drs://nci-crdc.datacommons.io/dg.4DFC/eca40708-1ea4-5005-aa4d-b2fe24a757ad,115900443,caNanoLab Data,CSV
table_1,Unknown,,,,,literature_mined,10.17917,drs://nci-crdc.datacommons.io/dg.4DFC/d125e056-9e78-5ef8-9679-b709c7ea02dd,15138822,caNanoLab Data,CSV
table_1,Unknown,,,,,literature_mined,10.17917,drs://nci-crdc.datacommons.io/dg.4DFC/5600806d-9afc-5aef-a1ed-bf26b09d57f8,9142301,caNanoLab Data,CSV
table_1,Unknown,,,,,literature_mined,10.17917,drs://nci-crdc.datacommons.io/dg.4DFC/24804b0a-e54e-5965-93ae-e6dc8cb024d7,82083845,caNanoLab Data,CSV
table_1,Unknown,,,,,literature_mined,10.17917,drs://nci-crdc.datacommons.io/dg.4DFC/4f3d9894-d0fe-55e5-90e3-3cd690ecd8cf,11337757,caNanoLab Data,CSV
table_1,Unknown,,,,,literature_mined,10.17917,drs://nci-crdc.datacommons.io/dg.4DFC/d6efd103-aa01-54e0-b634-91f1f3b20af1,13041668,caNanoLab Data,CSV
table_1,Unknown,,,,,literature_mined,10.17917,drs://nci-crdc.datacommons.io/dg.4DFC/24ce1019-684c-5581-82de-643a4bc7df27,57114632,caNanoLab Data,CSV
table_1,Unknown,,,,,literature_mined,10.17917,drs://nci-crdc.datacommons.io/dg.4DFC/24aca10a-aa05-5047-a390-6f448cc57b44,65765392,caNanoLab Data,CSV
table_1,Unknown,,,,,literature_mined,10.17917,drs://nci-crdc.datacommons.io/dg.4DFC/19c16cd6-3617-5d01-8c2c-e38f99fa21f0,12320768,caNanoLab Data,CSV
table_1,Unknown,,,,,literature_mined,10.17917,drs://nci-crdc.datacommons.io/dg.4DFC/491c23f3-3e3c-52ce-8b96-d070214ea7d1,115900530,caNanoLab Data,CSV
table_1,Unknown,,,,,literature_mined,10.17917,drs://nci-crdc.datacommons.io/dg.4DFC/f80e6ace-108c-53ba-827b-4ce6d1651521,9142311,caNanoLab Data,CSV
table_1,Unknown,,,,,literature_mined,10.17917,drs://nci-crdc.datacommons.io/dg.4DFC/7a3eff71-d7e1-5867-8bab-3a80f2dce623,33685505,caNanoLab Data,CSV
table_1,Unknown,,,,,literature_mined,10.17917,drs://nci-crdc.datacommons.io/dg.4DFC/867e23fc-3bcb-5272-9cf5-5c397bbe56a0,28835963,caNanoLab Data,CSV
table_1,Unknown,,,,,literature_mined,10.17917,drs://nci-crdc.datacommons.io/dg.4DFC/ce71dc55-b851-5666-8a15-434e142846ed,26476563,caNanoLab Data,CSV
table_1,Unknown,,,,,literature_mined,10.17917,drs://nci-crdc.datacommons.io/dg.4DFC/f7dc029c-e04f-5095-84e3-692388644306,11337782,caNanoLab Data,CSV
table_1,Unknown,,,,,literature_mined,10.17917,drs://nci-crdc.datacommons.io/dg.4DFC/5c497794-04cd-570c-8c34-8d772d48aa93,67305483,caNanoLab Data,CSV
table_1,Unknown,,,,,literature_mined,10.17917,drs://nci-crdc.datacommons.io/dg.4DFC/afd463aa-9dbc-5f6d-92b4-b4e55489f832,11337776,caNanoLab Data,CSV
table_1,Unknown,,,,,literature_mined,10.17917,drs://nci-crdc.datacommons.io/dg.4DFC/c9368715-1b7c-5c71-9142-c3068e111990,9142297,caNanoLab Data,CSV
table_1,Unknown,,,,,literature_mined,10.17917,drs://nci-crdc.datacommons.io/dg.4DFC/302efa01-be6c-5778-962f-178afe656743,28835986,caNanoLab Data,CSV
table_1,Unknown,,,,,literature_mined,10.17917,drs://nci-crdc.datacommons.io/dg.4DFC/80d48beb-c165-519b-8ff1-f969bb01b7e8,28835917,caNanoLab Data,CSV
table_1,Unknown,,,,,literature_mined,10.17917,drs://nci-crdc.datacommons.io/dg.4DFC/ab80d7cf-d2ec-5ad1-9e74-1325be8854ca,43745282,caNanoLab Data,CSV
table_1,Unknown,,,,,literature_mined,10.17917,drs://nci-crdc.datacommons.io/dg.4DFC/062cf308-9cd0-5b70-964f-728c5f83205a,96075796,caNanoLab Data,CSV
table_1,Unknown,,,,,literature_mined,10.17917,drs://nci-crdc.datacommons.io/dg.4DFC/ab99eff7-4890-52ca-b1e3-65d9a8358edf,9142278,caNanoLab Data,CSV
table_1,Unknown,,,,,literature_mined,10.17917,drs://nci-crdc.datacommons.io/dg.4DFC/94097012-a11e-5d39-afe3-9f73ec47d1b6,13041776,caNanoLab Data,CSV
table_1,Unknown,,,,,literature_mined,10.17917,drs://nci-crdc.datacommons.io/dg.4DFC/941c2356-ca58-5339-9511-877746a8f9e3,9142300,caNanoLab Data,CSV
table_1,Unknown,,,,,literature_mined,10.17917,drs://nci-crdc.datacommons.io/dg.4DFC/19ee74ab-b8f5-5dff-878f-7cb6b2745227,6979657,caNanoLab Data,CSV
table_1,Unknown,,,,,literature_mined,10.17917,drs://nci-crdc.datacommons.io/dg.4DFC/f84753f2-ffa0-5880-8107-d61c251b7118,42008576,caNanoLab Data,CSV
table_1,Unknown,,,,,literature_mined,10.17917,drs://nci-crdc.datacommons.io/dg.4DFC/743886a2-26b8-5fee-b2b5-743890c98328,102465537,caNanoLab Data,CSV
table_1,Unknown,,,,,literature_mined,10.17917,drs://nci-crdc.datacommons.io/dg.4DFC/621dac3c-c16b-5c21-a99e-dc4ec6bc5004,9142289,caNanoLab Data,CSV
table_1,Unknown,,,,,literature_mined,10.17917,drs://nci-crdc.datacommons.io/dg.4DFC/cc007f45-3c2a-50e9-9a74-e550e67058bb,9142285,caNanoLab Data,CSV
table_1,Unknown,,,,,literature_mined,10.17917,drs://nci-crdc.datacommons.io/dg.4DFC/4f3c9f56-b848-5cac-8153-7d286d2a2322,10780760,caNanoLab Data,CSV
table_1,Unknown,,,,,literature_mined,10.17917,drs://nci-crdc.datacommons.io/dg.4DFC/6220fdf8-2a21-5b95-9282-571150c92a08,56623114,caNanoLab Data,CSV
table_1,Unknown,,,,,literature_mined,10.17917,drs://nci-crdc.datacommons.io/dg.4DFC/eca26ffb-de4c-5ce5-aa74-5ce9e249a252,115900462,caNanoLab Data,CSV
table_1,Unknown,,,,,literature_mined,10.17917,drs://nci-crdc.datacommons.io/dg.4DFC/3042bef4-1ebe-52e8-abf5-219fdc9fc91c,115900498,caNanoLab Data,CSV
table_1,Unknown,,,,,literature_mined,10.17917,drs://nci-crdc.datacommons.io/dg.4DFC/f856f0bf-0b90-50ee-ae37-14ff23ee8faa,29851674,caNanoLab Data,CSV
table_1,Unknown,,,,,literature_mined,10.17917,drs://nci-crdc.datacommons.io/dg.4DFC/b2a2ef1e-d70f-51da-a356-bd69f327b585,13041730,caNanoLab Data,CSV
table_1,Unknown,,,,,literature_mined,10.17917,drs://nci-crdc.datacommons.io/dg.4DFC/6801a9cc-7098-588c-9e42-0c288de15e68,28835953,caNanoLab Data,CSV
table_1,Unknown,,,,,literature_mined,10.17917,drs://nci-crdc.datacommons.io/dg.4DFC/55f16b65-0dbb-5b77-b67d-1c4764312f4f,115900505,caNanoLab Data,CSV
table_1,Unknown,,,,,literature_mined,10.17917,drs://nci-crdc.datacommons.io/dg.4DFC/c93cc09f-9f24-5ffb-974f-e9dc553f0a7f,15138817,caNanoLab Data,CSV
table_1,Unknown,,,,,literature_mined,10.17917,drs://nci-crdc.datacommons.io/dg.4DFC/bbfb42cd-795c-5156-a4dc-e3c6c1acebcf,115900451,caNanoLab Data,CSV
table_1,Unknown,,,,,literature_mined,10.17917,drs://nci-crdc.datacommons.io/dg.4DFC/5c59770d-1725-5fb4-abe3-10a60576930c,20917505,caNanoLab Data,CSV
table_1,Unknown,,,,,literature_mined,10.17917,drs://nci-crdc.datacommons.io/dg.4DFC/3cd15189-9d1c-5cde-a269-3881bcf39574,96075787,caNanoLab Data,CSV
table_1,Unknown,,,,,literature_mined,10.17917,drs://nci-crdc.datacommons.io/dg.4DFC/683c661d-0a85-5ddd-aa4f-422c7b43b0a3,28835862,caNanoLab Data,CSV
table_1,Unknown,,,,,literature_mined,10.17917,drs://nci-crdc.datacommons.io/dg.4DFC/e4c59c61-2991-572f-b35b-08a14f002196,39124992,caNanoLab Data,CSV
table_1,Unknown,,,,,literature_mined,10.17917,drs://nci-crdc.datacommons.io/dg.4DFC/86a8f0c0-44ca-5e9e-b058-9738c68b9265,6979605,caNanoLab Data,CSV
table_1,Unknown,,,,,literature_mined,10.17917,drs://nci-crdc.datacommons.io/dg.4DFC/c40a1840-cecd-55b9-b210-4c029b222709,9994261,caNanoLab Data,CSV
table_1,Unknown,,,,,literature_mined,10.17917,drs://nci-crdc.datacommons.io/dg.4DFC/d9d5de66-336b-570f-8fb2-1d995ff3ee89,15138821,caNanoLab Data,CSV
table_1,Unknown,,,,,literature_mined,10.17917,drs://nci-crdc.datacommons.io/dg.4DFC/9a9ea678-10d8-5dc0-afdc-97d74e2f0870,9142305,caNanoLab Data,CSV
table_1,Unknown,,,,,literature_mined,10.17917,drs://nci-crdc.datacommons.io/dg.4DFC/5c6835a4-657f-5251-9022-0acb2bf0766a,29851667,caNanoLab Data,CSV
table_1,Unknown,,,,,literature_mined,10.17917,drs://nci-crdc.datacommons.io/dg.4DFC/2a6f17b7-9d5a-52d1-b8e4-bdf572657c39,55967747,caNanoLab Data,CSV
table_1,Unknown,,,,,literature_mined,10.17917,drs://nci-crdc.datacommons.io/dg.4DFC/24b25f0c-ad9f-5e96-b367-2417ef29adf3,9142286,caNanoLab Data,CSV
table_1,Unknown,,,,,literature_mined,10.17917,drs://nci-crdc.datacommons.io/dg.4DFC/d9c82baf-eb65-57a2-8fbd-f61a7cf97c53,115900482,caNanoLab Data,CSV
table_1,Unknown,,,,,literature_mined,10.17917,drs://nci-crdc.datacommons.io/dg.4DFC/eca63a13-2345-59d3-8120-d81948f46f2b,86507521,caNanoLab Data,CSV
table_1,Unknown,,,,,literature_mined,10.17917,drs://nci-crdc.datacommons.io/dg.4DFC/ecf25912-f677-502b-92a0-1a5278452d95,9142293,caNanoLab Data,CSV
table_1,Unknown,,,,,literature_mined,10.17917,drs://nci-crdc.datacommons.io/dg.4DFC/112c090f-32e9-5e0c-af2b-3730baae1acb,9142287,caNanoLab Data,CSV
table_1,Unknown,,,,,literature_mined,10.17917,drs://nci-crdc.datacommons.io/dg.4DFC/369c47f1-15ce-5f8a-b345-2d558d2deb5b,5341185,caNanoLab Data,CSV
table_1,Unknown,,,,,literature_mined,10.17917,drs://nci-crdc.datacommons.io/dg.4DFC/86919c87-bd6b-5505-94d6-5066ecbbdb1d,26476550,caNanoLab Data,CSV
table_1,Unknown,,,,,literature_mined,10.17917,drs://nci-crdc.datacommons.io/dg.4DFC/9fe3fff6-d1f6-55e2-96f5-d4112ba5938c,81330178,caNanoLab Data,CSV
table_1,Unknown,,,,,literature_mined,10.17917,drs://nci-crdc.datacommons.io/dg.4DFC/430eb925-bd11-55f8-a106-e0d3a66b988b,63864835,caNanoLab Data,CSV
table_1,Unknown,,,,,literature_mined,10.17917,drs://nci-crdc.datacommons.io/dg.4DFC/5c5ca648-0362-5524-bcce-5344e36fc9f2,13041715,caNanoLab Data,CSV
table_1,Unknown,,,,,literature_mined,10.17917,drs://nci-crdc.datacommons.io/dg.4DFC/29e3d9d9-979e-5e54-953e-f1f0e90e1d32,62652416,caNanoLab Data,CSV
table_1,Unknown,,,,,literature_mined,10.17917,drs://nci-crdc.datacommons.io/dg.4DFC/afa0d442-8eb1-5792-8427-c3bf31079a3e,26476547,caNanoLab Data,CSV
table_1,Unknown,,,,,literature_mined,10.17917,drs://nci-crdc.datacommons.io/dg.4DFC/afb4ced3-c4dc-5715-90be-9590ab384966,103907328,caNanoLab Data,CSV
table_1,Unknown,,,,,literature_mined,10.17917,drs://nci-crdc.datacommons.io/dg.4DFC/2a190dcf-f126-5d4d-b33a-eda0cfa77214,11337765,caNanoLab Data,CSV
table_1,Unknown,,,,,literature_mined,10.17917,drs://nci-crdc.datacommons.io/dg.4DFC/29e2c6a2-1efc-5d9b-9ade-0f16f4f4b1b6,9142301,caNanoLab Data,CSV
table_1,Unknown,,,,,literature_mined,10.17917,drs://nci-crdc.datacommons.io/dg.4DFC/afa7079e-7d58-5dbd-b244-1a882039da12,70877185,caNanoLab Data,CSV
table_1,Unknown,,,,,literature_mined,10.17917,drs://nci-crdc.datacommons.io/dg.4DFC/29f3ae87-e83c-56ba-b1d6-9eeef790c6b5,15368252,caNanoLab Data,CSV
table_1,Unknown,,,,,literature_mined,10.17917,drs://nci-crdc.datacommons.io/dg.4DFC/b9c8955f-812f-5d72-875b-566e8dfb69f2,55967745,caNanoLab Data,CSV
table_1,Unknown,,,,,literature_mined,10.17917,drs://nci-crdc.datacommons.io/dg.4DFC/9a686802-beb1-588b-b7b6-6e82ef6da4c4,20917506,caNanoLab Data,CSV
table_1,Unknown,,,,,literature_mined,10.17917,drs://nci-crdc.datacommons.io/dg.4DFC/7433c9a2-1b41-5961-b85e-a35d61856365,88211456,caNanoLab Data,CSV
table_1,Unknown,,,,,literature_mined,10.17917,drs://nci-crdc.datacommons.io/dg.4DFC/6e8adfec-1f5e-5732-8cc9-862c20b1bbdb,9142303,caNanoLab Data,CSV
table_1,Unknown,,,,,literature_mined,10.17917,drs://nci-crdc.datacommons.io/dg.4DFC/24638ebf-f310-5c89-9be7-ddbd7133ec69,43745286,caNanoLab Data,CSV
table_1,Unknown,,,,,literature_mined,10.17917,drs://nci-crdc.datacommons.io/dg.4DFC/42dd0194-0575-57ef-894a-e40c04ca6575,9142281,caNanoLab Data,CSV
table_1,Unknown,,,,,literature_mined,10.17917,drs://nci-crdc.datacommons.io/dg.4DFC/8d42c48c-1ac4-5846-8265-9ab6eacfe7ed,15138823,caNanoLab Data,CSV
table_1,Unknown,,,,,literature_mined,10.17917,drs://nci-crdc.datacommons.io/dg.4DFC/d6e08738-5055-549e-adc1-ed3dd1c43040,9142309,caNanoLab Data,CSV
table_1,Unknown,,,,,literature_mined,10.17917,drs://nci-crdc.datacommons.io/dg.4DFC/cbfe872f-2fc1-5c8a-aee8-e8d913881a4c,57114647,caNanoLab Data,CSV
table_1,Unknown,,,,,literature_mined,10.17917,drs://nci-crdc.datacommons.io/dg.4DFC/245fb72a-6dc7-5837-ac05-f839ebd10ef0,11337752,caNanoLab Data,CSV
table_1,Unknown,,,,,literature_mined,10.17917,drs://nci-crdc.datacommons.io/dg.4DFC/f80580c0-02f7-5ce8-87f3-c730463190fd,9142276,caNanoLab Data,CSV
table_1,Unknown,,,,,literature_mined,10.17917,drs://nci-crdc.datacommons.io/dg.4DFC/4f2481a4-7db3-526c-9e5d-7f768e1ee98e,9994251,caNanoLab Data,CSV
table_1,Unknown,,,,,literature_mined,10.17917,drs://nci-crdc.datacommons.io/dg.4DFC/06172085-6cd1-5b28-9112-4c699bb0aa3c,9142319,caNanoLab Data,CSV
table_1,Unknown,,,,,literature_mined,10.17917,drs://nci-crdc.datacommons.io/dg.4DFC/3c952e37-7a24-5110-9e63-d9fc1b8da6b0,9142282,caNanoLab Data,CSV
table_1,Unknown,,,,,literature_mined,10.17917,drs://nci-crdc.datacommons.io/dg.4DFC/ec986b07-ba1d-57da-80c4-d53b40c7a0f5,49053701,caNanoLab Data,CSV
table_1,Unknown,,,,,literature_mined,10.17917,drs://nci-crdc.datacommons.io/dg.4DFC/290114e1-e365-5a03-92e8-fe3be16f326f,88932356,caNanoLab Data,CSV
table_1,Unknown,,,,,literature_mined,10.17917,drs://nci-crdc.datacommons.io/dg.4DFC/290e4f1c-a750-5b9d-9f96-c0bba262d7a5,96075800,caNanoLab Data,CSV
table_1,Unknown,,,,,literature_mined,10.17917,drs://nci-crdc.datacommons.io/dg.4DFC/af7b5367-c303-5b7f-a28d-bcd5a5bc7cb1,11337771,caNanoLab Data,CSV
table_1,Unknown,,,,,literature_mined,10.17917,drs://nci-crdc.datacommons.io/dg.4DFC/ff400970-fd3d-5969-8a65-6ebf92e6c4c2,13041677,caNanoLab Data,CSV
table_1,Unknown,,,,,literature_mined,10.17917,drs://nci-crdc.datacommons.io/dg.4DFC/27fb0516-3f69-58d0-b7dc-bf72f7d6ce35,79462401,caNanoLab Data,CSV
table_1,Unknown,,,,,literature_mined,10.17917,drs://nci-crdc.datacommons.io/dg.4DFC/ff4f97e1-76e0-5166-8119-f40e9c1a45ea,62652418,caNanoLab Data,CSV
table_1,Unknown,,,,,literature_mined,10.17917,drs://nci-crdc.datacommons.io/dg.4DFC/28305201-27fc-5292-865f-fdef34e85e84,54820867,caNanoLab Data,CSV
table_1,Unknown,,,,,literature_mined,10.17917,drs://nci-crdc.datacommons.io/dg.4DFC/281edbda-5dfc-54f3-8157-97f462240782,115900578,caNanoLab Data,CSV
table_1,Unknown,,,,,literature_mined,10.17917,drs://nci-crdc.datacommons.io/dg.4DFC/aee00f54-211b-5ebc-a9ea-ee6c1210ac81,43745281,caNanoLab Data,CSV
table_1,Unknown,,,,,literature_mined,10.17917,drs://nci-crdc.datacommons.io/dg.4DFC/27ef93a8-cb0a-55ab-aab5-28e91484b977,57933825,caNanoLab Data,CSV
table_1,Unknown,,,,,literature_mined,10.17917,drs://nci-crdc.datacommons.io/dg.4DFC/27eda746-69cf-58a4-9a2b-4328284092ab,65765384,caNanoLab Data,CSV
table_1,Unknown,,,,,literature_mined,10.17917,drs://nci-crdc.datacommons.io/dg.4DFC/27fe41a4-95bf-5a06-87ef-6a2f09810dbb,9142273,caNanoLab Data,CSV
table_1,Unknown,,,,,literature_mined,10.17917,drs://nci-crdc.datacommons.io/dg.4DFC/28799c32-1dd9-58dd-a434-7bb5f240d107,54427648,caNanoLab Data,CSV
table_1,Unknown,,,,,literature_mined,10.17917,drs://nci-crdc.datacommons.io/dg.4DFC/ffa489d6-bac6-5759-bc3c-06d2adbed407,9142310,caNanoLab Data,CSV
table_1,Unknown,,,,,literature_mined,10.17917,drs://nci-crdc.datacommons.io/dg.4DFC/ffc3b2bd-bd70-5d3b-b465-d5ad9c08851b,96075801,caNanoLab Data,CSV
table_1,Unknown,,,,,literature_mined,10.17917,drs://nci-crdc.datacommons.io/dg.4DFC/ffb16326-535f-5eaa-be77-b5359f78861e,9142282,caNanoLab Data,CSV
table_1,Unknown,,,,,literature_mined,10.17917,drs://nci-crdc.datacommons.io/dg.4DFC/2887697b-f11a-5cf7-abe4-5dc620be773d,79986692,caNanoLab Data,CSV
table_1,Unknown,,,,,literature_mined,10.17917,drs://nci-crdc.datacommons.io/dg.4DFC/aef7acc9-79e5-57e6-80ee-70a49bd18832,96075782,caNanoLab Data,CSV
table_1,Unknown,,,,,literature_mined,10.17917,drs://nci-crdc.datacommons.io/dg.4DFC/aef797d9-5380-5d5c-b0ab-04be957e1da6,29851652,caNanoLab Data,CSV
table_1,Unknown,,,,,literature_mined,10.17917,drs://nci-crdc.datacommons.io/dg.4DFC/287fad06-fce4-539c-8f75-719e5a89da91,115900589,caNanoLab Data,CSV
table_1,Unknown,,,,,literature_mined,10.17917,drs://nci-crdc.datacommons.io/dg.4DFC/28a33c4e-0421-5c57-8836-a0f2e27cc671,87425030,caNanoLab Data,CSV
table_1,Unknown,,,,,literature_mined,10.17917,drs://nci-crdc.datacommons.io/dg.4DFC/ffca6f83-b6a7-55fa-a85a-17eb7e89fa57,11337773,caNanoLab Data,CSV
table_1,Unknown,,,,,literature_mined,10.17917,drs://nci-crdc.datacommons.io/dg.4DFC/28b5ac1e-7faa-5f71-8e8a-b6e2882d7d6a,9142276,caNanoLab Data,CSV
table_1,Unknown,,,,,literature_mined,10.17917,drs://nci-crdc.datacommons.io/dg.4DFC/ffc25927-c721-5161-916c-ab389cbd6661,48431106,caNanoLab Data,CSV
table_1,Unknown,,,,,literature_mined,10.17917,drs://nci-crdc.datacommons.io/dg.4DFC/2895b212-8e4b-5358-bb2a-9d35c47158e2,40566788,caNanoLab Data,CSV
table_1,Unknown,,,,,literature_mined,10.17917,drs://nci-crdc.datacommons.io/dg.4DFC/af299449-d8a1-5d88-9b2a-2767059127ce,29851670,caNanoLab Data,CSV
