name,material_type,core_size_nm,zeta_potential_mv,surface_area_m2g,coating,source_type,doi,ic50,ec50,pec50,cell_line,exposure_time_h
s_10.1016_FS_j.toxlet.2009.09.012_PC_26,Aluminum Oxide,,,,,literature_mined,10.1016/j.toxlet.2009.09.012,,,,a_10,
s_10.1016_FS_j.toxlet.2009.09.012_PC_14,Aluminum Oxide,,,,,literature_mined,10.1016/j.toxlet.2009.09.012,,,,a_j,
s_10.1016_FS_j.toxlet.2009.09.012_PC_15,Aluminum Oxide,,,,,literature_mined,10.1016/j.toxlet.2009.09.012,,,,a_j,
s_10.1016_FS_j.toxlet.2009.09.012_PC_16,Aluminum Oxide,,,,,literature_mined,10.1016/j.toxlet.2009.09.012,,,,a_j,
s_10.1016_FS_j.toxlet.2009.09.012_PC_17,Aluminum Oxide,,,,,literature_mined,10.1016/j.toxlet.2009.09.012,,,,a_j,
s_10.1016_FS_j.toxlet.2009.09.012_PC_18,Aluminum Oxide,,,,,literature_mined,10.1016/j.toxlet.2009.09.012,,,,a_j,
s_10.1016_FS_j.toxlet.2009.09.012_PC_19,Aluminum Oxide,,,,,literature_mined,10.1016/j.toxlet.2009.09.012,,,,a_j,
s_10.1016_FS_j.toxlet.2009.09.012_PC_20,Aluminum Oxide,,,,,literature_mined,10.1016/j.toxlet.2009.09.012,,,,a_j,
s_10.1016_FS_j.toxlet.2009.09.012_PC_21,Aluminum Oxide,,,,,literature_mined,10.1016/j.toxlet.2009.09.012,,,,a_j,
s_10.1016_FS_j.toxlet.2009.09.012_PC_22,Aluminum Oxide,,,,,literature_mined,10.1016/j.toxlet.2009.09.012,,,,a_j,
s_10.1016_FS_j.toxlet.2009.09.012_PC_23,Aluminum Oxide,,,,,literature_mined,10.1016/j.toxlet.2009.09.012,,,,a_j,
s_10.1016_FS_j.toxlet.2009.09.012_PC_24,Aluminum Oxide,,,,,literature_mined,10.1016/j.toxlet.2009.09.012,,,,a_j,
s_10.1016_FS_j.toxlet.2009.09.012_PC_25,Aluminum Oxide,,,,,literature_mined,10.1016/j.toxlet.2009.09.012,,,,a_j,
"s_10.1021_FS_nl0730155_InVitro.CB_derived:61,62",Aluminum Oxide,,,,,literature_mined,10.1021/nl0730155,,,,a_10,
"s_10.1021_FS_nl0730155_InVitro.CB_derived:63,64",Aluminum Oxide,,,,,literature_mined,10.1021/nl0730155,,,,a_10,
"s_10.1021_FS_nl0730155_InVitro.CB_derived:65,66",Aluminum Oxide,,,,,literature_mined,10.1021/nl0730155,,,,a_10,
"s_10.1021_FS_nl0730155_InVitro.CB_derived:67,68",Aluminum Oxide,,,,,literature_mined,10.1021/nl0730155,,,,a_10,
"s_10.1021_FS_nl0730155_InVitro.CB_derived:69,70",Aluminum Oxide,,,,,literature_mined,10.1021/nl0730155,,,,a_10,
"s_10.1021_FS_nl0730155_InVitro.CB_derived:71,72",Aluminum Oxide,,,,,literature_mined,10.1021/nl0730155,,,,a_10,
"s_10.1021_FS_nl0730155_InVitro.CB_derived:73,74",Aluminum Oxide,,,,,literature_mined,10.1021/nl0730155,,,,a_10,
"s_10.1021_FS_nl0730155_InVitro.CB_derived:75,76",Aluminum Oxide,,,,,literature_mined,10.1021/nl0730155,,,,a_10,
"s_10.1021_FS_nl0730155_InVitro.CB_derived:77,78",Aluminum Oxide,,,,,literature_mined,10.1021/nl0730155,,,,a_10,
"s_10.1021_FS_nl0730155_InVitro.CB_derived:79,80",Aluminum Oxide,,,,,literature_mined,10.1021/nl0730155,,,,a_10,
"s_10.1021_FS_nl0730155_InVitro.CB_derived:81,82",Aluminum Oxide,,,,,literature_mined,10.1021/nl0730155,,,,a_10,
"s_10.1021_FS_nl0730155_InVitro.CB_derived:83,84",Aluminum Oxide,,,,,literature_mined,10.1021/nl0730155,,,,a_10,
"s_10.1021_FS_nl0730155_InVitro.CB_derived:85,86",Aluminum Oxide,,,,,literature_mined,10.1021/nl0730155,,,,a_10,
"s_10.1021_FS_nl0730155_InVitro.CB_derived:87,88",Aluminum Oxide,,,,,literature_mined,10.1021/nl0730155,,,,a_10,
"s_10.1021_FS_nl0730155_InVitro.CB_derived:89,90",Aluminum Oxide,,,,,literature_mined,10.1021/nl0730155,,,,a_10,
"s_10.1021_FS_nl0730155_InVitro.CB_derived:91,92",Aluminum Oxide,,,,,literature_mined,10.1021/nl0730155,,,,a_10,
"s_10.1021_FS_nl0730155_InVitro.CB_derived:93,94",Aluminum Oxide,,,,,literature_mined,10.1021/nl0730155,,,,a_10,
"s_10.1021_FS_nl0730155_InVitro.CB_derived:95,96",Aluminum Oxide,,,,,literature_mined,10.1021/nl0730155,,,,a_10,
"s_10.1021_FS_nl0730155_InVitro.CB_derived:97,98",Aluminum Oxide,,,,,literature_mined,10.1021/nl0730155,,,,a_10,
"s_10.1021_FS_nl0730155_InVitro.CB_derived:99,100",Aluminum Oxide,,,,,literature_mined,10.1021/nl0730155,,,,a_10,
"s_10.1021_FS_nl0730155_InVitro.CB_derived:101,102",Aluminum Oxide,,,,,literature_mined,10.1021/nl0730155,,,,a_10,
"s_10.1021_FS_nl0730155_InVitro.CB_derived:103,104",Aluminum Oxide,,,,,literature_mined,10.1021/nl0730155,,,,a_10,
"s_10.1021_FS_nl0730155_InVitro.CB_derived:105,106",Aluminum Oxide,,,,,literature_mined,10.1021/nl0730155,,,,a_10,
"s_10.1021_FS_nl0730155_InVitro.CB_derived:107,108",Aluminum Oxide,,,,,literature_mined,10.1021/nl0730155,,,,a_10,
"s_10.1021_FS_nl0730155_InVitro.CB_derived:109,110",Aluminum Oxide,,,,,literature_mined,10.1021/nl0730155,,,,a_10,
"s_10.1021_FS_nl0730155_InVitro.CB_derived:111,112",Aluminum Oxide,,,,,literature_mined,10.1021/nl0730155,,,,a_10,
"s_10.1021_FS_nl0730155_InVitro.CB_derived:113,114",Aluminum Oxide,,,,,literature_mined,10.1021/nl0730155,,,,a_10,
"s_10.1021_FS_nl0730155_InVitro.CB_derived:115,116",Aluminum Oxide,,,,,literature_mined,10.1021/nl0730155,,,,a_10,
"s_10.1021_FS_nl0730155_InVitro.CB_derived:117,118",Aluminum Oxide,,,,,literature_mined,10.1021/nl0730155,,,,a_10,
"s_10.1021_FS_nl0730155_InVitro.CB_derived:119,120",Aluminum Oxide,,,,,literature_mined,10.1021/nl0730155,,,,a_10,
"s_10.1021_FS_nl0730155_InVitro.CB_derived:1,2",Aluminum Oxide,,,,,literature_mined,10.1021/nl0730155,,,,a_10,
"s_10.1021_FS_nl0730155_InVitro.CB_derived:3,4",Aluminum Oxide,,,,,literature_mined,10.1021/nl0730155,,,,a_10,
"s_10.1021_FS_nl0730155_InVitro.CB_derived:5,6",Aluminum Oxide,,,,,literature_mined,10.1021/nl0730155,,,,a_10,
"s_10.1021_FS_nl0730155_InVitro.CB_derived:7,8",Aluminum Oxide,,,,,literature_mined,10.1021/nl0730155,,,,a_10,
"s_10.1021_FS_nl0730155_InVitro.CB_derived:9,10",Aluminum Oxide,,,,,literature_mined,10.1021/nl0730155,,,,a_10,
"s_10.1021_FS_nl0730155_InVitro.CB_derived:11,12",Aluminum Oxide,,,,,literature_mined,10.1021/nl0730155,,,,a_10,
"s_10.1021_FS_nl0730155_InVitro.CB_derived:13,14",Aluminum Oxide,,,,,literature_mined,10.1021/nl0730155,,,,a_10,
"s_10.1021_FS_nl0730155_InVitro.CB_derived:15,16",Aluminum Oxide,,,,,literature_mined,10.1021/nl0730155,,,,a_10,
"s_10.1021_FS_nl0730155_InVitro.CB_derived:17,18",Aluminum Oxide,,,,,literature_mined,10.1021/nl0730155,,,,a_10,
"s_10.1021_FS_nl0730155_InVitro.CB_derived:19,20",Aluminum Oxide,,,,,literature_mined,10.1021/nl0730155,,,,a_10,
"s_10.1021_FS_nl0730155_InVitro.CB_derived:21,22",Aluminum Oxide,,,,,literature_mined,10.1021/nl0730155,,,,a_10,
"s_10.1021_FS_nl0730155_InVitro.CB_derived:23,24",Aluminum Oxide,,,,,literature_mined,10.1021/nl0730155,,,,a_10,
"s_10.1021_FS_nl0730155_InVitro.CB_derived:25,26",Aluminum Oxide,,,,,literature_mined,10.1021/nl0730155,,,,a_10,
"s_10.1021_FS_nl0730155_InVitro.CB_derived:27,28",Aluminum Oxide,,,,,literature_mined,10.1021/nl0730155,,,,a_10,
"s_10.1021_FS_nl0730155_InVitro.CB_derived:29,30",Aluminum Oxide,,,,,literature_mined,10.1021/nl0730155,,,,a_10,
"s_10.1021_FS_nl0730155_InVitro.CB_derived:31,32",Aluminum Oxide,,,,,literature_mined,10.1021/nl0730155,,,,a_10,
"s_10.1021_FS_nl0730155_InVitro.CB_derived:33,34",Aluminum Oxide,,,,,literature_mined,10.1021/nl0730155,,,,a_10,
"s_10.1021_FS_nl0730155_InVitro.CB_derived:35,36",Aluminum Oxide,,,,,literature_mined,10.1021/nl0730155,,,,a_10,
"s_10.1021_FS_nl0730155_InVitro.CB_derived:37,38",Aluminum Oxide,,,,,literature_mined,10.1021/nl0730155,,,,a_10,
"s_10.1021_FS_nl0730155_InVitro.CB_derived:39,40",Aluminum Oxide,,,,,literature_mined,10.1021/nl0730155,,,,a_10,
"s_10.1021_FS_nl0730155_InVitro.CB_derived:41,42",Aluminum Oxide,,,,,literature_mined,10.1021/nl0730155,,,,a_10,
"s_10.1021_FS_nl0730155_InVitro.CB_derived:43,44",Aluminum Oxide,,,,,literature_mined,10.1021/nl0730155,,,,a_10,
"s_10.1021_FS_nl0730155_InVitro.CB_derived:45,46",Aluminum Oxide,,,,,literature_mined,10.1021/nl0730155,,,,a_10,
"s_10.1021_FS_nl0730155_InVitro.CB_derived:47,48",Aluminum Oxide,,,,,literature_mined,10.1021/nl0730155,,,,a_10,
"s_10.1021_FS_nl0730155_InVitro.CB_derived:49,50",Aluminum Oxide,,,,,literature_mined,10.1021/nl0730155,,,,a_10,
"s_10.1021_FS_nl0730155_InVitro.CB_derived:51,52",Aluminum Oxide,,,,,literature_mined,10.1021/nl0730155,,,,a_10,
"s_10.1021_FS_nl0730155_InVitro.CB_derived:53,54",Aluminum Oxide,,,,,literature_mined,10.1021/nl0730155,,,,a_10,
"s_10.1021_FS_nl0730155_InVitro.CB_derived:55,56",Aluminum Oxide,,,,,literature_mined,10.1021/nl0730155,,,,a_10,
"s_10.1021_FS_nl0730155_InVitro.CB_derived:57,58",Aluminum Oxide,,,,,literature_mined,10.1021/nl0730155,,,,a_10,
"s_10.1021_FS_nl0730155_InVitro.CB_derived:59,60",Aluminum Oxide,,,,,literature_mined,10.1021/nl0730155,,,,a_10,
"s_10.1021_FS_nl0730155_PC_derived:12,13,14",Aluminum Oxide,,,,,literature_mined,10.1021/nl0730155,,,,a_10,
"s_10.1021_FS_nl0730155_PC_derived:15,16,17",Aluminum Oxide,,,,,literature_mined,10.1021/nl0730155,,,,a_10,
"s_10.1021_FS_nl0730155_PC_derived:18,19,20",Aluminum Oxide,,,,,literature_mined,10.1021/nl0730155,,,,a_10,
"s_10.1021_FS_nl0730155_PC_derived:21,22,23",Aluminum Oxide,,,,,literature_mined,10.1021/nl0730155,,,,a_10,
"s_10.1021_FS_nl0730155_PC_derived:24,25,26",Aluminum Oxide,,,,,literature_mined,10.1021/nl0730155,,,,a_10,
"s_10.1021_FS_nl0730155_PC_derived:27,28,29",Aluminum Oxide,,,,,literature_mined,10.1021/nl0730155,,,,a_10,
"s_10.1021_FS_nl0730155_PC_derived:30,31,32",Aluminum Oxide,,,,,literature_mined,10.1021/nl0730155,,,,a_10,
"s_10.1021_FS_nl0730155_PC_derived:33,34,35",Aluminum Oxide,,,,,literature_mined,10.1021/nl0730155,,,,a_10,
"s_10.1021_FS_nl0730155_PC_derived:36,37,38",Aluminum Oxide,,,,,literature_mined,10.1021/nl0730155,,,,a_10,
"s_10.1021_FS_nl0730155_PC_derived:39,40,41",Aluminum Oxide,,,,,literature_mined,10.1021/nl0730155,,,,a_10,
"s_10.1021_FS_nl0730155_PC_derived:42,43,44",Aluminum Oxide,,,,,literature_mined,10.1021/nl0730155,,,,a_10,
"s_10.1021_FS_nl0730155_PC_derived:45,46,47",Aluminum Oxide,,,,,literature_mined,10.1021/nl0730155,,,,a_10,
"s_10.1021_FS_nl0730155_PC_derived:48,49,50",Aluminum Oxide,,,,,literature_mined,10.1021/nl0730155,,,,a_10,
"s_10.1021_FS_nl0730155_PC_derived:51,52,53",Aluminum Oxide,,,,,literature_mined,10.1021/nl0730155,,,,a_10,
"s_10.1021_FS_nl0730155_PC_derived:54,55,56",Aluminum Oxide,,,,,literature_mined,10.1021/nl0730155,,,,a_10,
"s_10.1021_FS_nl0730155_PC_derived:57,58,59",Aluminum Oxide,,,,,literature_mined,10.1021/nl0730155,,,,a_10,
"s_10.1021_FS_nl0730155_PC_derived:60,61,62",Aluminum Oxide,,,,,literature_mined,10.1021/nl0730155,,,,a_10,
"s_10.1021_FS_nl0730155_PC_derived:63,64,65",Aluminum Oxide,,,,,literature_mined,10.1021/nl0730155,,,,a_10,
"s_10.1021_FS_nl0730155_PC_derived:66,67,68",Aluminum Oxide,,,,,literature_mined,10.1021/nl0730155,,,,a_10,
"s_10.1021_FS_nl0730155_PC_derived:69,70,71",Aluminum Oxide,,,,,literature_mined,10.1021/nl0730155,,,,a_10,
"s_10.1021_FS_nl0730155_PC_derived:72,73,74",Aluminum Oxide,,,,,literature_mined,10.1021/nl0730155,,,,a_10,
"s_10.1021_FS_nl0730155_PC_derived:75,76,77",Aluminum Oxide,,,,,literature_mined,10.1021/nl0730155,,,,a_10,
"s_10.1021_FS_nl0730155_PC_derived:78,79,80",Aluminum Oxide,,,,,literature_mined,10.1021/nl0730155,,,,a_10,
"s_10.1021_FS_nl0730155_PC_derived:81,82,83",Aluminum Oxide,,,,,literature_mined,10.1021/nl0730155,,,,a_10,
"s_10.1021_FS_nl0730155_PC_derived:84,85,86",Aluminum Oxide,,,,,literature_mined,10.1021/nl0730155,,,,a_10,
"s_10.1021_FS_nl0730155_PC_derived:87,88,89",Aluminum Oxide,,,,,literature_mined,10.1021/nl0730155,,,,a_10,
"s_10.1021_FS_nl0730155_PC_derived:90,91,92",Aluminum Oxide,,,,,literature_mined,10.1021/nl0730155,,,,a_10,
"s_10.1021_FS_nl0730155_PC_derived:93,94,95",Aluminum Oxide,,,,,literature_mined,10.1021/nl0730155,,,,a_10,
"s_10.1021_FS_nl0730155_PC_derived:96,97,98",Aluminum Oxide,,,,,literature_mined,10.1021/nl0730155,,,,a_10,
"s_10.1021_FS_nl0730155_PC_derived:99,100,101",Aluminum Oxide,,,,,literature_mined,10.1021/nl0730155,,,,a_10,
"s_10.1021_FS_nl0730155_PC_derived:102,103,104",Aluminum Oxide,,,,,literature_mined,10.1021/nl0730155,,,,a_10,
"s_10.1021_FS_nl0730155_PC_derived:105,106,107",Aluminum Oxide,,,,,literature_mined,10.1021/nl0730155,,,,a_10,
"s_10.1021_FS_nl0730155_PC_derived:108,109,110",Aluminum Oxide,,,,,literature_mined,10.1021/nl0730155,,,,a_10,
"s_10.1021_FS_nl0730155_PC_derived:111,112,113",Aluminum Oxide,,,,,literature_mined,10.1021/nl0730155,,,,a_10,
"s_10.1021_FS_nl0730155_PC_derived:114,115,116",Aluminum Oxide,,,,,literature_mined,10.1021/nl0730155,,,,a_10,
"s_10.1021_FS_nl0730155_PC_derived:117,118,119",Aluminum Oxide,,,,,literature_mined,10.1021/nl0730155,,,,a_10,
"s_10.1021_FS_nl0730155_PC_derived:120,121,122",Aluminum Oxide,,,,,literature_mined,10.1021/nl0730155,,,,a_10,
"s_10.1021_FS_nl0730155_PC_derived:123,124,125",Aluminum Oxide,,,,,literature_mined,10.1021/nl0730155,,,,a_10,
"s_10.1021_FS_nl0730155_PC_derived:126,127,128",Aluminum Oxide,,,,,literature_mined,10.1021/nl0730155,,,,a_10,
"s_10.1021_FS_nl0730155_PC_derived:129,130,131",Aluminum Oxide,,,,,literature_mined,10.1021/nl0730155,,,,a_10,
"s_10.1021_FS_nl0730155_PC_derived:132,133,134",Aluminum Oxide,,,,,literature_mined,10.1021/nl0730155,,,,a_10,
"s_10.1021_FS_nl0730155_PC_derived:135,136,137",Aluminum Oxide,,,,,literature_mined,10.1021/nl0730155,,,,a_10,
"s_10.1021_FS_nl0730155_PC_derived:138,139,140",Aluminum Oxide,,,,,literature_mined,10.1021/nl0730155,,,,a_10,
"s_10.1021_FS_nl0730155_PC_derived:141,142,143",Aluminum Oxide,,,,,literature_mined,10.1021/nl0730155,,,,a_10,
"s_10.1021_FS_nl0730155_PC_derived:144,145,146",Aluminum Oxide,,,,,literature_mined,10.1021/nl0730155,,,,a_10,
"s_10.1021_FS_nl0730155_PC_derived:147,148,149",Aluminum Oxide,,,,,literature_mined,10.1021/nl0730155,,,,a_10,
"s_10.1021_FS_nl0730155_PC_derived:150,151,152",Aluminum Oxide,,,,,literature_mined,10.1021/nl0730155,,,,a_10,
"s_10.1021_FS_nl0730155_PC_derived:153,154,155",Aluminum Oxide,,,,,literature_mined,10.1021/nl0730155,,,,a_10,
"s_10.1021_FS_nl0730155_PC_derived:156,157,158",Aluminum Oxide,,,,,literature_mined,10.1021/nl0730155,,,,a_10,
"s_10.1021_FS_nl0730155_PC_derived:159,160,161",Aluminum Oxide,,,,,literature_mined,10.1021/nl0730155,,,,a_10,
"s_10.1021_FS_nl0730155_PC_derived:162,163,164",Aluminum Oxide,,,,,literature_mined,10.1021/nl0730155,,,,a_10,
"s_10.1021_FS_nl0730155_PC_derived:165,166,167",Aluminum Oxide,,,,,literature_mined,10.1021/nl0730155,,,,a_10,
"s_10.1021_FS_nl0730155_PC_derived:168,169,170",Aluminum Oxide,,,,,literature_mined,10.1021/nl0730155,,,,a_10,
"s_10.1021_FS_nl0730155_PC_derived:171,172,173",Aluminum Oxide,,,,,literature_mined,10.1021/nl0730155,,,,a_10,
"s_10.1021_FS_nl0730155_PC_derived:174,175,176",Aluminum Oxide,,,,,literature_mined,10.1021/nl0730155,,,,a_10,
"s_10.1021_FS_nl0730155_PC_derived:177,178,179",Aluminum Oxide,,,,,literature_mined,10.1021/nl0730155,,,,a_10,
"s_10.1021_FS_nl0730155_PC_derived:180,181,182",Aluminum Oxide,,,,,literature_mined,10.1021/nl0730155,,,,a_10,
"s_10.1021_FS_nl0730155_PC_derived:183,184,185",Aluminum Oxide,,,,,literature_mined,10.1021/nl0730155,,,,a_10,
"s_10.1021_FS_nl0730155_PC_derived:186,187,188",Aluminum Oxide,,,,,literature_mined,10.1021/nl0730155,,,,a_10,
"s_10.1021_FS_nl0730155_PC_derived:189,190,191",Aluminum Oxide,,,,,literature_mined,10.1021/nl0730155,,,,a_10,
"s_10.1021_FS_nl0730155_PC_derived:192,193,194",Aluminum Oxide,,,,,literature_mined,10.1021/nl0730155,,,,a_10,
"s_10.1021_FS_nl0730155_PC_derived:195,196,197",Aluminum Oxide,,,,,literature_mined,10.1021/nl0730155,,,,a_10,
"s_10.1021_FS_nl0730155_PC_derived:198,199,200",Aluminum Oxide,,,,,literature_mined,10.1021/nl0730155,,,,a_10,
"s_10.1021_FS_nl0730155_PC_derived:201,202,203",Aluminum Oxide,,,,,literature_mined,10.1021/nl0730155,,,,a_10,
"s_10.1021_FS_nl0730155_PC_derived:204,205,206",Aluminum Oxide,,,,,literature_mined,10.1021/nl0730155,,,,a_10,
"s_10.1021_FS_nl0730155_PC_derived:207,208,209",Aluminum Oxide,,,,,literature_mined,10.1021/nl0730155,,,,a_10,
"s_10.1021_FS_nl0730155_PC_derived:210,211,212",Aluminum Oxide,,,,,literature_mined,10.1021/nl0730155,,,,a_10,
"s_10.1021_FS_nl0730155_PC_derived:213,214,215",Aluminum Oxide,,,,,literature_mined,10.1021/nl0730155,,,,a_10,
"s_10.1021_FS_nl0730155_PC_derived:216,217,218",Aluminum Oxide,,,,,literature_mined,10.1021/nl0730155,,,,a_10,
"s_10.1021_FS_nl0730155_PC_derived:219,220,221",Aluminum Oxide,,,,,literature_mined,10.1021/nl0730155,,,,a_10,
"s_10.1021_FS_nl0730155_PC_derived:222,223,224",Aluminum Oxide,,,,,literature_mined,10.1021/nl0730155,,,,a_10,
"s_10.1021_FS_nl0730155_PC_derived:225,226,227",Aluminum Oxide,,,,,literature_mined,10.1021/nl0730155,,,,a_10,
"s_10.1021_FS_nl0730155_PC_derived:228,229,230",Aluminum Oxide,,,,,literature_mined,10.1021/nl0730155,,,,a_10,
"s_10.1021_FS_nl0730155_PC_derived:231,232,233",Aluminum Oxide,,,,,literature_mined,10.1021/nl0730155,,,,a_10,
"s_10.1021_FS_nl0730155_PC_derived:234,235,236",Aluminum Oxide,,,,,literature_mined,10.1021/nl0730155,,,,a_10,
"s_10.1021_FS_nl0730155_PC_derived:237,238,239",Aluminum Oxide,,,,,literature_mined,10.1021/nl0730155,,,,a_10,
"s_10.1021_FS_nl0730155_PC_derived:240,241,242",Aluminum Oxide,,,,,literature_mined,10.1021/nl0730155,,,,a_10,
"s_10.1021_FS_nl0730155_PC_derived:243,244,245",Aluminum Oxide,,,,,literature_mined,10.1021/nl0730155,,,,a_10,
"s_10.1021_FS_nl0730155_PC_derived:246,247,248",Aluminum Oxide,,,,,literature_mined,10.1021/nl0730155,,,,a_10,
"s_10.1021_FS_nl0730155_PC_derived:249,250,251",Aluminum Oxide,,,,,literature_mined,10.1021/nl0730155,,,,a_10,
"s_10.1021_FS_nl0730155_PC_derived:252,253,254",Aluminum Oxide,,,,,literature_mined,10.1021/nl0730155,,,,a_10,
"s_10.1021_FS_nl0730155_PC_derived:255,256,257",Aluminum Oxide,,,,,literature_mined,10.1021/nl0730155,,,,a_10,
"s_10.1021_FS_nl0730155_PC_derived:258,259,260",Aluminum Oxide,,,,,literature_mined,10.1021/nl0730155,,,,a_10,
"s_10.1021_FS_nl0730155_PC_derived:261,262,263",Aluminum Oxide,,,,,literature_mined,10.1021/nl0730155,,,,a_10,
"s_10.1021_FS_nl0730155_PC_derived:264,265,266",Aluminum Oxide,,,,,literature_mined,10.1021/nl0730155,,,,a_10,
"s_10.1021_FS_nl0730155_PC_derived:267,268,269",Aluminum Oxide,,,,,literature_mined,10.1021/nl0730155,,,,a_10,
"s_10.1021_FS_nl0730155_PC_derived:270,271,272",Aluminum Oxide,,,,,literature_mined,10.1021/nl0730155,,,,a_10,
"s_10.1021_FS_nl0730155_PC_derived:273,274,275",Aluminum Oxide,,,,,literature_mined,10.1021/nl0730155,,,,a_10,
"s_10.1021_FS_nl0730155_PC_derived:276,277,278",Aluminum Oxide,,,,,literature_mined,10.1021/nl0730155,,,,a_10,
"s_10.1021_FS_nl0730155_PC_derived:279,280,281",Aluminum Oxide,,,,,literature_mined,10.1021/nl0730155,,,,a_10,
"s_10.1021_FS_nl0730155_PC_derived:282,283,284",Aluminum Oxide,,,,,literature_mined,10.1021/nl0730155,,,,a_10,
"s_10.1021_FS_nl0730155_PC_derived:285,286,287",Aluminum Oxide,,,,,literature_mined,10.1021/nl0730155,,,,a_10,
"s_10.1021_FS_nl0730155_PC_derived:288,289,290",Aluminum Oxide,,,,,literature_mined,10.1021/nl0730155,,,,a_10,
"s_10.1021_FS_nl0730155_PC_derived:291,292,293",Aluminum Oxide,,,,,literature_mined,10.1021/nl0730155,,,,a_10,
"s_10.1021_FS_nl0730155_PC_derived:294,295,296",Aluminum Oxide,,,,,literature_mined,10.1021/nl0730155,,,,a_10,
"s_10.1021_FS_nl0730155_PC_derived:297,298,299",Aluminum Oxide,,,,,literature_mined,10.1021/nl0730155,,,,a_10,
"s_10.1021_FS_nl0730155_PC_derived:300,301,302",Aluminum Oxide,,,,,literature_mined,10.1021/nl0730155,,,,a_10,
"s_10.1021_FS_nl0730155_PC_derived:303,304,305",Aluminum Oxide,,,,,literature_mined,10.1021/nl0730155,,,,a_10,
"s_10.1021_FS_nl0730155_PC_derived:306,307,308",Aluminum Oxide,,,,,literature_mined,10.1021/nl0730155,,,,a_10,
"s_10.1021_FS_nl0730155_PC_derived:309,310,311",Aluminum Oxide,,,,,literature_mined,10.1021/nl0730155,,,,a_10,
"s_10.1021_FS_nl0730155_PC_derived:312,313,314",Aluminum Oxide,,,,,literature_mined,10.1021/nl0730155,,,,a_10,
"s_10.1021_FS_nl0730155_PC_derived:315,316,317",Aluminum Oxide,,,,,literature_mined,10.1021/nl0730155,,,,a_10,
"s_10.1021_FS_nl0730155_PC_derived:318,319,320",Aluminum Oxide,,,,,literature_mined,10.1021/nl0730155,,,,a_10,
"s_10.1021_FS_nl0730155_PC_derived:321,322,323",Aluminum Oxide,,,,,literature_mined,10.1021/nl0730155,,,,a_10,
"s_10.1021_FS_nl0730155_PC_derived:324,325,326",Aluminum Oxide,,,,,literature_mined,10.1021/nl0730155,,,,a_10,
"s_10.1021_FS_nl0730155_PC_derived:327,328,329",Aluminum Oxide,,,,,literature_mined,10.1021/nl0730155,,,,a_10,
"s_10.1021_FS_nl0730155_PC_derived:330,331,332",Aluminum Oxide,,,,,literature_mined,10.1021/nl0730155,,,,a_10,
"s_10.1021_FS_nl0730155_PC_derived:333,334,335",Aluminum Oxide,,,,,literature_mined,10.1021/nl0730155,,,,a_10,
"s_10.1021_FS_nl0730155_PC_derived:336,337,338",Aluminum Oxide,,,,,literature_mined,10.1021/nl0730155,,,,a_10,
"s_10.1021_FS_nl0730155_PC_derived:339,340,341",Aluminum Oxide,,,,,literature_mined,10.1021/nl0730155,,,,a_10,
"s_10.1021_FS_nl0730155_PC_derived:342,343,344",Aluminum Oxide,,,,,literature_mined,10.1021/nl0730155,,,,a_10,
"s_10.1021_FS_nl0730155_PC_derived:345,346,347",Aluminum Oxide,,,,,literature_mined,10.1021/nl0730155,,,,a_10,
"s_10.1021_FS_nl0730155_PC_derived:348,349,350",Aluminum Oxide,,,,,literature_mined,10.1021/nl0730155,,,,a_10,
"s_10.1021_FS_nl0730155_PC_derived:351,352,353",Aluminum Oxide,,,,,literature_mined,10.1021/nl0730155,,,,a_10,
"s_10.1021_FS_nl0730155_PC_derived:354,355,356",Aluminum Oxide,,,,,literature_mined,10.1021/nl0730155,,,,a_10,
"s_10.1021_FS_nl0730155_PC_derived:357,358,359",Aluminum Oxide,,,,,literature_mined,10.1021/nl0730155,,,,a_10,
"s_10.1021_FS_nl0730155_PC_derived:360,361,362",Aluminum Oxide,,,,,literature_mined,10.1021/nl0730155,,,,a_10,
"s_10.1021_FS_nl0730155_PC_derived:363,364,365",Aluminum Oxide,,,,,literature_mined,10.1021/nl0730155,,,,a_10,
"s_10.1021_FS_nl0730155_PC_derived:366,367,368",Aluminum Oxide,,,,,literature_mined,10.1021/nl0730155,,,,a_10,
"s_10.1021_FS_nl0730155_PC_derived:369,370,371",Aluminum Oxide,,,,,literature_mined,10.1021/nl0730155,,,,a_10,
s_10.1021_FS_nl0730155_PC_1,Aluminum Oxide,,,,,literature_mined,10.1021/nl0730155,,,,a_10,
s_10.1021_FS_nl0730155_PC_2,Aluminum Oxide,,,,,literature_mined,10.1021/nl0730155,,,,a_10,
s_10.1021_FS_nl0730155_PC_3,Aluminum Oxide,,,,,literature_mined,10.1021/nl0730155,,,,a_10,
s_10.1021_FS_nl0730155_PC_4,Aluminum Oxide,,,,,literature_mined,10.1021/nl0730155,,,,a_10,
s_10.1021_FS_nl0730155_PC_5,Aluminum Oxide,,,,,literature_mined,10.1021/nl0730155,,,,a_10,
s_10.1021_FS_nl0730155_PC_6,Aluminum Oxide,,,,,literature_mined,10.1021/nl0730155,,,,a_10,
s_10.1021_FS_nl0730155_PC_7,Aluminum Oxide,,,,,literature_mined,10.1021/nl0730155,,,,a_10,
s_10.1021_FS_nl0730155_PC_8,Aluminum Oxide,,,,,literature_mined,10.1021/nl0730155,,,,a_10,
s_10.1021_FS_nl0730155_PC_9,Aluminum Oxide,,,,,literature_mined,10.1021/nl0730155,,,,a_10,
s_10.1021_FS_nl0730155_PC_10,Aluminum Oxide,,,,,literature_mined,10.1021/nl0730155,,,,a_10,
s_10.1021_FS_nl0730155_PC_11,Aluminum Oxide,,,,,literature_mined,10.1021/nl0730155,,,,a_10,
s_10.1021_FS_nn3010087_PC_49,Aluminum Oxide,,,,,literature_mined,10.1021/nn3010087,,,,a_10,
s_10.1021_FS_nn3010087_PC_50,Aluminum Oxide,,,,,literature_mined,10.1021/nn3010087,,,,a_10,
s_10.1021_FS_nn3010087_PC_51,Aluminum Oxide,,,,,literature_mined,10.1021/nn3010087,,,,a_10,
s_10.1021_FS_nn3010087_PC_52,Aluminum Oxide,,,,,literature_mined,10.1021/nn3010087,,,,a_10,
s_10.1021_FS_nn3010087_PC_53,Aluminum Oxide,,,,,literature_mined,10.1021/nn3010087,,,,a_10,
s_10.1021_FS_nn3010087_PC_54,Aluminum Oxide,,,,,literature_mined,10.1021/nn3010087,,,,a_10,
s_10.1021_FS_nn3010087_PC_55,Aluminum Oxide,,,,,literature_mined,10.1021/nn3010087,,,,a_10,
s_10.1021_FS_nn3010087_PC_56,Aluminum Oxide,,,,,literature_mined,10.1021/nn3010087,,,,a_10,
s_10.1021_FS_nn3010087_PC_57,Aluminum Oxide,,,,,literature_mined,10.1021/nn3010087,,,,a_10,
s_10.1021_FS_nn3010087_PC_58,Aluminum Oxide,,,,,literature_mined,10.1021/nn3010087,,,,a_10,
s_10.1021_FS_nn3010087_PC_59,Aluminum Oxide,,,,,literature_mined,10.1021/nn3010087,,,,a_10,
s_10.1021_FS_nn3010087_PC_60,Aluminum Oxide,,,,,literature_mined,10.1021/nn3010087,,,,a_10,
s_10.1021_FS_nn3010087_PC_61,Aluminum Oxide,,,,,literature_mined,10.1021/nn3010087,,,,a_10,
s_10.1021_FS_nn3010087_PC_62,Aluminum Oxide,,,,,literature_mined,10.1021/nn3010087,,,,a_10,
s_10.1021_FS_nn3010087_PC_63,Aluminum Oxide,,,,,literature_mined,10.1021/nn3010087,,,,a_10,
s_10.1021_FS_nn3010087_PC_64,Aluminum Oxide,,,,,literature_mined,10.1021/nn3010087,,,,a_10,
s_10.1021_FS_nn3010087_PC_65,Aluminum Oxide,,,,,literature_mined,10.1021/nn3010087,,,,a_10,
s_10.1021_FS_nn3010087_PC_66,Aluminum Oxide,,,,,literature_mined,10.1021/nn3010087,,,,a_10,
s_10.1021_FS_nn3010087_PC_67,Aluminum Oxide,,,,,literature_mined,10.1021/nn3010087,,,,a_10,
s_10.1021_FS_nn3010087_PC_68,Aluminum Oxide,,,,,literature_mined,10.1021/nn3010087,,,,a_10,
s_10.1021_FS_nn3010087_PC_69,Aluminum Oxide,,,,,literature_mined,10.1021/nn3010087,,,,a_10,
s_10.1021_FS_nn3010087_PC_70,Aluminum Oxide,,,,,literature_mined,10.1021/nn3010087,,,,a_10,
s_10.1021_FS_nn3010087_PC_71,Aluminum Oxide,,,,,literature_mined,10.1021/nn3010087,,,,a_10,
s_10.1021_FS_nn3010087_PC_72,Aluminum Oxide,,,,,literature_mined,10.1021/nn3010087,,,,a_10,
s_10.1021_FS_nn3010087_PC_73,Aluminum Oxide,,,,,literature_mined,10.1021/nn3010087,,,,a_10,
s_10.1021_FS_nn3010087_PC_74,Aluminum Oxide,,,,,literature_mined,10.1021/nn3010087,,,,a_10,
s_10.1021_FS_nn3010087_PC_75,Aluminum Oxide,,,,,literature_mined,10.1021/nn3010087,,,,a_10,
s_10.1021_FS_nn3010087_PC_76,Aluminum Oxide,,,,,literature_mined,10.1021/nn3010087,,,,a_10,
s_10.1021_FS_nn3010087_PC_77,Aluminum Oxide,,,,,literature_mined,10.1021/nn3010087,,,,a_10,
s_10.1021_FS_nn3010087_PC_78,Aluminum Oxide,,,,,literature_mined,10.1021/nn3010087,,,,a_10,
s_10.1021_FS_nn3010087_PC_79,Aluminum Oxide,,,,,literature_mined,10.1021/nn3010087,,,,a_10,
s_10.1021_FS_nn3010087_PC_80,Aluminum Oxide,,,,,literature_mined,10.1021/nn3010087,,,,a_10,
s_10.1021_FS_nn3010087_PC_81,Aluminum Oxide,,,,,literature_mined,10.1021/nn3010087,,,,a_10,
s_10.1021_FS_nn3010087_PC_82,Aluminum Oxide,,,,,literature_mined,10.1021/nn3010087,,,,a_10,
s_10.1021_FS_nn3010087_PC_83,Aluminum Oxide,,,,,literature_mined,10.1021/nn3010087,,,,a_10,
s_10.1021_FS_nn3010087_PC_84,Aluminum Oxide,,,,,literature_mined,10.1021/nn3010087,,,,a_10,
s_10.1021_FS_nn3010087_PC_85,Aluminum Oxide,,,,,literature_mined,10.1021/nn3010087,,,,a_10,
s_10.1021_FS_nn3010087_PC_86,Aluminum Oxide,,,,,literature_mined,10.1021/nn3010087,,,,a_10,
s_10.1021_FS_nn3010087_PC_87,Aluminum Oxide,,,,,literature_mined,10.1021/nn3010087,,,,a_10,
s_10.1021_FS_nn3010087_PC_88,Aluminum Oxide,,,,,literature_mined,10.1021/nn3010087,,,,a_10,
s_10.1021_FS_nn3010087_PC_89,Aluminum Oxide,,,,,literature_mined,10.1021/nn3010087,,,,a_10,
s_10.1021_FS_nn3010087_PC_90,Aluminum Oxide,,,,,literature_mined,10.1021/nn3010087,,,,a_10,
s_10.1021_FS_nn3010087_PC_91,Aluminum Oxide,,,,,literature_mined,10.1021/nn3010087,,,,a_10,
s_10.1021_FS_nn3010087_PC_92,Aluminum Oxide,,,,,literature_mined,10.1021/nn3010087,,,,a_10,
s_10.1021_FS_nn3010087_PC_93,Aluminum Oxide,,,,,literature_mined,10.1021/nn3010087,,,,a_10,
s_10.1021_FS_nn3010087_PC_94,Aluminum Oxide,,,,,literature_mined,10.1021/nn3010087,,,,a_10,
s_10.1021_FS_nn3010087_PC_95,Aluminum Oxide,,,,,literature_mined,10.1021/nn3010087,,,,a_10,
s_10.1021_FS_nn3010087_PC_96,Aluminum Oxide,,,,,literature_mined,10.1021/nn3010087,,,,a_10,
s_10.1021_FS_nn3010087_PC_97,Aluminum Oxide,,,,,literature_mined,10.1021/nn3010087,,,,a_10,
s_10.1021_FS_nn3010087_PC_98,Aluminum Oxide,,,,,literature_mined,10.1021/nn3010087,,,,a_10,
s_10.1021_FS_nn3010087_PC_99,Aluminum Oxide,,,,,literature_mined,10.1021/nn3010087,,,,a_10,
s_10.1021_FS_nn3010087_PC_100,Aluminum Oxide,,,,,literature_mined,10.1021/nn3010087,,,,a_10,
s_10.1021_FS_nn3010087_PC_101,Aluminum Oxide,,,,,literature_mined,10.1021/nn3010087,,,,a_10,
s_10.1021_FS_nn3010087_PC_102,Aluminum Oxide,,,,,literature_mined,10.1021/nn3010087,,,,a_10,
s_10.1021_FS_nn3010087_PC_103,Aluminum Oxide,,,,,literature_mined,10.1021/nn3010087,,,,a_10,
s_10.1021_FS_nn3010087_PC_104,Aluminum Oxide,,,,,literature_mined,10.1021/nn3010087,,,,a_10,
s_10.1021_FS_nn3010087_PC_105,Aluminum Oxide,,,,,literature_mined,10.1021/nn3010087,,,,a_10,
s_10.1021_FS_nn3010087_PC_106,Aluminum Oxide,,,,,literature_mined,10.1021/nn3010087,,,,a_10,
s_10.1021_FS_nn3010087_PC_107,Aluminum Oxide,,,,,literature_mined,10.1021/nn3010087,,,,a_10,
s_10.1021_FS_nn3010087_PC_108,Aluminum Oxide,,,,,literature_mined,10.1021/nn3010087,,,,a_10,
s_10.1021_FS_nn3010087_PC_109,Aluminum Oxide,,,,,literature_mined,10.1021/nn3010087,,,,a_10,
s_10.1021_FS_nn3010087_PC_110,Aluminum Oxide,,,,,literature_mined,10.1021/nn3010087,,,,a_10,
s_10.1021_FS_nn3010087_PC_111,Aluminum Oxide,,,,,literature_mined,10.1021/nn3010087,,,,a_10,
s_10.1021_FS_nn3010087_PC_112,Aluminum Oxide,,,,,literature_mined,10.1021/nn3010087,,,,a_10,
s_10.1021_FS_nn3010087_PC_113,Aluminum Oxide,,,,,literature_mined,10.1021/nn3010087,,,,a_10,
s_10.1021_FS_nn3010087_PC_114,Aluminum Oxide,,,,,literature_mined,10.1021/nn3010087,,,,a_10,
s_10.1021_FS_nn3010087_PC_115,Aluminum Oxide,,,,,literature_mined,10.1021/nn3010087,,,,a_10,
s_10.1021_FS_nn3010087_PC_116,Aluminum Oxide,,,,,literature_mined,10.1021/nn3010087,,,,a_10,
s_10.1021_FS_nn3010087_PC_117,Aluminum Oxide,,,,,literature_mined,10.1021/nn3010087,,,,a_10,
s_10.1021_FS_nn3010087_PC_118,Aluminum Oxide,,,,,literature_mined,10.1021/nn3010087,,,,a_10,
s_10.1021_FS_nn3010087_PC_119,Aluminum Oxide,,,,,literature_mined,10.1021/nn3010087,,,,a_10,
s_10.1021_FS_nn3010087_PC_120,Aluminum Oxide,,,,,literature_mined,10.1021/nn3010087,,,,a_10,
s_10.1021_FS_nn3010087_PC_121,Aluminum Oxide,,,,,literature_mined,10.1021/nn3010087,,,,a_10,
s_10.1021_FS_nn3010087_PC_122,Aluminum Oxide,,,,,literature_mined,10.1021/nn3010087,,,,a_10,
s_10.1021_FS_nn3010087_PC_123,Aluminum Oxide,,,,,literature_mined,10.1021/nn3010087,,,,a_10,
s_10.1021_FS_nn3010087_PC_124,Aluminum Oxide,,,,,literature_mined,10.1021/nn3010087,,,,a_10,
s_10.1021_FS_nn3010087_PC_125,Aluminum Oxide,,,,,literature_mined,10.1021/nn3010087,,,,a_10,
s_10.1021_FS_nn3010087_PC_126,Aluminum Oxide,,,,,literature_mined,10.1021/nn3010087,,,,a_10,
s_10.1021_FS_nn3010087_PC_127,Aluminum Oxide,,,,,literature_mined,10.1021/nn3010087,,,,a_10,
s_10.1021_FS_nn3010087_PC_128,Aluminum Oxide,,,,,literature_mined,10.1021/nn3010087,,,,a_10,
s_10.1021_FS_nn3010087_PC_129,Aluminum Oxide,,,,,literature_mined,10.1021/nn3010087,,,,a_10,
s_10.1021_FS_nn3010087_PC_130,Aluminum Oxide,,,,,literature_mined,10.1021/nn3010087,,,,a_10,
s_10.1021_FS_nn3010087_PC_131,Aluminum Oxide,,,,,literature_mined,10.1021/nn3010087,,,,a_10,
s_10.1021_FS_nn3010087_PC_132,Aluminum Oxide,,,,,literature_mined,10.1021/nn3010087,,,,a_10,
s_10.1021_FS_nn3010087_PC_133,Aluminum Oxide,,,,,literature_mined,10.1021/nn3010087,,,,a_10,
s_10.1021_FS_nn3010087_PC_134,Aluminum Oxide,,,,,literature_mined,10.1021/nn3010087,,,,a_10,
s_10.1021_FS_nn3010087_PC_135,Aluminum Oxide,,,,,literature_mined,10.1021/nn3010087,,,,a_10,
s_10.1021_FS_nn3010087_PC_136,Aluminum Oxide,,,,,literature_mined,10.1021/nn3010087,,,,a_10,
s_10.1021_FS_nn3010087_PC_137,Aluminum Oxide,,,,,literature_mined,10.1021/nn3010087,,,,a_10,
s_10.1021_FS_nn3010087_PC_138,Aluminum Oxide,,,,,literature_mined,10.1021/nn3010087,,,,a_10,
s_10.1021_FS_nn3010087_PC_139,Aluminum Oxide,,,,,literature_mined,10.1021/nn3010087,,,,a_10,
s_10.1021_FS_nn3010087_PC_140,Aluminum Oxide,,,,,literature_mined,10.1021/nn3010087,,,,a_10,
s_10.1021_FS_nn3010087_PC_141,Aluminum Oxide,,,,,literature_mined,10.1021/nn3010087,,,,a_10,
s_10.1021_FS_nn3010087_PC_142,Aluminum Oxide,,,,,literature_mined,10.1021/nn3010087,,,,a_10,
s_10.1021_FS_nn3010087_PC_143,Aluminum Oxide,,,,,literature_mined,10.1021/nn3010087,,,,a_10,
s_10.1021_FS_nn3010087_PC_144,Aluminum Oxide,,,,,literature_mined,10.1021/nn3010087,,,,a_10,
s_10.1073_FS_pnas.0802878105_InVitro.CB_1,Aluminum Oxide,,,,,literature_mined,10.1073/pnas.0802878105,,,,a_10,
s_10.1073_FS_pnas.0802878105_InVitro.CB_2,Aluminum Oxide,,,,,literature_mined,10.1073/pnas.0802878105,,,,a_10,
s_10.1073_FS_pnas.0802878105_InVitro.CB_3,Aluminum Oxide,,,,,literature_mined,10.1073/pnas.0802878105,,,,a_10,
s_10.1073_FS_pnas.0802878105_InVitro.CB_4,Aluminum Oxide,,,,,literature_mined,10.1073/pnas.0802878105,,,,a_10,
s_10.1073_FS_pnas.0802878105_InVitro.CB_5,Aluminum Oxide,,,,,literature_mined,10.1073/pnas.0802878105,,,,a_10,
s_10.1073_FS_pnas.0802878105_InVitro.CB_6,Aluminum Oxide,,,,,literature_mined,10.1073/pnas.0802878105,,,,a_10,
s_10.1073_FS_pnas.0802878105_InVitro.CB_7,Aluminum Oxide,,,,,literature_mined,10.1073/pnas.0802878105,,,,a_10,
s_10.1073_FS_pnas.0802878105_InVitro.CB_8,Aluminum Oxide,,,,,literature_mined,10.1073/pnas.0802878105,,,,a_10,
s_10.1073_FS_pnas.0802878105_InVitro.CB_9,Aluminum Oxide,,,,,literature_mined,10.1073/pnas.0802878105,,,,a_10,
s_10.1073_FS_pnas.0802878105_InVitro.CB_10,Aluminum Oxide,,,,,literature_mined,10.1073/pnas.0802878105,,,,a_10,
s_10.1073_FS_pnas.0802878105_InVitro.CB_11,Aluminum Oxide,,,,,literature_mined,10.1073/pnas.0802878105,,,,a_10,
s_10.1073_FS_pnas.0802878105_InVitro.CB_12,Aluminum Oxide,,,,,literature_mined,10.1073/pnas.0802878105,,,,a_10,
s_10.1073_FS_pnas.0802878105_InVitro.CB_13,Aluminum Oxide,,,,,literature_mined,10.1073/pnas.0802878105,,,,a_10,
s_10.1073_FS_pnas.0802878105_InVitro.CB_14,Aluminum Oxide,,,,,literature_mined,10.1073/pnas.0802878105,,,,a_10,
s_10.1073_FS_pnas.0802878105_InVitro.CB_15,Aluminum Oxide,,,,,literature_mined,10.1073/pnas.0802878105,,,,a_10,
s_10.1073_FS_pnas.0802878105_InVitro.CB_16,Aluminum Oxide,,,,,literature_mined,10.1073/pnas.0802878105,,,,a_10,
s_10.1073_FS_pnas.0802878105_InVitro.CB_17,Aluminum Oxide,,,,,literature_mined,10.1073/pnas.0802878105,,,,a_10,
s_10.1073_FS_pnas.0802878105_InVitro.CB_18,Aluminum Oxide,,,,,literature_mined,10.1073/pnas.0802878105,,,,a_10,
s_10.1073_FS_pnas.0802878105_InVitro.CB_19,Aluminum Oxide,,,,,literature_mined,10.1073/pnas.0802878105,,,,a_10,
s_10.1073_FS_pnas.0802878105_InVitro.CB_20,Aluminum Oxide,,,,,literature_mined,10.1073/pnas.0802878105,,,,a_10,
s_10.1073_FS_pnas.0802878105_InVitro.CB_21,Aluminum Oxide,,,,,literature_mined,10.1073/pnas.0802878105,,,,a_10,
s_10.1073_FS_pnas.0802878105_InVitro.CB_22,Aluminum Oxide,,,,,literature_mined,10.1073/pnas.0802878105,,,,a_10,
s_10.1073_FS_pnas.0802878105_InVitro.CB_23,Aluminum Oxide,,,,,literature_mined,10.1073/pnas.0802878105,,,,a_10,
s_10.1073_FS_pnas.0802878105_InVitro.CB_24,Aluminum Oxide,,,,,literature_mined,10.1073/pnas.0802878105,,,,a_10,
s_10.1073_FS_pnas.0802878105_InVitro.CB_25,Aluminum Oxide,,,,,literature_mined,10.1073/pnas.0802878105,,,,a_10,
s_10.1073_FS_pnas.0802878105_InVitro.CB_26,Aluminum Oxide,,,,,literature_mined,10.1073/pnas.0802878105,,,,a_10,
s_10.1073_FS_pnas.0802878105_InVitro.CB_27,Aluminum Oxide,,,,,literature_mined,10.1073/pnas.0802878105,,,,a_10,
s_10.1073_FS_pnas.0802878105_InVitro.CB_28,Aluminum Oxide,,,,,literature_mined,10.1073/pnas.0802878105,,,,a_10,
s_10.1073_FS_pnas.0802878105_InVitro.CB_29,Aluminum Oxide,,,,,literature_mined,10.1073/pnas.0802878105,,,,a_10,
s_10.1073_FS_pnas.0802878105_InVitro.CB_30,Aluminum Oxide,,,,,literature_mined,10.1073/pnas.0802878105,,,,a_10,
s_10.1073_FS_pnas.0802878105_InVitro.CB_31,Aluminum Oxide,,,,,literature_mined,10.1073/pnas.0802878105,,,,a_10,
s_10.1073_FS_pnas.0802878105_InVitro.CB_32,Aluminum Oxide,,,,,literature_mined,10.1073/pnas.0802878105,,,,a_10,
s_10.1073_FS_pnas.0802878105_InVitro.CB_33,Aluminum Oxide,,,,,literature_mined,10.1073/pnas.0802878105,,,,a_10,
s_10.1073_FS_pnas.0802878105_InVitro.CB_34,Aluminum Oxide,,,,,literature_mined,10.1073/pnas.0802878105,,,,a_10,
s_10.1073_FS_pnas.0802878105_InVitro.CB_35,Aluminum Oxide,,,,,literature_mined,10.1073/pnas.0802878105,,,,a_10,
s_10.1073_FS_pnas.0802878105_InVitro.CB_36,Aluminum Oxide,,,,,literature_mined,10.1073/pnas.0802878105,,,,a_10,
s_10.1073_FS_pnas.0802878105_InVitro.CB_37,Aluminum Oxide,,,,,literature_mined,10.1073/pnas.0802878105,,,,a_10,
s_10.1073_FS_pnas.0802878105_InVitro.CB_38,Aluminum Oxide,,,,,literature_mined,10.1073/pnas.0802878105,,,,a_10,
s_10.1073_FS_pnas.0802878105_InVitro.CB_39,Aluminum Oxide,,,,,literature_mined,10.1073/pnas.0802878105,,,,a_10,
s_10.1073_FS_pnas.0802878105_InVitro.CB_40,Aluminum Oxide,,,,,literature_mined,10.1073/pnas.0802878105,,,,a_10,
s_10.1073_FS_pnas.0802878105_InVitro.CB_41,Aluminum Oxide,,,,,literature_mined,10.1073/pnas.0802878105,,,,a_10,
s_10.1073_FS_pnas.0802878105_InVitro.CB_42,Aluminum Oxide,,,,,literature_mined,10.1073/pnas.0802878105,,,,a_10,
s_10.1073_FS_pnas.0802878105_InVitro.CB_43,Aluminum Oxide,,,,,literature_mined,10.1073/pnas.0802878105,,,,a_10,
s_10.1073_FS_pnas.0802878105_InVitro.CB_44,Aluminum Oxide,,,,,literature_mined,10.1073/pnas.0802878105,,,,a_10,
s_10.1073_FS_pnas.0802878105_InVitro.CB_45,Aluminum Oxide,,,,,literature_mined,10.1073/pnas.0802878105,,,,a_10,
s_10.1073_FS_pnas.0802878105_InVitro.CB_46,Aluminum Oxide,,,,,literature_mined,10.1073/pnas.0802878105,,,,a_10,
s_10.1073_FS_pnas.0802878105_InVitro.CB_47,Aluminum Oxide,,,,,literature_mined,10.1073/pnas.0802878105,,,,a_10,
s_10.1073_FS_pnas.0802878105_InVitro.CB_48,Aluminum Oxide,,,,,literature_mined,10.1073/pnas.0802878105,,,,a_10,
s_10.1073_FS_pnas.0802878105_InVitro.CB_49,Aluminum Oxide,,,,,literature_mined,10.1073/pnas.0802878105,,,,a_10,
s_10.1073_FS_pnas.0802878105_InVitro.CB_50,Aluminum Oxide,,,,,literature_mined,10.1073/pnas.0802878105,,,,a_10,
s_10.1073_FS_pnas.0802878105_InVitro.CB_51,Aluminum Oxide,,,,,literature_mined,10.1073/pnas.0802878105,,,,a_10,
s_10.1073_FS_pnas.0802878105_InVitro.CB_52,Aluminum Oxide,,,,,literature_mined,10.1073/pnas.0802878105,,,,a_10,
s_10.1073_FS_pnas.0802878105_InVitro.CB_53,Aluminum Oxide,,,,,literature_mined,10.1073/pnas.0802878105,,,,a_10,
s_10.1073_FS_pnas.0802878105_InVitro.CB_54,Aluminum Oxide,,,,,literature_mined,10.1073/pnas.0802878105,,,,a_10,
s_10.1073_FS_pnas.0802878105_InVitro.CB_55,Aluminum Oxide,,,,,literature_mined,10.1073/pnas.0802878105,,,,a_10,
s_10.1073_FS_pnas.0802878105_InVitro.CB_56,Aluminum Oxide,,,,,literature_mined,10.1073/pnas.0802878105,,,,a_10,
s_10.1073_FS_pnas.0802878105_InVitro.CB_57,Aluminum Oxide,,,,,literature_mined,10.1073/pnas.0802878105,,,,a_10,
s_10.1073_FS_pnas.0802878105_InVitro.CB_58,Aluminum Oxide,,,,,literature_mined,10.1073/pnas.0802878105,,,,a_10,
s_10.1073_FS_pnas.0802878105_InVitro.CB_59,Aluminum Oxide,,,,,literature_mined,10.1073/pnas.0802878105,,,,a_10,
s_10.1073_FS_pnas.0802878105_InVitro.CB_60,Aluminum Oxide,,,,,literature_mined,10.1073/pnas.0802878105,,,,a_10,
s_10.1073_FS_pnas.0802878105_InVitro.CB_61,Aluminum Oxide,,,,,literature_mined,10.1073/pnas.0802878105,,,,a_10,
s_10.1073_FS_pnas.0802878105_InVitro.CB_62,Aluminum Oxide,,,,,literature_mined,10.1073/pnas.0802878105,,,,a_10,
s_10.1073_FS_pnas.0802878105_InVitro.CB_63,Aluminum Oxide,,,,,literature_mined,10.1073/pnas.0802878105,,,,a_10,
s_10.1073_FS_pnas.0802878105_InVitro.CB_64,Aluminum Oxide,,,,,literature_mined,10.1073/pnas.0802878105,,,,a_10,
s_10.1073_FS_pnas.0802878105_InVitro.CB_65,Aluminum Oxide,,,,,literature_mined,10.1073/pnas.0802878105,,,,a_10,
s_10.1073_FS_pnas.0802878105_InVitro.CB_66,Aluminum Oxide,,,,,literature_mined,10.1073/pnas.0802878105,,,,a_10,
s_10.1073_FS_pnas.0802878105_InVitro.CB_67,Aluminum Oxide,,,,,literature_mined,10.1073/pnas.0802878105,,,,a_10,
s_10.1073_FS_pnas.0802878105_InVitro.CB_68,Aluminum Oxide,,,,,literature_mined,10.1073/pnas.0802878105,,,,a_10,
s_10.1073_FS_pnas.0802878105_InVitro.CB_69,Aluminum Oxide,,,,,literature_mined,10.1073/pnas.0802878105,,,,a_10,
s_10.1073_FS_pnas.0802878105_InVitro.CB_70,Aluminum Oxide,,,,,literature_mined,10.1073/pnas.0802878105,,,,a_10,
s_10.1073_FS_pnas.0802878105_InVitro.CB_71,Aluminum Oxide,,,,,literature_mined,10.1073/pnas.0802878105,,,,a_10,
s_10.1073_FS_pnas.0802878105_InVitro.CB_72,Aluminum Oxide,,,,,literature_mined,10.1073/pnas.0802878105,,,,a_10,
s_10.1073_FS_pnas.0802878105_InVitro.CB_73,Aluminum Oxide,,,,,literature_mined,10.1073/pnas.0802878105,,,,a_10,
s_10.1073_FS_pnas.0802878105_InVitro.CB_74,Aluminum Oxide,,,,,literature_mined,10.1073/pnas.0802878105,,,,a_10,
s_10.1073_FS_pnas.0802878105_InVitro.CB_75,Aluminum Oxide,,,,,literature_mined,10.1073/pnas.0802878105,,,,a_10,
s_10.1073_FS_pnas.0802878105_InVitro.CB_76,Aluminum Oxide,,,,,literature_mined,10.1073/pnas.0802878105,,,,a_10,
s_10.1073_FS_pnas.0802878105_InVitro.CB_77,Aluminum Oxide,,,,,literature_mined,10.1073/pnas.0802878105,,,,a_10,
s_10.1073_FS_pnas.0802878105_InVitro.CB_78,Aluminum Oxide,,,,,literature_mined,10.1073/pnas.0802878105,,,,a_10,
s_10.1073_FS_pnas.0802878105_InVitro.CB_79,Aluminum Oxide,,,,,literature_mined,10.1073/pnas.0802878105,,,,a_10,
s_10.1073_FS_pnas.0802878105_InVitro.CB_80,Aluminum Oxide,,,,,literature_mined,10.1073/pnas.0802878105,,,,a_10,
s_10.1073_FS_pnas.0802878105_InVitro.CB_81,Aluminum Oxide,,,,,literature_mined,10.1073/pnas.0802878105,,,,a_10,
s_10.1073_FS_pnas.0802878105_InVitro.CB_82,Aluminum Oxide,,,,,literature_mined,10.1073/pnas.0802878105,,,,a_10,
s_10.1073_FS_pnas.0802878105_InVitro.CB_83,Aluminum Oxide,,,,,literature_mined,10.1073/pnas.0802878105,,,,a_10,
s_10.1073_FS_pnas.0802878105_InVitro.CB_84,Aluminum Oxide,,,,,literature_mined,10.1073/pnas.0802878105,,,,a_10,
s_10.1073_FS_pnas.0802878105_InVitro.CB_85,Aluminum Oxide,,,,,literature_mined,10.1073/pnas.0802878105,,,,a_10,
s_10.1073_FS_pnas.0802878105_InVitro.CB_86,Aluminum Oxide,,,,,literature_mined,10.1073/pnas.0802878105,,,,a_10,
s_10.1073_FS_pnas.0802878105_InVitro.CB_87,Aluminum Oxide,,,,,literature_mined,10.1073/pnas.0802878105,,,,a_10,
s_10.1073_FS_pnas.0802878105_InVitro.CB_88,Aluminum Oxide,,,,,literature_mined,10.1073/pnas.0802878105,,,,a_10,
s_10.1073_FS_pnas.0802878105_InVitro.CB_89,Aluminum Oxide,,,,,literature_mined,10.1073/pnas.0802878105,,,,a_10,
s_10.1073_FS_pnas.0802878105_InVitro.CB_90,Aluminum Oxide,,,,,literature_mined,10.1073/pnas.0802878105,,,,a_10,
s_10.1073_FS_pnas.0802878105_InVitro.CB_91,Aluminum Oxide,,,,,literature_mined,10.1073/pnas.0802878105,,,,a_10,
s_10.1073_FS_pnas.0802878105_InVitro.CB_92,Aluminum Oxide,,,,,literature_mined,10.1073/pnas.0802878105,,,,a_10,
s_10.1073_FS_pnas.0802878105_InVitro.CB_93,Aluminum Oxide,,,,,literature_mined,10.1073/pnas.0802878105,,,,a_10,
s_10.1073_FS_pnas.0802878105_InVitro.CB_94,Aluminum Oxide,,,,,literature_mined,10.1073/pnas.0802878105,,,,a_10,
s_10.1073_FS_pnas.0802878105_InVitro.CB_95,Aluminum Oxide,,,,,literature_mined,10.1073/pnas.0802878105,,,,a_10,
s_10.1073_FS_pnas.0802878105_InVitro.CB_96,Aluminum Oxide,,,,,literature_mined,10.1073/pnas.0802878105,,,,a_10,
s_10.1073_FS_pnas.0802878105_InVitro.CB_97,Aluminum Oxide,,,,,literature_mined,10.1073/pnas.0802878105,,,,a_10,
s_10.1073_FS_pnas.0802878105_InVitro.CB_98,Aluminum Oxide,,,,,literature_mined,10.1073/pnas.0802878105,,,,a_10,
s_10.1073_FS_pnas.0802878105_InVitro.CB_99,Aluminum Oxide,,,,,literature_mined,10.1073/pnas.0802878105,,,,a_10,
s_10.1073_FS_pnas.0802878105_InVitro.CB_100,Aluminum Oxide,,,,,literature_mined,10.1073/pnas.0802878105,,,,a_10,
s_10.1073_FS_pnas.0802878105_InVitro.CB_101,Aluminum Oxide,,,,,literature_mined,10.1073/pnas.0802878105,,,,a_10,
s_10.1073_FS_pnas.0802878105_InVitro.CB_102,Aluminum Oxide,,,,,literature_mined,10.1073/pnas.0802878105,,,,a_10,
s_10.1073_FS_pnas.0802878105_InVitro.CB_103,Aluminum Oxide,,,,,literature_mined,10.1073/pnas.0802878105,,,,a_10,
s_10.1073_FS_pnas.0802878105_InVitro.CB_104,Aluminum Oxide,,,,,literature_mined,10.1073/pnas.0802878105,,,,a_10,
s_10.1073_FS_pnas.0802878105_InVitro.CB_105,Aluminum Oxide,,,,,literature_mined,10.1073/pnas.0802878105,,,,a_10,
s_10.1073_FS_pnas.0802878105_InVitro.CB_106,Aluminum Oxide,,,,,literature_mined,10.1073/pnas.0802878105,,,,a_10,
s_10.1073_FS_pnas.0802878105_InVitro.CB_107,Aluminum Oxide,,,,,literature_mined,10.1073/pnas.0802878105,,,,a_10,
s_10.1073_FS_pnas.0802878105_InVitro.CB_108,Aluminum Oxide,,,,,literature_mined,10.1073/pnas.0802878105,,,,a_10,
s_10.1073_FS_pnas.0802878105_InVitro.CB_109,Aluminum Oxide,,,,,literature_mined,10.1073/pnas.0802878105,,,,a_10,
s_10.1073_FS_pnas.0802878105_InVitro.CB_110,Aluminum Oxide,,,,,literature_mined,10.1073/pnas.0802878105,,,,a_10,
s_10.1073_FS_pnas.0802878105_InVitro.CB_111,Aluminum Oxide,,,,,literature_mined,10.1073/pnas.0802878105,,,,a_10,
s_10.1073_FS_pnas.0802878105_InVitro.CB_112,Aluminum Oxide,,,,,literature_mined,10.1073/pnas.0802878105,,,,a_10,
s_10.1073_FS_pnas.0802878105_InVitro.CB_113,Aluminum Oxide,,,,,literature_mined,10.1073/pnas.0802878105,,,,a_10,
s_10.1073_FS_pnas.0802878105_InVitro.CB_114,Aluminum Oxide,,,,,literature_mined,10.1073/pnas.0802878105,,,,a_10,
s_10.1073_FS_pnas.0802878105_InVitro.CB_115,Aluminum Oxide,,,,,literature_mined,10.1073/pnas.0802878105,,,,a_10,
s_10.1073_FS_pnas.0802878105_InVitro.CB_116,Aluminum Oxide,,,,,literature_mined,10.1073/pnas.0802878105,,,,a_10,
s_10.1073_FS_pnas.0802878105_InVitro.CB_117,Aluminum Oxide,,,,,literature_mined,10.1073/pnas.0802878105,,,,a_10,
s_10.1073_FS_pnas.0802878105_InVitro.CB_118,Aluminum Oxide,,,,,literature_mined,10.1073/pnas.0802878105,,,,a_10,
s_10.1073_FS_pnas.0802878105_InVitro.CB_119,Aluminum Oxide,,,,,literature_mined,10.1073/pnas.0802878105,,,,a_10,
s_10.1073_FS_pnas.0802878105_InVitro.CB_120,Aluminum Oxide,,,,,literature_mined,10.1073/pnas.0802878105,,,,a_10,
s_10.1073_FS_pnas.0802878105_InVitro.CB_121,Aluminum Oxide,,,,,literature_mined,10.1073/pnas.0802878105,,,,a_10,
s_10.1073_FS_pnas.0802878105_InVitro.CB_122,Aluminum Oxide,,,,,literature_mined,10.1073/pnas.0802878105,,,,a_10,
s_10.1073_FS_pnas.0802878105_InVitro.CB_123,Aluminum Oxide,,,,,literature_mined,10.1073/pnas.0802878105,,,,a_10,
s_10.1073_FS_pnas.0802878105_InVitro.CB_124,Aluminum Oxide,,,,,literature_mined,10.1073/pnas.0802878105,,,,a_10,
s_10.1073_FS_pnas.0802878105_InVitro.CB_125,Aluminum Oxide,,,,,literature_mined,10.1073/pnas.0802878105,,,,a_10,
s_10.1073_FS_pnas.0802878105_InVitro.CB_126,Aluminum Oxide,,,,,literature_mined,10.1073/pnas.0802878105,,,,a_10,
s_10.1073_FS_pnas.0802878105_InVitro.CB_127,Aluminum Oxide,,,,,literature_mined,10.1073/pnas.0802878105,,,,a_10,
s_10.1073_FS_pnas.0802878105_InVitro.CB_128,Aluminum Oxide,,,,,literature_mined,10.1073/pnas.0802878105,,,,a_10,
s_10.1073_FS_pnas.0802878105_InVitro.CB_129,Aluminum Oxide,,,,,literature_mined,10.1073/pnas.0802878105,,,,a_10,
s_10.1073_FS_pnas.0802878105_InVitro.CB_130,Aluminum Oxide,,,,,literature_mined,10.1073/pnas.0802878105,,,,a_10,
s_10.1073_FS_pnas.0802878105_InVitro.CB_131,Aluminum Oxide,,,,,literature_mined,10.1073/pnas.0802878105,,,,a_10,
s_10.1073_FS_pnas.0802878105_InVitro.CB_132,Aluminum Oxide,,,,,literature_mined,10.1073/pnas.0802878105,,,,a_10,
s_10.1073_FS_pnas.0802878105_InVitro.CB_133,Aluminum Oxide,,,,,literature_mined,10.1073/pnas.0802878105,,,,a_10,
s_10.1073_FS_pnas.0802878105_InVitro.CB_134,Aluminum Oxide,,,,,literature_mined,10.1073/pnas.0802878105,,,,a_10,
s_10.1073_FS_pnas.0802878105_InVitro.CB_135,Aluminum Oxide,,,,,literature_mined,10.1073/pnas.0802878105,,,,a_10,
s_10.1073_FS_pnas.0802878105_InVitro.CB_136,Aluminum Oxide,,,,,literature_mined,10.1073/pnas.0802878105,,,,a_10,
s_10.1073_FS_pnas.0802878105_InVitro.CB_137,Aluminum Oxide,,,,,literature_mined,10.1073/pnas.0802878105,,,,a_10,
s_10.1073_FS_pnas.0802878105_InVitro.CB_138,Aluminum Oxide,,,,,literature_mined,10.1073/pnas.0802878105,,,,a_10,
s_10.1073_FS_pnas.0802878105_InVitro.CB_139,Aluminum Oxide,,,,,literature_mined,10.1073/pnas.0802878105,,,,a_10,
s_10.1073_FS_pnas.0802878105_InVitro.CB_140,Aluminum Oxide,,,,,literature_mined,10.1073/pnas.0802878105,,,,a_10,
s_10.1073_FS_pnas.0802878105_InVitro.CB_141,Aluminum Oxide,,,,,literature_mined,10.1073/pnas.0802878105,,,,a_10,
s_10.1073_FS_pnas.0802878105_InVitro.CB_142,Aluminum Oxide,,,,,literature_mined,10.1073/pnas.0802878105,,,,a_10,
s_10.1073_FS_pnas.0802878105_InVitro.CB_143,Aluminum Oxide,,,,,literature_mined,10.1073/pnas.0802878105,,,,a_10,
s_10.1073_FS_pnas.0802878105_InVitro.CB_144,Aluminum Oxide,,,,,literature_mined,10.1073/pnas.0802878105,,,,a_10,
s_10.1073_FS_pnas.0802878105_InVitro.CB_145,Aluminum Oxide,,,,,literature_mined,10.1073/pnas.0802878105,,,,a_10,
s_10.1073_FS_pnas.0802878105_InVitro.CB_146,Aluminum Oxide,,,,,literature_mined,10.1073/pnas.0802878105,,,,a_10,
s_10.1073_FS_pnas.0802878105_InVitro.CB_147,Aluminum Oxide,,,,,literature_mined,10.1073/pnas.0802878105,,,,a_10,
s_10.1073_FS_pnas.0802878105_InVitro.CB_148,Aluminum Oxide,,,,,literature_mined,10.1073/pnas.0802878105,,,,a_10,
s_10.1073_FS_pnas.0802878105_InVitro.CB_149,Aluminum Oxide,,,,,literature_mined,10.1073/pnas.0802878105,,,,a_10,
s_10.1073_FS_pnas.0802878105_InVitro.CB_150,Aluminum Oxide,,,,,literature_mined,10.1073/pnas.0802878105,,,,a_10,
s_10.1073_FS_pnas.0802878105_InVitro.CB_151,Aluminum Oxide,,,,,literature_mined,10.1073/pnas.0802878105,,,,a_10,
s_10.1073_FS_pnas.0802878105_InVitro.CB_152,Aluminum Oxide,,,,,literature_mined,10.1073/pnas.0802878105,,,,a_10,
s_10.1073_FS_pnas.0802878105_InVitro.CB_153,Aluminum Oxide,,,,,literature_mined,10.1073/pnas.0802878105,,,,a_10,
s_10.1073_FS_pnas.0802878105_InVitro.CB_154,Aluminum Oxide,,,,,literature_mined,10.1073/pnas.0802878105,,,,a_10,
s_10.1073_FS_pnas.0802878105_InVitro.CB_155,Aluminum Oxide,,,,,literature_mined,10.1073/pnas.0802878105,,,,a_10,
s_10.1073_FS_pnas.0802878105_InVitro.CB_156,Aluminum Oxide,,,,,literature_mined,10.1073/pnas.0802878105,,,,a_10,
s_10.1073_FS_pnas.0802878105_InVitro.CB_157,Aluminum Oxide,,,,,literature_mined,10.1073/pnas.0802878105,,,,a_10,
s_10.1073_FS_pnas.0802878105_InVitro.CB_158,Aluminum Oxide,,,,,literature_mined,10.1073/pnas.0802878105,,,,a_10,
s_10.1073_FS_pnas.0802878105_InVitro.CB_159,Aluminum Oxide,,,,,literature_mined,10.1073/pnas.0802878105,,,,a_10,
s_10.1073_FS_pnas.0802878105_InVitro.CB_160,Aluminum Oxide,,,,,literature_mined,10.1073/pnas.0802878105,,,,a_10,
s_10.1073_FS_pnas.0802878105_InVitro.CB_161,Aluminum Oxide,,,,,literature_mined,10.1073/pnas.0802878105,,,,a_10,
s_10.1073_FS_pnas.0802878105_InVitro.CB_162,Aluminum Oxide,,,,,literature_mined,10.1073/pnas.0802878105,,,,a_10,
s_10.1073_FS_pnas.0802878105_InVitro.CB_163,Aluminum Oxide,,,,,literature_mined,10.1073/pnas.0802878105,,,,a_10,
s_10.1073_FS_pnas.0802878105_InVitro.CB_164,Aluminum Oxide,,,,,literature_mined,10.1073/pnas.0802878105,,,,a_10,
s_10.1073_FS_pnas.0802878105_InVitro.CB_165,Aluminum Oxide,,,,,literature_mined,10.1073/pnas.0802878105,,,,a_10,
s_10.1073_FS_pnas.0802878105_InVitro.CB_166,Aluminum Oxide,,,,,literature_mined,10.1073/pnas.0802878105,,,,a_10,
s_10.1073_FS_pnas.0802878105_InVitro.CB_167,Aluminum Oxide,,,,,literature_mined,10.1073/pnas.0802878105,,,,a_10,
s_10.1073_FS_pnas.0802878105_InVitro.CB_168,Aluminum Oxide,,,,,literature_mined,10.1073/pnas.0802878105,,,,a_10,
s_10.1073_FS_pnas.0802878105_InVitro.CB_169,Aluminum Oxide,,,,,literature_mined,10.1073/pnas.0802878105,,,,a_10,
s_10.1073_FS_pnas.0802878105_InVitro.CB_170,Aluminum Oxide,,,,,literature_mined,10.1073/pnas.0802878105,,,,a_10,
s_10.1073_FS_pnas.0802878105_InVitro.CB_171,Aluminum Oxide,,,,,literature_mined,10.1073/pnas.0802878105,,,,a_10,
s_10.1073_FS_pnas.0802878105_InVitro.CB_172,Aluminum Oxide,,,,,literature_mined,10.1073/pnas.0802878105,,,,a_10,
s_10.1073_FS_pnas.0802878105_InVitro.CB_173,Aluminum Oxide,,,,,literature_mined,10.1073/pnas.0802878105,,,,a_10,
s_10.1073_FS_pnas.0802878105_InVitro.CB_174,Aluminum Oxide,,,,,literature_mined,10.1073/pnas.0802878105,,,,a_10,
s_10.1073_FS_pnas.0802878105_InVitro.CB_175,Aluminum Oxide,,,,,literature_mined,10.1073/pnas.0802878105,,,,a_10,
s_10.1073_FS_pnas.0802878105_InVitro.CB_176,Aluminum Oxide,,,,,literature_mined,10.1073/pnas.0802878105,,,,a_10,
s_10.1073_FS_pnas.0802878105_InVitro.CB_177,Aluminum Oxide,,,,,literature_mined,10.1073/pnas.0802878105,,,,a_10,
s_10.1073_FS_pnas.0802878105_InVitro.CB_178,Aluminum Oxide,,,,,literature_mined,10.1073/pnas.0802878105,,,,a_10,
s_10.1073_FS_pnas.0802878105_InVitro.CB_179,Aluminum Oxide,,,,,literature_mined,10.1073/pnas.0802878105,,,,a_10,
s_10.1073_FS_pnas.0802878105_InVitro.CB_180,Aluminum Oxide,,,,,literature_mined,10.1073/pnas.0802878105,,,,a_10,
s_10.1073_FS_pnas.0802878105_InVitro.CB_181,Aluminum Oxide,,,,,literature_mined,10.1073/pnas.0802878105,,,,a_10,
s_10.1073_FS_pnas.0802878105_InVitro.CB_182,Aluminum Oxide,,,,,literature_mined,10.1073/pnas.0802878105,,,,a_10,
s_10.1073_FS_pnas.0802878105_InVitro.CB_183,Aluminum Oxide,,,,,literature_mined,10.1073/pnas.0802878105,,,,a_10,
s_10.1073_FS_pnas.0802878105_InVitro.CB_184,Aluminum Oxide,,,,,literature_mined,10.1073/pnas.0802878105,,,,a_10,
s_10.1073_FS_pnas.0802878105_InVitro.CB_185,Aluminum Oxide,,,,,literature_mined,10.1073/pnas.0802878105,,,,a_10,
s_10.1073_FS_pnas.0802878105_InVitro.CB_186,Aluminum Oxide,,,,,literature_mined,10.1073/pnas.0802878105,,,,a_10,
s_10.1073_FS_pnas.0802878105_InVitro.CB_187,Aluminum Oxide,,,,,literature_mined,10.1073/pnas.0802878105,,,,a_10,
s_10.1073_FS_pnas.0802878105_InVitro.CB_188,Aluminum Oxide,,,,,literature_mined,10.1073/pnas.0802878105,,,,a_10,
s_10.1073_FS_pnas.0802878105_InVitro.CB_189,Aluminum Oxide,,,,,literature_mined,10.1073/pnas.0802878105,,,,a_10,
s_10.1073_FS_pnas.0802878105_InVitro.CB_190,Aluminum Oxide,,,,,literature_mined,10.1073/pnas.0802878105,,,,a_10,
s_10.1073_FS_pnas.0802878105_InVitro.CB_191,Aluminum Oxide,,,,,literature_mined,10.1073/pnas.0802878105,,,,a_10,
s_10.1073_FS_pnas.0802878105_InVitro.CB_192,Aluminum Oxide,,,,,literature_mined,10.1073/pnas.0802878105,,,,a_10,
s_10.1073_FS_pnas.0802878105_InVitro.CB_193,Aluminum Oxide,,,,,literature_mined,10.1073/pnas.0802878105,,,,a_10,
s_10.1073_FS_pnas.0802878105_InVitro.CB_194,Aluminum Oxide,,,,,literature_mined,10.1073/pnas.0802878105,,,,a_10,
s_10.1073_FS_pnas.0802878105_InVitro.CB_195,Aluminum Oxide,,,,,literature_mined,10.1073/pnas.0802878105,,,,a_10,
s_10.1073_FS_pnas.0802878105_InVitro.CB_196,Aluminum Oxide,,,,,literature_mined,10.1073/pnas.0802878105,,,,a_10,
s_10.1073_FS_pnas.0802878105_InVitro.CB_197,Aluminum Oxide,,,,,literature_mined,10.1073/pnas.0802878105,,,,a_10,
s_10.1073_FS_pnas.0802878105_InVitro.CB_198,Aluminum Oxide,,,,,literature_mined,10.1073/pnas.0802878105,,,,a_10,
s_10.1073_FS_pnas.0802878105_InVitro.CB_199,Aluminum Oxide,,,,,literature_mined,10.1073/pnas.0802878105,,,,a_10,
s_10.1073_FS_pnas.0802878105_InVitro.CB_200,Aluminum Oxide,,,,,literature_mined,10.1073/pnas.0802878105,,,,a_10,
s_10.1073_FS_pnas.0802878105_InVitro.CB_201,Aluminum Oxide,,,,,literature_mined,10.1073/pnas.0802878105,,,,a_10,
s_10.1073_FS_pnas.0802878105_InVitro.CB_202,Aluminum Oxide,,,,,literature_mined,10.1073/pnas.0802878105,,,,a_10,
s_10.1073_FS_pnas.0802878105_InVitro.CB_203,Aluminum Oxide,,,,,literature_mined,10.1073/pnas.0802878105,,,,a_10,
s_10.1073_FS_pnas.0802878105_InVitro.CB_204,Aluminum Oxide,,,,,literature_mined,10.1073/pnas.0802878105,,,,a_10,
s_10.1073_FS_pnas.0802878105_InVitro.CB_205,Aluminum Oxide,,,,,literature_mined,10.1073/pnas.0802878105,,,,a_10,
s_10.1073_FS_pnas.0802878105_InVitro.CB_206,Aluminum Oxide,,,,,literature_mined,10.1073/pnas.0802878105,,,,a_10,
s_10.1073_FS_pnas.0802878105_InVitro.CB_207,Aluminum Oxide,,,,,literature_mined,10.1073/pnas.0802878105,,,,a_10,
s_10.1073_FS_pnas.0802878105_InVitro.CB_208,Aluminum Oxide,,,,,literature_mined,10.1073/pnas.0802878105,,,,a_10,
s_10.1073_FS_pnas.0802878105_InVitro.CB_209,Aluminum Oxide,,,,,literature_mined,10.1073/pnas.0802878105,,,,a_10,
s_10.1073_FS_pnas.0802878105_InVitro.CB_210,Aluminum Oxide,,,,,literature_mined,10.1073/pnas.0802878105,,,,a_10,
s_10.1073_FS_pnas.0802878105_InVitro.CB_211,Aluminum Oxide,,,,,literature_mined,10.1073/pnas.0802878105,,,,a_10,
s_10.1073_FS_pnas.0802878105_InVitro.CB_212,Aluminum Oxide,,,,,literature_mined,10.1073/pnas.0802878105,,,,a_10,
s_10.1073_FS_pnas.0802878105_InVitro.CB_213,Aluminum Oxide,,,,,literature_mined,10.1073/pnas.0802878105,,,,a_10,
s_10.1073_FS_pnas.0802878105_InVitro.CB_214,Aluminum Oxide,,,,,literature_mined,10.1073/pnas.0802878105,,,,a_10,
s_10.1073_FS_pnas.0802878105_InVitro.CB_215,Aluminum Oxide,,,,,literature_mined,10.1073/pnas.0802878105,,,,a_10,
s_10.1073_FS_pnas.0802878105_InVitro.CB_216,Aluminum Oxide,,,,,literature_mined,10.1073/pnas.0802878105,,,,a_10,
s_10.1073_FS_pnas.0802878105_InVitro.CB_217,Aluminum Oxide,,,,,literature_mined,10.1073/pnas.0802878105,,,,a_10,
s_10.1073_FS_pnas.0802878105_InVitro.CB_218,Aluminum Oxide,,,,,literature_mined,10.1073/pnas.0802878105,,,,a_10,
s_10.1073_FS_pnas.0802878105_InVitro.CB_219,Aluminum Oxide,,,,,literature_mined,10.1073/pnas.0802878105,,,,a_10,
s_10.1073_FS_pnas.0802878105_InVitro.CB_220,Aluminum Oxide,,,,,literature_mined,10.1073/pnas.0802878105,,,,a_10,
s_10.1073_FS_pnas.0802878105_InVitro.CB_221,Aluminum Oxide,,,,,literature_mined,10.1073/pnas.0802878105,,,,a_10,
s_10.1073_FS_pnas.0802878105_InVitro.CB_222,Aluminum Oxide,,,,,literature_mined,10.1073/pnas.0802878105,,,,a_10,
s_10.1073_FS_pnas.0802878105_InVitro.CB_223,Aluminum Oxide,,,,,literature_mined,10.1073/pnas.0802878105,,,,a_10,
s_10.1073_FS_pnas.0802878105_InVitro.CB_224,Aluminum Oxide,,,,,literature_mined,10.1073/pnas.0802878105,,,,a_10,
s_10.1073_FS_pnas.0802878105_InVitro.CB_225,Aluminum Oxide,,,,,literature_mined,10.1073/pnas.0802878105,,,,a_10,
s_10.1073_FS_pnas.0802878105_InVitro.CB_226,Aluminum Oxide,,,,,literature_mined,10.1073/pnas.0802878105,,,,a_10,
s_10.1073_FS_pnas.0802878105_InVitro.CB_227,Aluminum Oxide,,,,,literature_mined,10.1073/pnas.0802878105,,,,a_10,
s_10.1073_FS_pnas.0802878105_InVitro.CB_228,Aluminum Oxide,,,,,literature_mined,10.1073/pnas.0802878105,,,,a_10,
s_10.1073_FS_pnas.0802878105_InVitro.CB_229,Aluminum Oxide,,,,,literature_mined,10.1073/pnas.0802878105,,,,a_10,
s_10.1073_FS_pnas.0802878105_InVitro.CB_230,Aluminum Oxide,,,,,literature_mined,10.1073/pnas.0802878105,,,,a_10,
s_10.1073_FS_pnas.0802878105_InVitro.CB_231,Aluminum Oxide,,,,,literature_mined,10.1073/pnas.0802878105,,,,a_10,
s_10.1073_FS_pnas.0802878105_InVitro.CB_232,Aluminum Oxide,,,,,literature_mined,10.1073/pnas.0802878105,,,,a_10,
s_10.1073_FS_pnas.0802878105_InVitro.CB_233,Aluminum Oxide,,,,,literature_mined,10.1073/pnas.0802878105,,,,a_10,
s_10.1073_FS_pnas.0802878105_InVitro.CB_234,Aluminum Oxide,,,,,literature_mined,10.1073/pnas.0802878105,,,,a_10,
s_10.1073_FS_pnas.0802878105_InVitro.CB_235,Aluminum Oxide,,,,,literature_mined,10.1073/pnas.0802878105,,,,a_10,
s_10.1073_FS_pnas.0802878105_InVitro.CB_236,Aluminum Oxide,,,,,literature_mined,10.1073/pnas.0802878105,,,,a_10,
s_10.1073_FS_pnas.0802878105_InVitro.CB_237,Aluminum Oxide,,,,,literature_mined,10.1073/pnas.0802878105,,,,a_10,
s_10.1073_FS_pnas.0802878105_InVitro.CB_238,Aluminum Oxide,,,,,literature_mined,10.1073/pnas.0802878105,,,,a_10,
s_10.1073_FS_pnas.0802878105_InVitro.CB_239,Aluminum Oxide,,,,,literature_mined,10.1073/pnas.0802878105,,,,a_10,
s_10.1073_FS_pnas.0802878105_InVitro.CB_240,Aluminum Oxide,,,,,literature_mined,10.1073/pnas.0802878105,,,,a_10,
s_10.1073_FS_pnas.0802878105_InVitro.CB_241,Aluminum Oxide,,,,,literature_mined,10.1073/pnas.0802878105,,,,a_10,
s_10.1073_FS_pnas.0802878105_InVitro.CB_242,Aluminum Oxide,,,,,literature_mined,10.1073/pnas.0802878105,,,,a_10,
s_10.1073_FS_pnas.0802878105_InVitro.CB_243,Aluminum Oxide,,,,,literature_mined,10.1073/pnas.0802878105,,,,a_10,
s_10.1073_FS_pnas.0802878105_InVitro.CB_244,Aluminum Oxide,,,,,literature_mined,10.1073/pnas.0802878105,,,,a_10,
s_10.1073_FS_pnas.0802878105_InVitro.CB_245,Aluminum Oxide,,,,,literature_mined,10.1073/pnas.0802878105,,,,a_10,
s_10.1073_FS_pnas.0802878105_InVitro.CB_246,Aluminum Oxide,,,,,literature_mined,10.1073/pnas.0802878105,,,,a_10,
s_10.1073_FS_pnas.0802878105_InVitro.CB_247,Aluminum Oxide,,,,,literature_mined,10.1073/pnas.0802878105,,,,a_10,
s_10.1073_FS_pnas.0802878105_InVitro.CB_248,Aluminum Oxide,,,,,literature_mined,10.1073/pnas.0802878105,,,,a_10,
s_10.1073_FS_pnas.0802878105_InVitro.CB_249,Aluminum Oxide,,,,,literature_mined,10.1073/pnas.0802878105,,,,a_10,
s_10.1073_FS_pnas.0802878105_InVitro.CB_250,Aluminum Oxide,,,,,literature_mined,10.1073/pnas.0802878105,,,,a_10,
s_10.1073_FS_pnas.0802878105_InVitro.CB_251,Aluminum Oxide,,,,,literature_mined,10.1073/pnas.0802878105,,,,a_10,
s_10.1073_FS_pnas.0802878105_InVitro.CB_252,Aluminum Oxide,,,,,literature_mined,10.1073/pnas.0802878105,,,,a_10,
s_10.1073_FS_pnas.0802878105_InVitro.CB_253,Aluminum Oxide,,,,,literature_mined,10.1073/pnas.0802878105,,,,a_10,
s_10.1073_FS_pnas.0802878105_InVitro.CB_254,Aluminum Oxide,,,,,literature_mined,10.1073/pnas.0802878105,,,,a_10,
s_10.1073_FS_pnas.0802878105_InVitro.CB_255,Aluminum Oxide,,,,,literature_mined,10.1073/pnas.0802878105,,,,a_10,
s_10.1073_FS_pnas.0802878105_InVitro.CB_256,Aluminum Oxide,,,,,literature_mined,10.1073/pnas.0802878105,,,,a_10,
s_10.1073_FS_pnas.0802878105_InVitro.CB_257,Aluminum Oxide,,,,,literature_mined,10.1073/pnas.0802878105,,,,a_10,
s_10.1073_FS_pnas.0802878105_InVitro.CB_258,Aluminum Oxide,,,,,literature_mined,10.1073/pnas.0802878105,,,,a_10,
s_10.1073_FS_pnas.0802878105_InVitro.CB_259,Aluminum Oxide,,,,,literature_mined,10.1073/pnas.0802878105,,,,a_10,
s_10.1073_FS_pnas.0802878105_InVitro.CB_260,Aluminum Oxide,,,,,literature_mined,10.1073/pnas.0802878105,,,,a_10,
s_10.1073_FS_pnas.0802878105_InVitro.CB_261,Aluminum Oxide,,,,,literature_mined,10.1073/pnas.0802878105,,,,a_10,
s_10.1073_FS_pnas.0802878105_InVitro.CB_262,Aluminum Oxide,,,,,literature_mined,10.1073/pnas.0802878105,,,,a_10,
s_10.1073_FS_pnas.0802878105_InVitro.CB_263,Aluminum Oxide,,,,,literature_mined,10.1073/pnas.0802878105,,,,a_10,
s_10.1073_FS_pnas.0802878105_InVitro.CB_264,Aluminum Oxide,,,,,literature_mined,10.1073/pnas.0802878105,,,,a_10,
s_10.1073_FS_pnas.0802878105_InVitro.CB_265,Aluminum Oxide,,,,,literature_mined,10.1073/pnas.0802878105,,,,a_10,
s_10.1073_FS_pnas.0802878105_InVitro.CB_266,Aluminum Oxide,,,,,literature_mined,10.1073/pnas.0802878105,,,,a_10,
s_10.1073_FS_pnas.0802878105_InVitro.CB_267,Aluminum Oxide,,,,,literature_mined,10.1073/pnas.0802878105,,,,a_10,
s_10.1073_FS_pnas.0802878105_InVitro.CB_268,Aluminum Oxide,,,,,literature_mined,10.1073/pnas.0802878105,,,,a_10,
s_10.1073_FS_pnas.0802878105_InVitro.CB_269,Aluminum Oxide,,,,,literature_mined,10.1073/pnas.0802878105,,,,a_10,
s_10.1073_FS_pnas.0802878105_InVitro.CB_270,Aluminum Oxide,,,,,literature_mined,10.1073/pnas.0802878105,,,,a_10,
s_10.1073_FS_pnas.0802878105_InVitro.CB_271,Aluminum Oxide,,,,,literature_mined,10.1073/pnas.0802878105,,,,a_10,
s_10.1073_FS_pnas.0802878105_InVitro.CB_272,Aluminum Oxide,,,,,literature_mined,10.1073/pnas.0802878105,,,,a_10,
s_10.1073_FS_pnas.0802878105_InVitro.CB_273,Aluminum Oxide,,,,,literature_mined,10.1073/pnas.0802878105,,,,a_10,
s_10.1073_FS_pnas.0802878105_InVitro.CB_274,Aluminum Oxide,,,,,literature_mined,10.1073/pnas.0802878105,,,,a_10,
s_10.1073_FS_pnas.0802878105_InVitro.CB_275,Aluminum Oxide,,,,,literature_mined,10.1073/pnas.0802878105,,,,a_10,
s_10.1073_FS_pnas.0802878105_InVitro.CB_276,Aluminum Oxide,,,,,literature_mined,10.1073/pnas.0802878105,,,,a_10,
s_10.1073_FS_pnas.0802878105_InVitro.CB_277,Aluminum Oxide,,,,,literature_mined,10.1073/pnas.0802878105,,,,a_10,
s_10.1073_FS_pnas.0802878105_InVitro.CB_278,Aluminum Oxide,,,,,literature_mined,10.1073/pnas.0802878105,,,,a_10,
s_10.1073_FS_pnas.0802878105_InVitro.CB_279,Aluminum Oxide,,,,,literature_mined,10.1073/pnas.0802878105,,,,a_10,
s_10.1073_FS_pnas.0802878105_InVitro.CB_280,Aluminum Oxide,,,,,literature_mined,10.1073/pnas.0802878105,,,,a_10,
s_10.1073_FS_pnas.0802878105_InVitro.CB_281,Aluminum Oxide,,,,,literature_mined,10.1073/pnas.0802878105,,,,a_10,
s_10.1073_FS_pnas.0802878105_InVitro.CB_282,Aluminum Oxide,,,,,literature_mined,10.1073/pnas.0802878105,,,,a_10,
s_10.1073_FS_pnas.0802878105_InVitro.CB_283,Aluminum Oxide,,,,,literature_mined,10.1073/pnas.0802878105,,,,a_10,
s_10.1073_FS_pnas.0802878105_InVitro.CB_284,Aluminum Oxide,,,,,literature_mined,10.1073/pnas.0802878105,,,,a_10,
s_10.1073_FS_pnas.0802878105_InVitro.CB_285,Aluminum Oxide,,,,,literature_mined,10.1073/pnas.0802878105,,,,a_10,
s_10.1073_FS_pnas.0802878105_InVitro.CB_286,Aluminum Oxide,,,,,literature_mined,10.1073/pnas.0802878105,,,,a_10,
s_10.1073_FS_pnas.0802878105_InVitro.CB_287,Aluminum Oxide,,,,,literature_mined,10.1073/pnas.0802878105,,,,a_10,
s_10.1073_FS_pnas.0802878105_InVitro.CB_288,Aluminum Oxide,,,,,literature_mined,10.1073/pnas.0802878105,,,,a_10,
s_10.1073_FS_pnas.0802878105_InVitro.CB_289,Aluminum Oxide,,,,,literature_mined,10.1073/pnas.0802878105,,,,a_10,
s_10.1073_FS_pnas.0802878105_InVitro.CB_290,Aluminum Oxide,,,,,literature_mined,10.1073/pnas.0802878105,,,,a_10,
s_10.1073_FS_pnas.0802878105_InVitro.CB_291,Aluminum Oxide,,,,,literature_mined,10.1073/pnas.0802878105,,,,a_10,
s_10.1073_FS_pnas.0802878105_InVitro.CB_292,Aluminum Oxide,,,,,literature_mined,10.1073/pnas.0802878105,,,,a_10,
s_10.1073_FS_pnas.0802878105_InVitro.CB_293,Aluminum Oxide,,,,,literature_mined,10.1073/pnas.0802878105,,,,a_10,
s_10.1073_FS_pnas.0802878105_InVitro.CB_294,Aluminum Oxide,,,,,literature_mined,10.1073/pnas.0802878105,,,,a_10,
s_10.1073_FS_pnas.0802878105_InVitro.CB_295,Aluminum Oxide,,,,,literature_mined,10.1073/pnas.0802878105,,,,a_10,
s_10.1073_FS_pnas.0802878105_InVitro.CB_296,Aluminum Oxide,,,,,literature_mined,10.1073/pnas.0802878105,,,,a_10,
s_10.1073_FS_pnas.0802878105_InVitro.CB_297,Aluminum Oxide,,,,,literature_mined,10.1073/pnas.0802878105,,,,a_10,
s_10.1073_FS_pnas.0802878105_InVitro.CB_298,Aluminum Oxide,,,,,literature_mined,10.1073/pnas.0802878105,,,,a_10,
s_10.1073_FS_pnas.0802878105_InVitro.CB_299,Aluminum Oxide,,,,,literature_mined,10.1073/pnas.0802878105,,,,a_10,
s_10.1073_FS_pnas.0802878105_InVitro.CB_300,Aluminum Oxide,,,,,literature_mined,10.1073/pnas.0802878105,,,,a_10,
s_10.1073_FS_pnas.0802878105_InVitro.CB_301,Aluminum Oxide,,,,,literature_mined,10.1073/pnas.0802878105,,,,a_10,
s_10.1073_FS_pnas.0802878105_InVitro.CB_302,Aluminum Oxide,,,,,literature_mined,10.1073/pnas.0802878105,,,,a_10,
s_10.1073_FS_pnas.0802878105_InVitro.CB_303,Aluminum Oxide,,,,,literature_mined,10.1073/pnas.0802878105,,,,a_10,
s_10.1073_FS_pnas.0802878105_InVitro.CB_304,Aluminum Oxide,,,,,literature_mined,10.1073/pnas.0802878105,,,,a_10,
s_10.1073_FS_pnas.0802878105_InVitro.CB_305,Aluminum Oxide,,,,,literature_mined,10.1073/pnas.0802878105,,,,a_10,
s_10.1073_FS_pnas.0802878105_InVitro.CB_306,Aluminum Oxide,,,,,literature_mined,10.1073/pnas.0802878105,,,,a_10,
s_10.1073_FS_pnas.0802878105_InVitro.CB_307,Aluminum Oxide,,,,,literature_mined,10.1073/pnas.0802878105,,,,a_10,
s_10.1073_FS_pnas.0802878105_InVitro.CB_308,Aluminum Oxide,,,,,literature_mined,10.1073/pnas.0802878105,,,,a_10,
s_10.1073_FS_pnas.0802878105_InVitro.CB_309,Aluminum Oxide,,,,,literature_mined,10.1073/pnas.0802878105,,,,a_10,
s_10.1073_FS_pnas.0802878105_InVitro.CB_310,Aluminum Oxide,,,,,literature_mined,10.1073/pnas.0802878105,,,,a_10,
s_10.1073_FS_pnas.0802878105_InVitro.CB_311,Aluminum Oxide,,,,,literature_mined,10.1073/pnas.0802878105,,,,a_10,
s_10.1073_FS_pnas.0802878105_InVitro.CB_312,Aluminum Oxide,,,,,literature_mined,10.1073/pnas.0802878105,,,,a_10,
s_10.1073_FS_pnas.0802878105_InVitro.CB_313,Aluminum Oxide,,,,,literature_mined,10.1073/pnas.0802878105,,,,a_10,
s_10.1073_FS_pnas.0802878105_InVitro.CB_314,Aluminum Oxide,,,,,literature_mined,10.1073/pnas.0802878105,,,,a_10,
s_10.1073_FS_pnas.0802878105_InVitro.CB_315,Aluminum Oxide,,,,,literature_mined,10.1073/pnas.0802878105,,,,a_10,
s_10.1073_FS_pnas.0802878105_InVitro.CB_316,Aluminum Oxide,,,,,literature_mined,10.1073/pnas.0802878105,,,,a_10,
s_10.1073_FS_pnas.0802878105_InVitro.CB_317,Aluminum Oxide,,,,,literature_mined,10.1073/pnas.0802878105,,,,a_10,
s_10.1073_FS_pnas.0802878105_InVitro.CB_318,Aluminum Oxide,,,,,literature_mined,10.1073/pnas.0802878105,,,,a_10,
s_10.1073_FS_pnas.0802878105_InVitro.CB_319,Aluminum Oxide,,,,,literature_mined,10.1073/pnas.0802878105,,,,a_10,
s_10.1073_FS_pnas.0802878105_InVitro.CB_320,Aluminum Oxide,,,,,literature_mined,10.1073/pnas.0802878105,,,,a_10,
s_10.1073_FS_pnas.0802878105_InVitro.CB_321,Aluminum Oxide,,,,,literature_mined,10.1073/pnas.0802878105,,,,a_10,
s_10.1073_FS_pnas.0802878105_InVitro.CB_322,Aluminum Oxide,,,,,literature_mined,10.1073/pnas.0802878105,,,,a_10,
s_10.1073_FS_pnas.0802878105_InVitro.CB_323,Aluminum Oxide,,,,,literature_mined,10.1073/pnas.0802878105,,,,a_10,
s_10.1073_FS_pnas.0802878105_InVitro.CB_324,Aluminum Oxide,,,,,literature_mined,10.1073/pnas.0802878105,,,,a_10,
s_10.1073_FS_pnas.0802878105_InVitro.CB_325,Aluminum Oxide,,,,,literature_mined,10.1073/pnas.0802878105,,,,a_10,
s_10.1073_FS_pnas.0802878105_InVitro.CB_326,Aluminum Oxide,,,,,literature_mined,10.1073/pnas.0802878105,,,,a_10,
s_10.1073_FS_pnas.0802878105_InVitro.CB_327,Aluminum Oxide,,,,,literature_mined,10.1073/pnas.0802878105,,,,a_10,
s_10.1073_FS_pnas.0802878105_InVitro.CB_328,Aluminum Oxide,,,,,literature_mined,10.1073/pnas.0802878105,,,,a_10,
s_10.1073_FS_pnas.0802878105_InVitro.CB_329,Aluminum Oxide,,,,,literature_mined,10.1073/pnas.0802878105,,,,a_10,
s_10.1073_FS_pnas.0802878105_InVitro.CB_330,Aluminum Oxide,,,,,literature_mined,10.1073/pnas.0802878105,,,,a_10,
s_10.1073_FS_pnas.0802878105_InVitro.CB_331,Aluminum Oxide,,,,,literature_mined,10.1073/pnas.0802878105,,,,a_10,
s_10.1073_FS_pnas.0802878105_InVitro.CB_332,Aluminum Oxide,,,,,literature_mined,10.1073/pnas.0802878105,,,,a_10,
s_10.1073_FS_pnas.0802878105_InVitro.CB_333,Aluminum Oxide,,,,,literature_mined,10.1073/pnas.0802878105,,,,a_10,
s_10.1073_FS_pnas.0802878105_InVitro.CB_334,Aluminum Oxide,,,,,literature_mined,10.1073/pnas.0802878105,,,,a_10,
s_10.1073_FS_pnas.0802878105_InVitro.CB_335,Aluminum Oxide,,,,,literature_mined,10.1073/pnas.0802878105,,,,a_10,
s_10.1073_FS_pnas.0802878105_InVitro.CB_336,Aluminum Oxide,,,,,literature_mined,10.1073/pnas.0802878105,,,,a_10,
s_10.1073_FS_pnas.0802878105_InVitro.CB_337,Aluminum Oxide,,,,,literature_mined,10.1073/pnas.0802878105,,,,a_10,
s_10.1073_FS_pnas.0802878105_InVitro.CB_338,Aluminum Oxide,,,,,literature_mined,10.1073/pnas.0802878105,,,,a_10,
s_10.1073_FS_pnas.0802878105_InVitro.CB_339,Aluminum Oxide,,,,,literature_mined,10.1073/pnas.0802878105,,,,a_10,
s_10.1073_FS_pnas.0802878105_InVitro.CB_340,Aluminum Oxide,,,,,literature_mined,10.1073/pnas.0802878105,,,,a_10,
s_10.1073_FS_pnas.0802878105_InVitro.CB_341,Aluminum Oxide,,,,,literature_mined,10.1073/pnas.0802878105,,,,a_10,
s_10.1073_FS_pnas.0802878105_InVitro.CB_342,Aluminum Oxide,,,,,literature_mined,10.1073/pnas.0802878105,,,,a_10,
s_10.1073_FS_pnas.0802878105_InVitro.CB_343,Aluminum Oxide,,,,,literature_mined,10.1073/pnas.0802878105,,,,a_10,
s_10.1073_FS_pnas.0802878105_InVitro.CB_344,Aluminum Oxide,,,,,literature_mined,10.1073/pnas.0802878105,,,,a_10,
s_10.1073_FS_pnas.0802878105_InVitro.CB_345,Aluminum Oxide,,,,,literature_mined,10.1073/pnas.0802878105,,,,a_10,
s_10.1073_FS_pnas.0802878105_InVitro.CB_346,Aluminum Oxide,,,,,literature_mined,10.1073/pnas.0802878105,,,,a_10,
s_10.1073_FS_pnas.0802878105_InVitro.CB_347,Aluminum Oxide,,,,,literature_mined,10.1073/pnas.0802878105,,,,a_10,
s_10.1073_FS_pnas.0802878105_InVitro.CB_348,Aluminum Oxide,,,,,literature_mined,10.1073/pnas.0802878105,,,,a_10,
s_10.1073_FS_pnas.0802878105_InVitro.CB_349,Aluminum Oxide,,,,,literature_mined,10.1073/pnas.0802878105,,,,a_10,
s_10.1073_FS_pnas.0802878105_InVitro.CB_350,Aluminum Oxide,,,,,literature_mined,10.1073/pnas.0802878105,,,,a_10,
s_10.1073_FS_pnas.0802878105_InVitro.CB_351,Aluminum Oxide,,,,,literature_mined,10.1073/pnas.0802878105,,,,a_10,
s_10.1073_FS_pnas.0802878105_InVitro.CB_352,Aluminum Oxide,,,,,literature_mined,10.1073/pnas.0802878105,,,,a_10,
s_10.1073_FS_pnas.0802878105_InVitro.CB_353,Aluminum Oxide,,,,,literature_mined,10.1073/pnas.0802878105,,,,a_10,
s_10.1073_FS_pnas.0802878105_InVitro.CB_354,Aluminum Oxide,,,,,literature_mined,10.1073/pnas.0802878105,,,,a_10,
s_10.1073_FS_pnas.0802878105_InVitro.CB_355,Aluminum Oxide,,,,,literature_mined,10.1073/pnas.0802878105,,,,a_10,
s_10.1073_FS_pnas.0802878105_InVitro.CB_356,Aluminum Oxide,,,,,literature_mined,10.1073/pnas.0802878105,,,,a_10,
s_10.1073_FS_pnas.0802878105_InVitro.CB_357,Aluminum Oxide,,,,,literature_mined,10.1073/pnas.0802878105,,,,a_10,
s_10.1073_FS_pnas.0802878105_InVitro.CB_358,Aluminum Oxide,,,,,literature_mined,10.1073/pnas.0802878105,,,,a_10,
s_10.1073_FS_pnas.0802878105_InVitro.CB_359,Aluminum Oxide,,,,,literature_mined,10.1073/pnas.0802878105,,,,a_10,
s_10.1073_FS_pnas.0802878105_InVitro.CB_360,Aluminum Oxide,,,,,literature_mined,10.1073/pnas.0802878105,,,,a_10,
s_10.1073_FS_pnas.0802878105_InVitro.CB_361,Aluminum Oxide,,,,,literature_mined,10.1073/pnas.0802878105,,,,a_10,
s_10.1073_FS_pnas.0802878105_InVitro.CB_362,Aluminum Oxide,,,,,literature_mined,10.1073/pnas.0802878105,,,,a_10,
s_10.1073_FS_pnas.0802878105_InVitro.CB_363,Aluminum Oxide,,,,,literature_mined,10.1073/pnas.0802878105,,,,a_10,
s_10.1073_FS_pnas.0802878105_InVitro.CB_364,Aluminum Oxide,,,,,literature_mined,10.1073/pnas.0802878105,,,,a_10,
s_10.1073_FS_pnas.0802878105_InVitro.CB_365,Aluminum Oxide,,,,,literature_mined,10.1073/pnas.0802878105,,,,a_10,
s_10.1073_FS_pnas.0802878105_InVitro.CB_366,Aluminum Oxide,,,,,literature_mined,10.1073/pnas.0802878105,,,,a_10,
s_10.1073_FS_pnas.0802878105_InVitro.CB_367,Aluminum Oxide,,,,,literature_mined,10.1073/pnas.0802878105,,,,a_10,
s_10.1073_FS_pnas.0802878105_InVitro.CB_368,Aluminum Oxide,,,,,literature_mined,10.1073/pnas.0802878105,,,,a_10,
s_10.1073_FS_pnas.0802878105_InVitro.CB_369,Aluminum Oxide,,,,,literature_mined,10.1073/pnas.0802878105,,,,a_10,
s_10.1073_FS_pnas.0802878105_InVitro.CB_370,Aluminum Oxide,,,,,literature_mined,10.1073/pnas.0802878105,,,,a_10,
s_10.1073_FS_pnas.0802878105_InVitro.CB_371,Aluminum Oxide,,,,,literature_mined,10.1073/pnas.0802878105,,,,a_10,
s_10.1073_FS_pnas.0802878105_InVitro.CB_372,Aluminum Oxide,,,,,literature_mined,10.1073/pnas.0802878105,,,,a_10,
s_10.1073_FS_pnas.0802878105_InVitro.CB_373,Aluminum Oxide,,,,,literature_mined,10.1073/pnas.0802878105,,,,a_10,
s_10.1073_FS_pnas.0802878105_InVitro.CB_374,Aluminum Oxide,,,,,literature_mined,10.1073/pnas.0802878105,,,,a_10,
s_10.1073_FS_pnas.0802878105_InVitro.CB_375,Aluminum Oxide,,,,,literature_mined,10.1073/pnas.0802878105,,,,a_10,
s_10.1073_FS_pnas.0802878105_InVitro.CB_376,Aluminum Oxide,,,,,literature_mined,10.1073/pnas.0802878105,,,,a_10,
s_10.1073_FS_pnas.0802878105_InVitro.CB_377,Aluminum Oxide,,,,,literature_mined,10.1073/pnas.0802878105,,,,a_10,
s_10.1073_FS_pnas.0802878105_InVitro.CB_378,Aluminum Oxide,,,,,literature_mined,10.1073/pnas.0802878105,,,,a_10,
s_10.1073_FS_pnas.0802878105_InVitro.CB_379,Aluminum Oxide,,,,,literature_mined,10.1073/pnas.0802878105,,,,a_10,
s_10.1073_FS_pnas.0802878105_InVitro.CB_380,Aluminum Oxide,,,,,literature_mined,10.1073/pnas.0802878105,,,,a_10,
s_10.1073_FS_pnas.0802878105_InVitro.CB_381,Aluminum Oxide,,,,,literature_mined,10.1073/pnas.0802878105,,,,a_10,
s_10.1073_FS_pnas.0802878105_InVitro.CB_382,Aluminum Oxide,,,,,literature_mined,10.1073/pnas.0802878105,,,,a_10,
s_10.1073_FS_pnas.0802878105_InVitro.CB_383,Aluminum Oxide,,,,,literature_mined,10.1073/pnas.0802878105,,,,a_10,
s_10.1073_FS_pnas.0802878105_InVitro.CB_384,Aluminum Oxide,,,,,literature_mined,10.1073/pnas.0802878105,,,,a_10,
s_10.1073_FS_pnas.0802878105_InVitro.CB_385,Aluminum Oxide,,,,,literature_mined,10.1073/pnas.0802878105,,,,a_10,
s_10.1073_FS_pnas.0802878105_InVitro.CB_386,Aluminum Oxide,,,,,literature_mined,10.1073/pnas.0802878105,,,,a_10,
s_10.1073_FS_pnas.0802878105_InVitro.CB_387,Aluminum Oxide,,,,,literature_mined,10.1073/pnas.0802878105,,,,a_10,
s_10.1073_FS_pnas.0802878105_InVitro.CB_388,Aluminum Oxide,,,,,literature_mined,10.1073/pnas.0802878105,,,,a_10,
s_10.1073_FS_pnas.0802878105_InVitro.CB_389,Aluminum Oxide,,,,,literature_mined,10.1073/pnas.0802878105,,,,a_10,
s_10.1073_FS_pnas.0802878105_InVitro.CB_390,Aluminum Oxide,,,,,literature_mined,10.1073/pnas.0802878105,,,,a_10,
s_10.1073_FS_pnas.0802878105_InVitro.CB_391,Aluminum Oxide,,,,,literature_mined,10.1073/pnas.0802878105,,,,a_10,
s_10.1073_FS_pnas.0802878105_InVitro.CB_392,Aluminum Oxide,,,,,literature_mined,10.1073/pnas.0802878105,,,,a_10,
s_10.1073_FS_pnas.0802878105_InVitro.CB_393,Aluminum Oxide,,,,,literature_mined,10.1073/pnas.0802878105,,,,a_10,
s_10.1073_FS_pnas.0802878105_InVitro.CB_394,Aluminum Oxide,,,,,literature_mined,10.1073/pnas.0802878105,,,,a_10,
s_10.1073_FS_pnas.0802878105_InVitro.CB_395,Aluminum Oxide,,,,,literature_mined,10.1073/pnas.0802878105,,,,a_10,
s_10.1073_FS_pnas.0802878105_InVitro.CB_396,Aluminum Oxide,,,,,literature_mined,10.1073/pnas.0802878105,,,,a_10,
s_10.1073_FS_pnas.0802878105_InVitro.CB_397,Aluminum Oxide,,,,,literature_mined,10.1073/pnas.0802878105,,,,a_10,
s_10.1073_FS_pnas.0802878105_InVitro.CB_398,Aluminum Oxide,,,,,literature_mined,10.1073/pnas.0802878105,,,,a_10,
s_10.1073_FS_pnas.0802878105_InVitro.CB_399,Aluminum Oxide,,,,,literature_mined,10.1073/pnas.0802878105,,,,a_10,
s_10.1073_FS_pnas.0802878105_InVitro.CB_400,Aluminum Oxide,,,,,literature_mined,10.1073/pnas.0802878105,,,,a_10,
s_10.1073_FS_pnas.0802878105_InVitro.CB_401,Aluminum Oxide,,,,,literature_mined,10.1073/pnas.0802878105,,,,a_10,
s_10.1073_FS_pnas.0802878105_InVitro.CB_402,Aluminum Oxide,,,,,literature_mined,10.1073/pnas.0802878105,,,,a_10,
s_10.1073_FS_pnas.0802878105_InVitro.CB_403,Aluminum Oxide,,,,,literature_mined,10.1073/pnas.0802878105,,,,a_10,
s_10.1073_FS_pnas.0802878105_InVitro.CB_404,Aluminum Oxide,,,,,literature_mined,10.1073/pnas.0802878105,,,,a_10,
s_10.1073_FS_pnas.0802878105_InVitro.CB_405,Aluminum Oxide,,,,,literature_mined,10.1073/pnas.0802878105,,,,a_10,
s_10.1073_FS_pnas.0802878105_InVitro.CB_406,Aluminum Oxide,,,,,literature_mined,10.1073/pnas.0802878105,,,,a_10,
s_10.1073_FS_pnas.0802878105_InVitro.CB_407,Aluminum Oxide,,,,,literature_mined,10.1073/pnas.0802878105,,,,a_10,
s_10.1073_FS_pnas.0802878105_InVitro.CB_408,Aluminum Oxide,,,,,literature_mined,10.1073/pnas.0802878105,,,,a_10,
s_10.1073_FS_pnas.0802878105_InVitro.CB_409,Aluminum Oxide,,,,,literature_mined,10.1073/pnas.0802878105,,,,a_10,
s_10.1073_FS_pnas.0802878105_InVitro.CB_410,Aluminum Oxide,,,,,literature_mined,10.1073/pnas.0802878105,,,,a_10,
s_10.1073_FS_pnas.0802878105_InVitro.CB_411,Aluminum Oxide,,,,,literature_mined,10.1073/pnas.0802878105,,,,a_10,
s_10.1073_FS_pnas.0802878105_InVitro.CB_412,Aluminum Oxide,,,,,literature_mined,10.1073/pnas.0802878105,,,,a_10,
s_10.1073_FS_pnas.0802878105_InVitro.CB_413,Aluminum Oxide,,,,,literature_mined,10.1073/pnas.0802878105,,,,a_10,
s_10.1073_FS_pnas.0802878105_InVitro.CB_414,Aluminum Oxide,,,,,literature_mined,10.1073/pnas.0802878105,,,,a_10,
s_10.1073_FS_pnas.0802878105_InVitro.CB_415,Aluminum Oxide,,,,,literature_mined,10.1073/pnas.0802878105,,,,a_10,
s_10.1073_FS_pnas.0802878105_InVitro.CB_416,Aluminum Oxide,,,,,literature_mined,10.1073/pnas.0802878105,,,,a_10,
s_10.1073_FS_pnas.0802878105_InVitro.CB_417,Aluminum Oxide,,,,,literature_mined,10.1073/pnas.0802878105,,,,a_10,
s_10.1073_FS_pnas.0802878105_InVitro.CB_418,Aluminum Oxide,,,,,literature_mined,10.1073/pnas.0802878105,,,,a_10,
s_10.1073_FS_pnas.0802878105_InVitro.CB_419,Aluminum Oxide,,,,,literature_mined,10.1073/pnas.0802878105,,,,a_10,
s_10.1073_FS_pnas.0802878105_InVitro.CB_420,Aluminum Oxide,,,,,literature_mined,10.1073/pnas.0802878105,,,,a_10,
s_10.1073_FS_pnas.0802878105_InVitro.CB_421,Aluminum Oxide,,,,,literature_mined,10.1073/pnas.0802878105,,,,a_10,
s_10.1073_FS_pnas.0802878105_InVitro.CB_422,Aluminum Oxide,,,,,literature_mined,10.1073/pnas.0802878105,,,,a_10,
s_10.1073_FS_pnas.0802878105_InVitro.CB_423,Aluminum Oxide,,,,,literature_mined,10.1073/pnas.0802878105,,,,a_10,
s_10.1073_FS_pnas.0802878105_InVitro.CB_424,Aluminum Oxide,,,,,literature_mined,10.1073/pnas.0802878105,,,,a_10,
s_10.1073_FS_pnas.0802878105_InVitro.CB_425,Aluminum Oxide,,,,,literature_mined,10.1073/pnas.0802878105,,,,a_10,
s_10.1073_FS_pnas.0802878105_InVitro.CB_426,Aluminum Oxide,,,,,literature_mined,10.1073/pnas.0802878105,,,,a_10,
s_10.1073_FS_pnas.0802878105_InVitro.CB_427,Aluminum Oxide,,,,,literature_mined,10.1073/pnas.0802878105,,,,a_10,
s_10.1073_FS_pnas.0802878105_InVitro.CB_428,Aluminum Oxide,,,,,literature_mined,10.1073/pnas.0802878105,,,,a_10,
s_10.1073_FS_pnas.0802878105_InVitro.CB_429,Aluminum Oxide,,,,,literature_mined,10.1073/pnas.0802878105,,,,a_10,
s_10.1073_FS_pnas.0802878105_InVitro.CB_430,Aluminum Oxide,,,,,literature_mined,10.1073/pnas.0802878105,,,,a_10,
s_10.1073_FS_pnas.0802878105_InVitro.CB_431,Aluminum Oxide,,,,,literature_mined,10.1073/pnas.0802878105,,,,a_10,
s_10.1073_FS_pnas.0802878105_InVitro.CB_432,Aluminum Oxide,,,,,literature_mined,10.1073/pnas.0802878105,,,,a_10,
s_10.1073_FS_pnas.0802878105_InVitro.CB_433,Aluminum Oxide,,,,,literature_mined,10.1073/pnas.0802878105,,,,a_10,
s_10.1073_FS_pnas.0802878105_InVitro.CB_434,Aluminum Oxide,,,,,literature_mined,10.1073/pnas.0802878105,,,,a_10,
s_10.1073_FS_pnas.0802878105_InVitro.CB_435,Aluminum Oxide,,,,,literature_mined,10.1073/pnas.0802878105,,,,a_10,
s_10.1073_FS_pnas.0802878105_InVitro.CB_436,Aluminum Oxide,,,,,literature_mined,10.1073/pnas.0802878105,,,,a_10,
s_10.1073_FS_pnas.0802878105_InVitro.CB_437,Aluminum Oxide,,,,,literature_mined,10.1073/pnas.0802878105,,,,a_10,
s_10.1073_FS_pnas.0802878105_InVitro.CB_438,Aluminum Oxide,,,,,literature_mined,10.1073/pnas.0802878105,,,,a_10,
s_10.1073_FS_pnas.0802878105_InVitro.CB_439,Aluminum Oxide,,,,,literature_mined,10.1073/pnas.0802878105,,,,a_10,
s_10.1073_FS_pnas.0802878105_InVitro.CB_440,Aluminum Oxide,,,,,literature_mined,10.1073/pnas.0802878105,,,,a_10,
s_10.1073_FS_pnas.0802878105_InVitro.CB_441,Aluminum Oxide,,,,,literature_mined,10.1073/pnas.0802878105,,,,a_10,
s_10.1073_FS_pnas.0802878105_InVitro.CB_442,Aluminum Oxide,,,,,literature_mined,10.1073/pnas.0802878105,,,,a_10,
s_10.1073_FS_pnas.0802878105_InVitro.CB_443,Aluminum Oxide,,,,,literature_mined,10.1073/pnas.0802878105,,,,a_10,
s_10.1073_FS_pnas.0802878105_InVitro.CB_444,Aluminum Oxide,,,,,literature_mined,10.1073/pnas.0802878105,,,,a_10,
s_10.1073_FS_pnas.0802878105_InVitro.CB_445,Aluminum Oxide,,,,,literature_mined,10.1073/pnas.0802878105,,,,a_10,
s_10.1073_FS_pnas.0802878105_InVitro.CB_446,Aluminum Oxide,,,,,literature_mined,10.1073/pnas.0802878105,,,,a_10,
s_10.1073_FS_pnas.0802878105_InVitro.CB_447,Aluminum Oxide,,,,,literature_mined,10.1073/pnas.0802878105,,,,a_10,
s_10.1073_FS_pnas.0802878105_InVitro.CB_448,Aluminum Oxide,,,,,literature_mined,10.1073/pnas.0802878105,,,,a_10,
s_10.1073_FS_pnas.0802878105_InVitro.CB_449,Aluminum Oxide,,,,,literature_mined,10.1073/pnas.0802878105,,,,a_10,
s_10.1073_FS_pnas.0802878105_InVitro.CB_450,Aluminum Oxide,,,,,literature_mined,10.1073/pnas.0802878105,,,,a_10,
s_10.1073_FS_pnas.0802878105_InVitro.CB_451,Aluminum Oxide,,,,,literature_mined,10.1073/pnas.0802878105,,,,a_10,
s_10.1073_FS_pnas.0802878105_InVitro.CB_452,Aluminum Oxide,,,,,literature_mined,10.1073/pnas.0802878105,,,,a_10,
s_10.1073_FS_pnas.0802878105_InVitro.CB_453,Aluminum Oxide,,,,,literature_mined,10.1073/pnas.0802878105,,,,a_10,
s_10.1073_FS_pnas.0802878105_InVitro.CB_454,Aluminum Oxide,,,,,literature_mined,10.1073/pnas.0802878105,,,,a_10,
s_10.1073_FS_pnas.0802878105_InVitro.CB_455,Aluminum Oxide,,,,,literature_mined,10.1073/pnas.0802878105,,,,a_10,
s_10.1073_FS_pnas.0802878105_InVitro.CB_456,Aluminum Oxide,,,,,literature_mined,10.1073/pnas.0802878105,,,,a_10,
s_10.1073_FS_pnas.0802878105_InVitro.CB_457,Aluminum Oxide,,,,,literature_mined,10.1073/pnas.0802878105,,,,a_10,
s_10.1073_FS_pnas.0802878105_InVitro.CB_458,Aluminum Oxide,,,,,literature_mined,10.1073/pnas.0802878105,,,,a_10,
s_10.1073_FS_pnas.0802878105_InVitro.CB_459,Aluminum Oxide,,,,,literature_mined,10.1073/pnas.0802878105,,,,a_10,
s_10.1073_FS_pnas.0802878105_InVitro.CB_460,Aluminum Oxide,,,,,literature_mined,10.1073/pnas.0802878105,,,,a_10,
s_10.1073_FS_pnas.0802878105_InVitro.CB_461,Aluminum Oxide,,,,,literature_mined,10.1073/pnas.0802878105,,,,a_10,
s_10.1073_FS_pnas.0802878105_InVitro.CB_462,Aluminum Oxide,,,,,literature_mined,10.1073/pnas.0802878105,,,,a_10,
s_10.1073_FS_pnas.0802878105_InVitro.CB_463,Aluminum Oxide,,,,,literature_mined,10.1073/pnas.0802878105,,,,a_10,
s_10.1073_FS_pnas.0802878105_InVitro.CB_464,Aluminum Oxide,,,,,literature_mined,10.1073/pnas.0802878105,,,,a_10,
s_10.1073_FS_pnas.0802878105_InVitro.CB_465,Aluminum Oxide,,,,,literature_mined,10.1073/pnas.0802878105,,,,a_10,
s_10.1073_FS_pnas.0802878105_InVitro.CB_466,Aluminum Oxide,,,,,literature_mined,10.1073/pnas.0802878105,,,,a_10,
s_10.1073_FS_pnas.0802878105_InVitro.CB_467,Aluminum Oxide,,,,,literature_mined,10.1073/pnas.0802878105,,,,a_10,
s_10.1073_FS_pnas.0802878105_InVitro.CB_468,Aluminum Oxide,,,,,literature_mined,10.1073/pnas.0802878105,,,,a_10,
s_10.1073_FS_pnas.0802878105_InVitro.CB_469,Aluminum Oxide,,,,,literature_mined,10.1073/pnas.0802878105,,,,a_10,
s_10.1073_FS_pnas.0802878105_InVitro.CB_470,Aluminum Oxide,,,,,literature_mined,10.1073/pnas.0802878105,,,,a_10,
s_10.1073_FS_pnas.0802878105_InVitro.CB_471,Aluminum Oxide,,,,,literature_mined,10.1073/pnas.0802878105,,,,a_10,
s_10.1073_FS_pnas.0802878105_InVitro.CB_472,Aluminum Oxide,,,,,literature_mined,10.1073/pnas.0802878105,,,,a_10,
s_10.1073_FS_pnas.0802878105_InVitro.CB_473,Aluminum Oxide,,,,,literature_mined,10.1073/pnas.0802878105,,,,a_10,
s_10.1073_FS_pnas.0802878105_InVitro.CB_474,Aluminum Oxide,,,,,literature_mined,10.1073/pnas.0802878105,,,,a_10,
s_10.1073_FS_pnas.0802878105_InVitro.CB_475,Aluminum Oxide,,,,,literature_mined,10.1073/pnas.0802878105,,,,a_10,
s_10.1073_FS_pnas.0802878105_InVitro.CB_476,Aluminum Oxide,,,,,literature_mined,10.1073/pnas.0802878105,,,,a_10,
s_10.1073_FS_pnas.0802878105_InVitro.CB_477,Aluminum Oxide,,,,,literature_mined,10.1073/pnas.0802878105,,,,a_10,
s_10.1073_FS_pnas.0802878105_InVitro.CB_478,Aluminum Oxide,,,,,literature_mined,10.1073/pnas.0802878105,,,,a_10,
s_10.1073_FS_pnas.0802878105_InVitro.CB_479,Aluminum Oxide,,,,,literature_mined,10.1073/pnas.0802878105,,,,a_10,
s_10.1073_FS_pnas.0802878105_InVitro.CB_480,Aluminum Oxide,,,,,literature_mined,10.1073/pnas.0802878105,,,,a_10,
s_10.1073_FS_pnas.0802878105_InVitro.CB_481,Aluminum Oxide,,,,,literature_mined,10.1073/pnas.0802878105,,,,a_10,
s_10.1073_FS_pnas.0802878105_InVitro.CB_482,Aluminum Oxide,,,,,literature_mined,10.1073/pnas.0802878105,,,,a_10,
s_10.1073_FS_pnas.0802878105_InVitro.CB_483,Aluminum Oxide,,,,,literature_mined,10.1073/pnas.0802878105,,,,a_10,
s_10.1073_FS_pnas.0802878105_InVitro.CB_484,Aluminum Oxide,,,,,literature_mined,10.1073/pnas.0802878105,,,,a_10,
s_10.1073_FS_pnas.0802878105_InVitro.CB_485,Aluminum Oxide,,,,,literature_mined,10.1073/pnas.0802878105,,,,a_10,
s_10.1073_FS_pnas.0802878105_InVitro.CB_486,Aluminum Oxide,,,,,literature_mined,10.1073/pnas.0802878105,,,,a_10,
s_10.1073_FS_pnas.0802878105_InVitro.CB_487,Aluminum Oxide,,,,,literature_mined,10.1073/pnas.0802878105,,,,a_10,
s_10.1073_FS_pnas.0802878105_InVitro.CB_488,Aluminum Oxide,,,,,literature_mined,10.1073/pnas.0802878105,,,,a_10,
s_10.1073_FS_pnas.0802878105_InVitro.CB_489,Aluminum Oxide,,,,,literature_mined,10.1073/pnas.0802878105,,,,a_10,
s_10.1073_FS_pnas.0802878105_InVitro.CB_490,Aluminum Oxide,,,,,literature_mined,10.1073/pnas.0802878105,,,,a_10,
s_10.1073_FS_pnas.0802878105_InVitro.CB_491,Aluminum Oxide,,,,,literature_mined,10.1073/pnas.0802878105,,,,a_10,
s_10.1073_FS_pnas.0802878105_InVitro.CB_492,Aluminum Oxide,,,,,literature_mined,10.1073/pnas.0802878105,,,,a_10,
s_10.1073_FS_pnas.0802878105_InVitro.CB_493,Aluminum Oxide,,,,,literature_mined,10.1073/pnas.0802878105,,,,a_10,
s_10.1073_FS_pnas.0802878105_InVitro.CB_494,Aluminum Oxide,,,,,literature_mined,10.1073/pnas.0802878105,,,,a_10,
s_10.1073_FS_pnas.0802878105_InVitro.CB_495,Aluminum Oxide,,,,,literature_mined,10.1073/pnas.0802878105,,,,a_10,
s_10.1073_FS_pnas.0802878105_InVitro.CB_496,Aluminum Oxide,,,,,literature_mined,10.1073/pnas.0802878105,,,,a_10,
s_10.1073_FS_pnas.0802878105_InVitro.CB_497,Aluminum Oxide,,,,,literature_mined,10.1073/pnas.0802878105,,,,a_10,
s_10.1073_FS_pnas.0802878105_InVitro.CB_498,Aluminum Oxide,,,,,literature_mined,10.1073/pnas.0802878105,,,,a_10,
s_10.1073_FS_pnas.0802878105_InVitro.CB_499,Aluminum Oxide,,,,,literature_mined,10.1073/pnas.0802878105,,,,a_10,
s_10.1073_FS_pnas.0802878105_InVitro.CB_500,Aluminum Oxide,,,,,literature_mined,10.1073/pnas.0802878105,,,,a_10,
s_10.1073_FS_pnas.0802878105_InVitro.CB_501,Aluminum Oxide,,,,,literature_mined,10.1073/pnas.0802878105,,,,a_10,
s_10.1073_FS_pnas.0802878105_InVitro.CB_502,Aluminum Oxide,,,,,literature_mined,10.1073/pnas.0802878105,,,,a_10,
s_10.1073_FS_pnas.0802878105_InVitro.CB_503,Aluminum Oxide,,,,,literature_mined,10.1073/pnas.0802878105,,,,a_10,
s_10.1073_FS_pnas.0802878105_InVitro.CB_504,Aluminum Oxide,,,,,literature_mined,10.1073/pnas.0802878105,,,,a_10,
s_10.1073_FS_pnas.0802878105_InVitro.CB_505,Aluminum Oxide,,,,,literature_mined,10.1073/pnas.0802878105,,,,a_10,
s_10.1073_FS_pnas.0802878105_InVitro.CB_506,Aluminum Oxide,,,,,literature_mined,10.1073/pnas.0802878105,,,,a_10,
s_10.1073_FS_pnas.0802878105_InVitro.CB_507,Aluminum Oxide,,,,,literature_mined,10.1073/pnas.0802878105,,,,a_10,
s_10.1073_FS_pnas.0802878105_InVitro.CB_508,Aluminum Oxide,,,,,literature_mined,10.1073/pnas.0802878105,,,,a_10,
s_10.1073_FS_pnas.0802878105_InVitro.CB_509,Aluminum Oxide,,,,,literature_mined,10.1073/pnas.0802878105,,,,a_10,
s_10.1073_FS_pnas.0802878105_InVitro.CB_510,Aluminum Oxide,,,,,literature_mined,10.1073/pnas.0802878105,,,,a_10,
s_10.1073_FS_pnas.0802878105_InVitro.CB_511,Aluminum Oxide,,,,,literature_mined,10.1073/pnas.0802878105,,,,a_10,
s_10.1073_FS_pnas.0802878105_InVitro.CB_512,Aluminum Oxide,,,,,literature_mined,10.1073/pnas.0802878105,,,,a_10,
s_10.1073_FS_pnas.0802878105_InVitro.CB_513,Aluminum Oxide,,,,,literature_mined,10.1073/pnas.0802878105,,,,a_10,
s_10.1073_FS_pnas.0802878105_InVitro.CB_514,Aluminum Oxide,,,,,literature_mined,10.1073/pnas.0802878105,,,,a_10,
s_10.1073_FS_pnas.0802878105_InVitro.CB_515,Aluminum Oxide,,,,,literature_mined,10.1073/pnas.0802878105,,,,a_10,
s_10.1073_FS_pnas.0802878105_InVitro.CB_516,Aluminum Oxide,,,,,literature_mined,10.1073/pnas.0802878105,,,,a_10,
s_10.1073_FS_pnas.0802878105_InVitro.CB_517,Aluminum Oxide,,,,,literature_mined,10.1073/pnas.0802878105,,,,a_10,
s_10.1073_FS_pnas.0802878105_InVitro.CB_518,Aluminum Oxide,,,,,literature_mined,10.1073/pnas.0802878105,,,,a_10,
s_10.1073_FS_pnas.0802878105_InVitro.CB_519,Aluminum Oxide,,,,,literature_mined,10.1073/pnas.0802878105,,,,a_10,
s_10.1073_FS_pnas.0802878105_InVitro.CB_520,Aluminum Oxide,,,,,literature_mined,10.1073/pnas.0802878105,,,,a_10,
s_10.1073_FS_pnas.0802878105_InVitro.CB_521,Aluminum Oxide,,,,,literature_mined,10.1073/pnas.0802878105,,,,a_10,
s_10.1073_FS_pnas.0802878105_InVitro.CB_522,Aluminum Oxide,,,,,literature_mined,10.1073/pnas.0802878105,,,,a_10,
s_10.1073_FS_pnas.0802878105_InVitro.CB_523,Aluminum Oxide,,,,,literature_mined,10.1073/pnas.0802878105,,,,a_10,
s_10.1073_FS_pnas.0802878105_InVitro.CB_524,Aluminum Oxide,,,,,literature_mined,10.1073/pnas.0802878105,,,,a_10,
s_10.1073_FS_pnas.0802878105_InVitro.CB_525,Aluminum Oxide,,,,,literature_mined,10.1073/pnas.0802878105,,,,a_10,
s_10.1073_FS_pnas.0802878105_InVitro.CB_526,Aluminum Oxide,,,,,literature_mined,10.1073/pnas.0802878105,,,,a_10,
s_10.1073_FS_pnas.0802878105_InVitro.CB_527,Aluminum Oxide,,,,,literature_mined,10.1073/pnas.0802878105,,,,a_10,
s_10.1073_FS_pnas.0802878105_InVitro.CB_528,Aluminum Oxide,,,,,literature_mined,10.1073/pnas.0802878105,,,,a_10,
s_10.1073_FS_pnas.0802878105_InVitro.CB_529,Aluminum Oxide,,,,,literature_mined,10.1073/pnas.0802878105,,,,a_10,
s_10.1073_FS_pnas.0802878105_InVitro.CB_530,Aluminum Oxide,,,,,literature_mined,10.1073/pnas.0802878105,,,,a_10,
s_10.1073_FS_pnas.0802878105_InVitro.CB_531,Aluminum Oxide,,,,,literature_mined,10.1073/pnas.0802878105,,,,a_10,
s_10.1073_FS_pnas.0802878105_InVitro.CB_532,Aluminum Oxide,,,,,literature_mined,10.1073/pnas.0802878105,,,,a_10,
s_10.1073_FS_pnas.0802878105_InVitro.CB_533,Aluminum Oxide,,,,,literature_mined,10.1073/pnas.0802878105,,,,a_10,
s_10.1073_FS_pnas.0802878105_InVitro.CB_534,Aluminum Oxide,,,,,literature_mined,10.1073/pnas.0802878105,,,,a_10,
s_10.1073_FS_pnas.0802878105_InVitro.CB_535,Aluminum Oxide,,,,,literature_mined,10.1073/pnas.0802878105,,,,a_10,
s_10.1073_FS_pnas.0802878105_InVitro.CB_536,Aluminum Oxide,,,,,literature_mined,10.1073/pnas.0802878105,,,,a_10,
s_10.1073_FS_pnas.0802878105_InVitro.CB_537,Aluminum Oxide,,,,,literature_mined,10.1073/pnas.0802878105,,,,a_10,
s_10.1073_FS_pnas.0802878105_InVitro.CB_538,Aluminum Oxide,,,,,literature_mined,10.1073/pnas.0802878105,,,,a_10,
s_10.1073_FS_pnas.0802878105_InVitro.CB_539,Aluminum Oxide,,,,,literature_mined,10.1073/pnas.0802878105,,,,a_10,
s_10.1073_FS_pnas.0802878105_InVitro.CB_540,Aluminum Oxide,,,,,literature_mined,10.1073/pnas.0802878105,,,,a_10,
s_10.1073_FS_pnas.0802878105_InVitro.CB_541,Aluminum Oxide,,,,,literature_mined,10.1073/pnas.0802878105,,,,a_10,
s_10.1073_FS_pnas.0802878105_InVitro.CB_542,Aluminum Oxide,,,,,literature_mined,10.1073/pnas.0802878105,,,,a_10,
s_10.1073_FS_pnas.0802878105_InVitro.CB_543,Aluminum Oxide,,,,,literature_mined,10.1073/pnas.0802878105,,,,a_10,
s_10.1073_FS_pnas.0802878105_InVitro.CB_544,Aluminum Oxide,,,,,literature_mined,10.1073/pnas.0802878105,,,,a_10,
s_10.1073_FS_pnas.0802878105_InVitro.CB_545,Aluminum Oxide,,,,,literature_mined,10.1073/pnas.0802878105,,,,a_10,
s_10.1073_FS_pnas.0802878105_InVitro.CB_546,Aluminum Oxide,,,,,literature_mined,10.1073/pnas.0802878105,,,,a_10,
s_10.1073_FS_pnas.0802878105_InVitro.CB_547,Aluminum Oxide,,,,,literature_mined,10.1073/pnas.0802878105,,,,a_10,
s_10.1073_FS_pnas.0802878105_InVitro.CB_548,Aluminum Oxide,,,,,literature_mined,10.1073/pnas.0802878105,,,,a_10,
s_10.1073_FS_pnas.0802878105_InVitro.CB_549,Aluminum Oxide,,,,,literature_mined,10.1073/pnas.0802878105,,,,a_10,
s_10.1073_FS_pnas.0802878105_InVitro.CB_550,Aluminum Oxide,,,,,literature_mined,10.1073/pnas.0802878105,,,,a_10,
s_10.1073_FS_pnas.0802878105_InVitro.CB_551,Aluminum Oxide,,,,,literature_mined,10.1073/pnas.0802878105,,,,a_10,
s_10.1073_FS_pnas.0802878105_InVitro.CB_552,Aluminum Oxide,,,,,literature_mined,10.1073/pnas.0802878105,,,,a_10,
s_10.1073_FS_pnas.0802878105_InVitro.CB_553,Aluminum Oxide,,,,,literature_mined,10.1073/pnas.0802878105,,,,a_10,
s_10.1073_FS_pnas.0802878105_InVitro.CB_554,Aluminum Oxide,,,,,literature_mined,10.1073/pnas.0802878105,,,,a_10,
s_10.1073_FS_pnas.0802878105_InVitro.CB_555,Aluminum Oxide,,,,,literature_mined,10.1073/pnas.0802878105,,,,a_10,
s_10.1073_FS_pnas.0802878105_InVitro.CB_556,Aluminum Oxide,,,,,literature_mined,10.1073/pnas.0802878105,,,,a_10,
s_10.1073_FS_pnas.0802878105_InVitro.CB_557,Aluminum Oxide,,,,,literature_mined,10.1073/pnas.0802878105,,,,a_10,
s_10.1073_FS_pnas.0802878105_InVitro.CB_558,Aluminum Oxide,,,,,literature_mined,10.1073/pnas.0802878105,,,,a_10,
s_10.1073_FS_pnas.0802878105_InVitro.CB_559,Aluminum Oxide,,,,,literature_mined,10.1073/pnas.0802878105,,,,a_10,
s_10.1073_FS_pnas.0802878105_InVitro.CB_560,Aluminum Oxide,,,,,literature_mined,10.1073/pnas.0802878105,,,,a_10,
s_10.1073_FS_pnas.0802878105_InVitro.CB_561,Aluminum Oxide,,,,,literature_mined,10.1073/pnas.0802878105,,,,a_10,
s_10.1073_FS_pnas.0802878105_InVitro.CB_562,Aluminum Oxide,,,,,literature_mined,10.1073/pnas.0802878105,,,,a_10,
s_10.1073_FS_pnas.0802878105_InVitro.CB_563,Aluminum Oxide,,,,,literature_mined,10.1073/pnas.0802878105,,,,a_10,
s_10.1073_FS_pnas.0802878105_InVitro.CB_564,Aluminum Oxide,,,,,literature_mined,10.1073/pnas.0802878105,,,,a_10,
s_10.1073_FS_pnas.0802878105_InVitro.CB_565,Aluminum Oxide,,,,,literature_mined,10.1073/pnas.0802878105,,,,a_10,
s_10.1073_FS_pnas.0802878105_InVitro.CB_566,Aluminum Oxide,,,,,literature_mined,10.1073/pnas.0802878105,,,,a_10,
s_10.1073_FS_pnas.0802878105_InVitro.CB_567,Aluminum Oxide,,,,,literature_mined,10.1073/pnas.0802878105,,,,a_10,
s_10.1073_FS_pnas.0802878105_InVitro.CB_568,Aluminum Oxide,,,,,literature_mined,10.1073/pnas.0802878105,,,,a_10,
s_10.1073_FS_pnas.0802878105_InVitro.CB_569,Aluminum Oxide,,,,,literature_mined,10.1073/pnas.0802878105,,,,a_10,
s_10.1073_FS_pnas.0802878105_InVitro.CB_570,Aluminum Oxide,,,,,literature_mined,10.1073/pnas.0802878105,,,,a_10,
s_10.1073_FS_pnas.0802878105_InVitro.CB_571,Aluminum Oxide,,,,,literature_mined,10.1073/pnas.0802878105,,,,a_10,
s_10.1073_FS_pnas.0802878105_InVitro.CB_572,Aluminum Oxide,,,,,literature_mined,10.1073/pnas.0802878105,,,,a_10,
s_10.1073_FS_pnas.0802878105_InVitro.CB_573,Aluminum Oxide,,,,,literature_mined,10.1073/pnas.0802878105,,,,a_10,
s_10.1073_FS_pnas.0802878105_InVitro.CB_574,Aluminum Oxide,,,,,literature_mined,10.1073/pnas.0802878105,,,,a_10,
s_10.1073_FS_pnas.0802878105_InVitro.CB_575,Aluminum Oxide,,,,,literature_mined,10.1073/pnas.0802878105,,,,a_10,
s_10.1073_FS_pnas.0802878105_InVitro.CB_576,Aluminum Oxide,,,,,literature_mined,10.1073/pnas.0802878105,,,,a_10,
s_10.1073_FS_pnas.0802878105_InVitro.CB_577,Aluminum Oxide,,,,,literature_mined,10.1073/pnas.0802878105,,,,a_10,
s_10.1073_FS_pnas.0802878105_InVitro.CB_578,Aluminum Oxide,,,,,literature_mined,10.1073/pnas.0802878105,,,,a_10,
s_10.1073_FS_pnas.0802878105_InVitro.CB_579,Aluminum Oxide,,,,,literature_mined,10.1073/pnas.0802878105,,,,a_10,
s_10.1073_FS_pnas.0802878105_InVitro.CB_580,Aluminum Oxide,,,,,literature_mined,10.1073/pnas.0802878105,,,,a_10,
s_10.1073_FS_pnas.0802878105_InVitro.CB_581,Aluminum Oxide,,,,,literature_mined,10.1073/pnas.0802878105,,,,a_10,
s_10.1073_FS_pnas.0802878105_InVitro.CB_582,Aluminum Oxide,,,,,literature_mined,10.1073/pnas.0802878105,,,,a_10,
s_10.1073_FS_pnas.0802878105_InVitro.CB_583,Aluminum Oxide,,,,,literature_mined,10.1073/pnas.0802878105,,,,a_10,
s_10.1073_FS_pnas.0802878105_InVitro.CB_584,Aluminum Oxide,,,,,literature_mined,10.1073/pnas.0802878105,,,,a_10,
s_10.1073_FS_pnas.0802878105_InVitro.CB_585,Aluminum Oxide,,,,,literature_mined,10.1073/pnas.0802878105,,,,a_10,
s_10.1073_FS_pnas.0802878105_InVitro.CB_586,Aluminum Oxide,,,,,literature_mined,10.1073/pnas.0802878105,,,,a_10,
s_10.1073_FS_pnas.0802878105_InVitro.CB_587,Aluminum Oxide,,,,,literature_mined,10.1073/pnas.0802878105,,,,a_10,
s_10.1073_FS_pnas.0802878105_InVitro.CB_588,Aluminum Oxide,,,,,literature_mined,10.1073/pnas.0802878105,,,,a_10,
s_10.1073_FS_pnas.0802878105_InVitro.CB_589,Aluminum Oxide,,,,,literature_mined,10.1073/pnas.0802878105,,,,a_10,
s_10.1073_FS_pnas.0802878105_InVitro.CB_590,Aluminum Oxide,,,,,literature_mined,10.1073/pnas.0802878105,,,,a_10,
s_10.1073_FS_pnas.0802878105_InVitro.CB_591,Aluminum Oxide,,,,,literature_mined,10.1073/pnas.0802878105,,,,a_10,
s_10.1073_FS_pnas.0802878105_InVitro.CB_592,Aluminum Oxide,,,,,literature_mined,10.1073/pnas.0802878105,,,,a_10,
s_10.1073_FS_pnas.0802878105_InVitro.CB_593,Aluminum Oxide,,,,,literature_mined,10.1073/pnas.0802878105,,,,a_10,
s_10.1073_FS_pnas.0802878105_InVitro.CB_594,Aluminum Oxide,,,,,literature_mined,10.1073/pnas.0802878105,,,,a_10,
s_10.1073_FS_pnas.0802878105_InVitro.CB_595,Aluminum Oxide,,,,,literature_mined,10.1073/pnas.0802878105,,,,a_10,
s_10.1073_FS_pnas.0802878105_InVitro.CB_596,Aluminum Oxide,,,,,literature_mined,10.1073/pnas.0802878105,,,,a_10,
s_10.1073_FS_pnas.0802878105_InVitro.CB_597,Aluminum Oxide,,,,,literature_mined,10.1073/pnas.0802878105,,,,a_10,
s_10.1073_FS_pnas.0802878105_InVitro.CB_598,Aluminum Oxide,,,,,literature_mined,10.1073/pnas.0802878105,,,,a_10,
s_10.1073_FS_pnas.0802878105_InVitro.CB_599,Aluminum Oxide,,,,,literature_mined,10.1073/pnas.0802878105,,,,a_10,
s_10.1073_FS_pnas.0802878105_InVitro.CB_600,Aluminum Oxide,,,,,literature_mined,10.1073/pnas.0802878105,,,,a_10,
s_10.1073_FS_pnas.0802878105_InVitro.CB_601,Aluminum Oxide,,,,,literature_mined,10.1073/pnas.0802878105,,,,a_10,
s_10.1073_FS_pnas.0802878105_InVitro.CB_602,Aluminum Oxide,,,,,literature_mined,10.1073/pnas.0802878105,,,,a_10,
s_10.1073_FS_pnas.0802878105_InVitro.CB_603,Aluminum Oxide,,,,,literature_mined,10.1073/pnas.0802878105,,,,a_10,
s_10.1073_FS_pnas.0802878105_InVitro.CB_604,Aluminum Oxide,,,,,literature_mined,10.1073/pnas.0802878105,,,,a_10,
s_10.1073_FS_pnas.0802878105_InVitro.CB_605,Aluminum Oxide,,,,,literature_mined,10.1073/pnas.0802878105,,,,a_10,
s_10.1073_FS_pnas.0802878105_InVitro.CB_606,Aluminum Oxide,,,,,literature_mined,10.1073/pnas.0802878105,,,,a_10,
s_10.1073_FS_pnas.0802878105_InVitro.CB_607,Aluminum Oxide,,,,,literature_mined,10.1073/pnas.0802878105,,,,a_10,
s_10.1073_FS_pnas.0802878105_InVitro.CB_608,Aluminum Oxide,,,,,literature_mined,10.1073/pnas.0802878105,,,,a_10,
s_10.1073_FS_pnas.0802878105_InVitro.CB_609,Aluminum Oxide,,,,,literature_mined,10.1073/pnas.0802878105,,,,a_10,
s_10.1073_FS_pnas.0802878105_InVitro.CB_610,Aluminum Oxide,,,,,literature_mined,10.1073/pnas.0802878105,,,,a_10,
s_10.1073_FS_pnas.0802878105_InVitro.CB_611,Aluminum Oxide,,,,,literature_mined,10.1073/pnas.0802878105,,,,a_10,
s_10.1073_FS_pnas.0802878105_InVitro.CB_612,Aluminum Oxide,,,,,literature_mined,10.1073/pnas.0802878105,,,,a_10,
s_10.1073_FS_pnas.0802878105_InVitro.CB_613,Aluminum Oxide,,,,,literature_mined,10.1073/pnas.0802878105,,,,a_10,
s_10.1073_FS_pnas.0802878105_InVitro.CB_614,Aluminum Oxide,,,,,literature_mined,10.1073/pnas.0802878105,,,,a_10,
s_10.1073_FS_pnas.0802878105_InVitro.CB_615,Aluminum Oxide,,,,,literature_mined,10.1073/pnas.0802878105,,,,a_10,
s_10.1073_FS_pnas.0802878105_InVitro.CB_616,Aluminum Oxide,,,,,literature_mined,10.1073/pnas.0802878105,,,,a_10,
s_10.1073_FS_pnas.0802878105_InVitro.CB_617,Aluminum Oxide,,,,,literature_mined,10.1073/pnas.0802878105,,,,a_10,
s_10.1073_FS_pnas.0802878105_InVitro.CB_618,Aluminum Oxide,,,,,literature_mined,10.1073/pnas.0802878105,,,,a_10,
s_10.1073_FS_pnas.0802878105_InVitro.CB_619,Aluminum Oxide,,,,,literature_mined,10.1073/pnas.0802878105,,,,a_10,
s_10.1073_FS_pnas.0802878105_InVitro.CB_620,Aluminum Oxide,,,,,literature_mined,10.1073/pnas.0802878105,,,,a_10,
s_10.1073_FS_pnas.0802878105_InVitro.CB_621,Aluminum Oxide,,,,,literature_mined,10.1073/pnas.0802878105,,,,a_10,
s_10.1073_FS_pnas.0802878105_InVitro.CB_622,Aluminum Oxide,,,,,literature_mined,10.1073/pnas.0802878105,,,,a_10,
s_10.1073_FS_pnas.0802878105_InVitro.CB_623,Aluminum Oxide,,,,,literature_mined,10.1073/pnas.0802878105,,,,a_10,
s_10.1073_FS_pnas.0802878105_InVitro.CB_624,Aluminum Oxide,,,,,literature_mined,10.1073/pnas.0802878105,,,,a_10,
s_10.1073_FS_pnas.0802878105_InVitro.CB_625,Aluminum Oxide,,,,,literature_mined,10.1073/pnas.0802878105,,,,a_10,
s_10.1073_FS_pnas.0802878105_InVitro.CB_626,Aluminum Oxide,,,,,literature_mined,10.1073/pnas.0802878105,,,,a_10,
s_10.1073_FS_pnas.0802878105_InVitro.CB_627,Aluminum Oxide,,,,,literature_mined,10.1073/pnas.0802878105,,,,a_10,
s_10.1073_FS_pnas.0802878105_InVitro.CB_628,Aluminum Oxide,,,,,literature_mined,10.1073/pnas.0802878105,,,,a_10,
s_10.1073_FS_pnas.0802878105_InVitro.CB_629,Aluminum Oxide,,,,,literature_mined,10.1073/pnas.0802878105,,,,a_10,
s_10.1073_FS_pnas.0802878105_InVitro.CB_630,Aluminum Oxide,,,,,literature_mined,10.1073/pnas.0802878105,,,,a_10,
s_10.1073_FS_pnas.0802878105_InVitro.CB_631,Aluminum Oxide,,,,,literature_mined,10.1073/pnas.0802878105,,,,a_10,
s_10.1073_FS_pnas.0802878105_InVitro.CB_632,Aluminum Oxide,,,,,literature_mined,10.1073/pnas.0802878105,,,,a_10,
s_10.1073_FS_pnas.0802878105_InVitro.CB_633,Aluminum Oxide,,,,,literature_mined,10.1073/pnas.0802878105,,,,a_10,
s_10.1073_FS_pnas.0802878105_InVitro.CB_634,Aluminum Oxide,,,,,literature_mined,10.1073/pnas.0802878105,,,,a_10,
s_10.1073_FS_pnas.0802878105_InVitro.CB_635,Aluminum Oxide,,,,,literature_mined,10.1073/pnas.0802878105,,,,a_10,
s_10.1073_FS_pnas.0802878105_InVitro.CB_636,Aluminum Oxide,,,,,literature_mined,10.1073/pnas.0802878105,,,,a_10,
s_10.1073_FS_pnas.0802878105_InVitro.CB_637,Aluminum Oxide,,,,,literature_mined,10.1073/pnas.0802878105,,,,a_10,
s_10.1073_FS_pnas.0802878105_InVitro.CB_638,Aluminum Oxide,,,,,literature_mined,10.1073/pnas.0802878105,,,,a_10,
s_10.1073_FS_pnas.0802878105_InVitro.CB_639,Aluminum Oxide,,,,,literature_mined,10.1073/pnas.0802878105,,,,a_10,
s_10.1073_FS_pnas.0802878105_InVitro.CB_640,Aluminum Oxide,,,,,literature_mined,10.1073/pnas.0802878105,,,,a_10,
s_10.1073_FS_pnas.0802878105_InVitro.CB_641,Aluminum Oxide,,,,,literature_mined,10.1073/pnas.0802878105,,,,a_10,
s_10.1073_FS_pnas.0802878105_InVitro.CB_642,Aluminum Oxide,,,,,literature_mined,10.1073/pnas.0802878105,,,,a_10,
s_10.1073_FS_pnas.0802878105_InVitro.CB_643,Aluminum Oxide,,,,,literature_mined,10.1073/pnas.0802878105,,,,a_10,
s_10.1073_FS_pnas.0802878105_InVitro.CB_644,Aluminum Oxide,,,,,literature_mined,10.1073/pnas.0802878105,,,,a_10,
s_10.1073_FS_pnas.0802878105_InVitro.CB_645,Aluminum Oxide,,,,,literature_mined,10.1073/pnas.0802878105,,,,a_10,
s_10.1073_FS_pnas.0802878105_InVitro.CB_646,Aluminum Oxide,,,,,literature_mined,10.1073/pnas.0802878105,,,,a_10,
s_10.1073_FS_pnas.0802878105_InVitro.CB_647,Aluminum Oxide,,,,,literature_mined,10.1073/pnas.0802878105,,,,a_10,
s_10.1073_FS_pnas.0802878105_InVitro.CB_648,Aluminum Oxide,,,,,literature_mined,10.1073/pnas.0802878105,,,,a_10,
s_10.1073_FS_pnas.0802878105_InVitro.CB_649,Aluminum Oxide,,,,,literature_mined,10.1073/pnas.0802878105,,,,a_10,
s_10.1073_FS_pnas.0802878105_InVitro.CB_650,Aluminum Oxide,,,,,literature_mined,10.1073/pnas.0802878105,,,,a_10,
s_10.1073_FS_pnas.0802878105_InVitro.CB_651,Aluminum Oxide,,,,,literature_mined,10.1073/pnas.0802878105,,,,a_10,
s_10.1073_FS_pnas.0802878105_InVitro.CB_652,Aluminum Oxide,,,,,literature_mined,10.1073/pnas.0802878105,,,,a_10,
s_10.1073_FS_pnas.0802878105_InVitro.CB_653,Aluminum Oxide,,,,,literature_mined,10.1073/pnas.0802878105,,,,a_10,
s_10.1073_FS_pnas.0802878105_InVitro.CB_654,Aluminum Oxide,,,,,literature_mined,10.1073/pnas.0802878105,,,,a_10,
s_10.1073_FS_pnas.0802878105_InVitro.CB_655,Aluminum Oxide,,,,,literature_mined,10.1073/pnas.0802878105,,,,a_10,
s_10.1073_FS_pnas.0802878105_InVitro.CB_656,Aluminum Oxide,,,,,literature_mined,10.1073/pnas.0802878105,,,,a_10,
s_10.1073_FS_pnas.0802878105_InVitro.CB_657,Aluminum Oxide,,,,,literature_mined,10.1073/pnas.0802878105,,,,a_10,
s_10.1073_FS_pnas.0802878105_InVitro.CB_658,Aluminum Oxide,,,,,literature_mined,10.1073/pnas.0802878105,,,,a_10,
s_10.1073_FS_pnas.0802878105_InVitro.CB_659,Aluminum Oxide,,,,,literature_mined,10.1073/pnas.0802878105,,,,a_10,
s_10.1073_FS_pnas.0802878105_InVitro.CB_660,Aluminum Oxide,,,,,literature_mined,10.1073/pnas.0802878105,,,,a_10,
s_10.1073_FS_pnas.0802878105_InVitro.CB_661,Aluminum Oxide,,,,,literature_mined,10.1073/pnas.0802878105,,,,a_10,
s_10.1073_FS_pnas.0802878105_InVitro.CB_662,Aluminum Oxide,,,,,literature_mined,10.1073/pnas.0802878105,,,,a_10,
s_10.1073_FS_pnas.0802878105_InVitro.CB_663,Aluminum Oxide,,,,,literature_mined,10.1073/pnas.0802878105,,,,a_10,
s_10.1073_FS_pnas.0802878105_InVitro.CB_664,Aluminum Oxide,,,,,literature_mined,10.1073/pnas.0802878105,,,,a_10,
s_10.1073_FS_pnas.0802878105_InVitro.CB_665,Aluminum Oxide,,,,,literature_mined,10.1073/pnas.0802878105,,,,a_10,
s_10.1073_FS_pnas.0802878105_InVitro.CB_666,Aluminum Oxide,,,,,literature_mined,10.1073/pnas.0802878105,,,,a_10,
s_10.1073_FS_pnas.0802878105_InVitro.CB_667,Aluminum Oxide,,,,,literature_mined,10.1073/pnas.0802878105,,,,a_10,
s_10.1073_FS_pnas.0802878105_InVitro.CB_668,Aluminum Oxide,,,,,literature_mined,10.1073/pnas.0802878105,,,,a_10,
s_10.1073_FS_pnas.0802878105_InVitro.CB_669,Aluminum Oxide,,,,,literature_mined,10.1073/pnas.0802878105,,,,a_10,
s_10.1073_FS_pnas.0802878105_InVitro.CB_670,Aluminum Oxide,,,,,literature_mined,10.1073/pnas.0802878105,,,,a_10,
s_10.1073_FS_pnas.0802878105_InVitro.CB_671,Aluminum Oxide,,,,,literature_mined,10.1073/pnas.0802878105,,,,a_10,
s_10.1073_FS_pnas.0802878105_InVitro.CB_672,Aluminum Oxide,,,,,literature_mined,10.1073/pnas.0802878105,,,,a_10,
s_10.1073_FS_pnas.0802878105_InVitro.CB_673,Aluminum Oxide,,,,,literature_mined,10.1073/pnas.0802878105,,,,a_10,
s_10.1073_FS_pnas.0802878105_InVitro.CB_674,Aluminum Oxide,,,,,literature_mined,10.1073/pnas.0802878105,,,,a_10,
s_10.1073_FS_pnas.0802878105_InVitro.CB_675,Aluminum Oxide,,,,,literature_mined,10.1073/pnas.0802878105,,,,a_10,
s_10.1073_FS_pnas.0802878105_InVitro.CB_676,Aluminum Oxide,,,,,literature_mined,10.1073/pnas.0802878105,,,,a_10,
s_10.1073_FS_pnas.0802878105_InVitro.CB_677,Aluminum Oxide,,,,,literature_mined,10.1073/pnas.0802878105,,,,a_10,
s_10.1073_FS_pnas.0802878105_InVitro.CB_678,Aluminum Oxide,,,,,literature_mined,10.1073/pnas.0802878105,,,,a_10,
s_10.1073_FS_pnas.0802878105_InVitro.CB_679,Aluminum Oxide,,,,,literature_mined,10.1073/pnas.0802878105,,,,a_10,
s_10.1073_FS_pnas.0802878105_InVitro.CB_680,Aluminum Oxide,,,,,literature_mined,10.1073/pnas.0802878105,,,,a_10,
s_10.1073_FS_pnas.0802878105_InVitro.CB_681,Aluminum Oxide,,,,,literature_mined,10.1073/pnas.0802878105,,,,a_10,
s_10.1073_FS_pnas.0802878105_InVitro.CB_682,Aluminum Oxide,,,,,literature_mined,10.1073/pnas.0802878105,,,,a_10,
s_10.1073_FS_pnas.0802878105_InVitro.CB_683,Aluminum Oxide,,,,,literature_mined,10.1073/pnas.0802878105,,,,a_10,
s_10.1073_FS_pnas.0802878105_InVitro.CB_684,Aluminum Oxide,,,,,literature_mined,10.1073/pnas.0802878105,,,,a_10,
s_10.1073_FS_pnas.0802878105_InVitro.CB_685,Aluminum Oxide,,,,,literature_mined,10.1073/pnas.0802878105,,,,a_10,
s_10.1073_FS_pnas.0802878105_InVitro.CB_686,Aluminum Oxide,,,,,literature_mined,10.1073/pnas.0802878105,,,,a_10,
s_10.1073_FS_pnas.0802878105_InVitro.CB_687,Aluminum Oxide,,,,,literature_mined,10.1073/pnas.0802878105,,,,a_10,
s_10.1073_FS_pnas.0802878105_InVitro.CB_688,Aluminum Oxide,,,,,literature_mined,10.1073/pnas.0802878105,,,,a_10,
s_10.1073_FS_pnas.0802878105_InVitro.CB_689,Aluminum Oxide,,,,,literature_mined,10.1073/pnas.0802878105,,,,a_10,
s_10.1073_FS_pnas.0802878105_InVitro.CB_690,Aluminum Oxide,,,,,literature_mined,10.1073/pnas.0802878105,,,,a_10,
s_10.1073_FS_pnas.0802878105_InVitro.CB_691,Aluminum Oxide,,,,,literature_mined,10.1073/pnas.0802878105,,,,a_10,
s_10.1073_FS_pnas.0802878105_InVitro.CB_692,Aluminum Oxide,,,,,literature_mined,10.1073/pnas.0802878105,,,,a_10,
s_10.1073_FS_pnas.0802878105_InVitro.CB_693,Aluminum Oxide,,,,,literature_mined,10.1073/pnas.0802878105,,,,a_10,
s_10.1073_FS_pnas.0802878105_InVitro.CB_694,Aluminum Oxide,,,,,literature_mined,10.1073/pnas.0802878105,,,,a_10,
s_10.1073_FS_pnas.0802878105_InVitro.CB_695,Aluminum Oxide,,,,,literature_mined,10.1073/pnas.0802878105,,,,a_10,
s_10.1073_FS_pnas.0802878105_InVitro.CB_696,Aluminum Oxide,,,,,literature_mined,10.1073/pnas.0802878105,,,,a_10,
s_10.1073_FS_pnas.0802878105_InVitro.CB_697,Aluminum Oxide,,,,,literature_mined,10.1073/pnas.0802878105,,,,a_10,
s_10.1073_FS_pnas.0802878105_InVitro.CB_698,Aluminum Oxide,,,,,literature_mined,10.1073/pnas.0802878105,,,,a_10,
s_10.1073_FS_pnas.0802878105_InVitro.CB_699,Aluminum Oxide,,,,,literature_mined,10.1073/pnas.0802878105,,,,a_10,
s_10.1073_FS_pnas.0802878105_InVitro.CB_700,Aluminum Oxide,,,,,literature_mined,10.1073/pnas.0802878105,,,,a_10,
s_10.1073_FS_pnas.0802878105_InVitro.CB_701,Aluminum Oxide,,,,,literature_mined,10.1073/pnas.0802878105,,,,a_10,
s_10.1073_FS_pnas.0802878105_InVitro.CB_702,Aluminum Oxide,,,,,literature_mined,10.1073/pnas.0802878105,,,,a_10,
s_10.1073_FS_pnas.0802878105_InVitro.CB_703,Aluminum Oxide,,,,,literature_mined,10.1073/pnas.0802878105,,,,a_10,
s_10.1073_FS_pnas.0802878105_InVitro.CB_704,Aluminum Oxide,,,,,literature_mined,10.1073/pnas.0802878105,,,,a_10,
s_10.1073_FS_pnas.0802878105_InVitro.CB_705,Aluminum Oxide,,,,,literature_mined,10.1073/pnas.0802878105,,,,a_10,
s_10.1073_FS_pnas.0802878105_InVitro.CB_706,Aluminum Oxide,,,,,literature_mined,10.1073/pnas.0802878105,,,,a_10,
s_10.1073_FS_pnas.0802878105_InVitro.CB_707,Aluminum Oxide,,,,,literature_mined,10.1073/pnas.0802878105,,,,a_10,
s_10.1073_FS_pnas.0802878105_InVitro.CB_708,Aluminum Oxide,,,,,literature_mined,10.1073/pnas.0802878105,,,,a_10,
s_10.1073_FS_pnas.0802878105_InVitro.CB_709,Aluminum Oxide,,,,,literature_mined,10.1073/pnas.0802878105,,,,a_10,
s_10.1073_FS_pnas.0802878105_InVitro.CB_710,Aluminum Oxide,,,,,literature_mined,10.1073/pnas.0802878105,,,,a_10,
s_10.1073_FS_pnas.0802878105_InVitro.CB_711,Aluminum Oxide,,,,,literature_mined,10.1073/pnas.0802878105,,,,a_10,
s_10.1073_FS_pnas.0802878105_InVitro.CB_712,Aluminum Oxide,,,,,literature_mined,10.1073/pnas.0802878105,,,,a_10,
s_10.1073_FS_pnas.0802878105_InVitro.CB_713,Aluminum Oxide,,,,,literature_mined,10.1073/pnas.0802878105,,,,a_10,
s_10.1073_FS_pnas.0802878105_InVitro.CB_714,Aluminum Oxide,,,,,literature_mined,10.1073/pnas.0802878105,,,,a_10,
s_10.1073_FS_pnas.0802878105_InVitro.CB_715,Aluminum Oxide,,,,,literature_mined,10.1073/pnas.0802878105,,,,a_10,
s_10.1073_FS_pnas.0802878105_InVitro.CB_716,Aluminum Oxide,,,,,literature_mined,10.1073/pnas.0802878105,,,,a_10,
s_10.1073_FS_pnas.0802878105_InVitro.CB_717,Aluminum Oxide,,,,,literature_mined,10.1073/pnas.0802878105,,,,a_10,
s_10.1073_FS_pnas.0802878105_InVitro.CB_718,Aluminum Oxide,,,,,literature_mined,10.1073/pnas.0802878105,,,,a_10,
s_10.1073_FS_pnas.0802878105_InVitro.CB_719,Aluminum Oxide,,,,,literature_mined,10.1073/pnas.0802878105,,,,a_10,
s_10.1073_FS_pnas.0802878105_InVitro.CB_720,Aluminum Oxide,,,,,literature_mined,10.1073/pnas.0802878105,,,,a_10,
s_10.1073_FS_pnas.0802878105_InVitro.CB_721,Aluminum Oxide,,,,,literature_mined,10.1073/pnas.0802878105,,,,a_10,
s_10.1073_FS_pnas.0802878105_InVitro.CB_722,Aluminum Oxide,,,,,literature_mined,10.1073/pnas.0802878105,,,,a_10,
s_10.1073_FS_pnas.0802878105_InVitro.CB_723,Aluminum Oxide,,,,,literature_mined,10.1073/pnas.0802878105,,,,a_10,
s_10.1073_FS_pnas.0802878105_InVitro.CB_724,Aluminum Oxide,,,,,literature_mined,10.1073/pnas.0802878105,,,,a_10,
s_10.1073_FS_pnas.0802878105_InVitro.CB_725,Aluminum Oxide,,,,,literature_mined,10.1073/pnas.0802878105,,,,a_10,
s_10.1073_FS_pnas.0802878105_InVitro.CB_726,Aluminum Oxide,,,,,literature_mined,10.1073/pnas.0802878105,,,,a_10,
s_10.1073_FS_pnas.0802878105_InVitro.CB_727,Aluminum Oxide,,,,,literature_mined,10.1073/pnas.0802878105,,,,a_10,
s_10.1073_FS_pnas.0802878105_InVitro.CB_728,Aluminum Oxide,,,,,literature_mined,10.1073/pnas.0802878105,,,,a_10,
s_10.1073_FS_pnas.0802878105_InVitro.CB_729,Aluminum Oxide,,,,,literature_mined,10.1073/pnas.0802878105,,,,a_10,
s_10.1073_FS_pnas.0802878105_InVitro.CB_730,Aluminum Oxide,,,,,literature_mined,10.1073/pnas.0802878105,,,,a_10,
s_10.1073_FS_pnas.0802878105_InVitro.CB_731,Aluminum Oxide,,,,,literature_mined,10.1073/pnas.0802878105,,,,a_10,
s_10.1073_FS_pnas.0802878105_InVitro.CB_732,Aluminum Oxide,,,,,literature_mined,10.1073/pnas.0802878105,,,,a_10,
s_10.1073_FS_pnas.0802878105_InVitro.CB_733,Aluminum Oxide,,,,,literature_mined,10.1073/pnas.0802878105,,,,a_10,
s_10.1073_FS_pnas.0802878105_InVitro.CB_734,Aluminum Oxide,,,,,literature_mined,10.1073/pnas.0802878105,,,,a_10,
s_10.1073_FS_pnas.0802878105_InVitro.CB_735,Aluminum Oxide,,,,,literature_mined,10.1073/pnas.0802878105,,,,a_10,
s_10.1073_FS_pnas.0802878105_InVitro.CB_736,Aluminum Oxide,,,,,literature_mined,10.1073/pnas.0802878105,,,,a_10,
s_10.1073_FS_pnas.0802878105_InVitro.CB_737,Aluminum Oxide,,,,,literature_mined,10.1073/pnas.0802878105,,,,a_10,
s_10.1073_FS_pnas.0802878105_InVitro.CB_738,Aluminum Oxide,,,,,literature_mined,10.1073/pnas.0802878105,,,,a_10,
s_10.1073_FS_pnas.0802878105_InVitro.CB_739,Aluminum Oxide,,,,,literature_mined,10.1073/pnas.0802878105,,,,a_10,
s_10.1073_FS_pnas.0802878105_InVitro.CB_740,Aluminum Oxide,,,,,literature_mined,10.1073/pnas.0802878105,,,,a_10,
s_10.1073_FS_pnas.0802878105_InVitro.CB_741,Aluminum Oxide,,,,,literature_mined,10.1073/pnas.0802878105,,,,a_10,
s_10.1073_FS_pnas.0802878105_InVitro.CB_742,Aluminum Oxide,,,,,literature_mined,10.1073/pnas.0802878105,,,,a_10,
s_10.1073_FS_pnas.0802878105_InVitro.CB_743,Aluminum Oxide,,,,,literature_mined,10.1073/pnas.0802878105,,,,a_10,
s_10.1073_FS_pnas.0802878105_InVitro.CB_744,Aluminum Oxide,,,,,literature_mined,10.1073/pnas.0802878105,,,,a_10,
s_10.1073_FS_pnas.0802878105_InVitro.CB_745,Aluminum Oxide,,,,,literature_mined,10.1073/pnas.0802878105,,,,a_10,
s_10.1073_FS_pnas.0802878105_InVitro.CB_746,Aluminum Oxide,,,,,literature_mined,10.1073/pnas.0802878105,,,,a_10,
s_10.1073_FS_pnas.0802878105_InVitro.CB_747,Aluminum Oxide,,,,,literature_mined,10.1073/pnas.0802878105,,,,a_10,
s_10.1073_FS_pnas.0802878105_InVitro.CB_748,Aluminum Oxide,,,,,literature_mined,10.1073/pnas.0802878105,,,,a_10,
s_10.1073_FS_pnas.0802878105_InVitro.CB_749,Aluminum Oxide,,,,,literature_mined,10.1073/pnas.0802878105,,,,a_10,
s_10.1073_FS_pnas.0802878105_InVitro.CB_750,Aluminum Oxide,,,,,literature_mined,10.1073/pnas.0802878105,,,,a_10,
s_10.1073_FS_pnas.0802878105_InVitro.CB_751,Aluminum Oxide,,,,,literature_mined,10.1073/pnas.0802878105,,,,a_10,
s_10.1073_FS_pnas.0802878105_InVitro.CB_752,Aluminum Oxide,,,,,literature_mined,10.1073/pnas.0802878105,,,,a_10,
s_10.1073_FS_pnas.0802878105_InVitro.CB_753,Aluminum Oxide,,,,,literature_mined,10.1073/pnas.0802878105,,,,a_10,
s_10.1073_FS_pnas.0802878105_InVitro.CB_754,Aluminum Oxide,,,,,literature_mined,10.1073/pnas.0802878105,,,,a_10,
s_10.1073_FS_pnas.0802878105_InVitro.CB_755,Aluminum Oxide,,,,,literature_mined,10.1073/pnas.0802878105,,,,a_10,
s_10.1073_FS_pnas.0802878105_InVitro.CB_756,Aluminum Oxide,,,,,literature_mined,10.1073/pnas.0802878105,,,,a_10,
s_10.1073_FS_pnas.0802878105_InVitro.CB_757,Aluminum Oxide,,,,,literature_mined,10.1073/pnas.0802878105,,,,a_10,
s_10.1073_FS_pnas.0802878105_InVitro.CB_758,Aluminum Oxide,,,,,literature_mined,10.1073/pnas.0802878105,,,,a_10,
s_10.1073_FS_pnas.0802878105_InVitro.CB_759,Aluminum Oxide,,,,,literature_mined,10.1073/pnas.0802878105,,,,a_10,
s_10.1073_FS_pnas.0802878105_InVitro.CB_760,Aluminum Oxide,,,,,literature_mined,10.1073/pnas.0802878105,,,,a_10,
s_10.1073_FS_pnas.0802878105_InVitro.CB_761,Aluminum Oxide,,,,,literature_mined,10.1073/pnas.0802878105,,,,a_10,
s_10.1073_FS_pnas.0802878105_InVitro.CB_762,Aluminum Oxide,,,,,literature_mined,10.1073/pnas.0802878105,,,,a_10,
s_10.1073_FS_pnas.0802878105_InVitro.CB_763,Aluminum Oxide,,,,,literature_mined,10.1073/pnas.0802878105,,,,a_10,
s_10.1073_FS_pnas.0802878105_InVitro.CB_764,Aluminum Oxide,,,,,literature_mined,10.1073/pnas.0802878105,,,,a_10,
s_10.1073_FS_pnas.0802878105_InVitro.CB_765,Aluminum Oxide,,,,,literature_mined,10.1073/pnas.0802878105,,,,a_10,
s_10.1073_FS_pnas.0802878105_InVitro.CB_766,Aluminum Oxide,,,,,literature_mined,10.1073/pnas.0802878105,,,,a_10,
s_10.1073_FS_pnas.0802878105_InVitro.CB_767,Aluminum Oxide,,,,,literature_mined,10.1073/pnas.0802878105,,,,a_10,
s_10.1073_FS_pnas.0802878105_InVitro.CB_768,Aluminum Oxide,,,,,literature_mined,10.1073/pnas.0802878105,,,,a_10,
s_10.1073_FS_pnas.0802878105_InVitro.CB_769,Aluminum Oxide,,,,,literature_mined,10.1073/pnas.0802878105,,,,a_10,
s_10.1073_FS_pnas.0802878105_InVitro.CB_770,Aluminum Oxide,,,,,literature_mined,10.1073/pnas.0802878105,,,,a_10,
s_10.1073_FS_pnas.0802878105_InVitro.CB_771,Aluminum Oxide,,,,,literature_mined,10.1073/pnas.0802878105,,,,a_10,
s_10.1073_FS_pnas.0802878105_InVitro.CB_772,Aluminum Oxide,,,,,literature_mined,10.1073/pnas.0802878105,,,,a_10,
s_10.1073_FS_pnas.0802878105_InVitro.CB_773,Aluminum Oxide,,,,,literature_mined,10.1073/pnas.0802878105,,,,a_10,
s_10.1073_FS_pnas.0802878105_InVitro.CB_774,Aluminum Oxide,,,,,literature_mined,10.1073/pnas.0802878105,,,,a_10,
s_10.1073_FS_pnas.0802878105_InVitro.CB_775,Aluminum Oxide,,,,,literature_mined,10.1073/pnas.0802878105,,,,a_10,
s_10.1073_FS_pnas.0802878105_InVitro.CB_776,Aluminum Oxide,,,,,literature_mined,10.1073/pnas.0802878105,,,,a_10,
s_10.1073_FS_pnas.0802878105_InVitro.CB_777,Aluminum Oxide,,,,,literature_mined,10.1073/pnas.0802878105,,,,a_10,
s_10.1073_FS_pnas.0802878105_InVitro.CB_778,Aluminum Oxide,,,,,literature_mined,10.1073/pnas.0802878105,,,,a_10,
s_10.1073_FS_pnas.0802878105_InVitro.CB_779,Aluminum Oxide,,,,,literature_mined,10.1073/pnas.0802878105,,,,a_10,
s_10.1073_FS_pnas.0802878105_InVitro.CB_780,Aluminum Oxide,,,,,literature_mined,10.1073/pnas.0802878105,,,,a_10,
s_10.1073_FS_pnas.0802878105_InVitro.CB_781,Aluminum Oxide,,,,,literature_mined,10.1073/pnas.0802878105,,,,a_10,
s_10.1073_FS_pnas.0802878105_InVitro.CB_782,Aluminum Oxide,,,,,literature_mined,10.1073/pnas.0802878105,,,,a_10,
s_10.1073_FS_pnas.0802878105_InVitro.CB_783,Aluminum Oxide,,,,,literature_mined,10.1073/pnas.0802878105,,,,a_10,
s_10.1073_FS_pnas.0802878105_InVitro.CB_784,Aluminum Oxide,,,,,literature_mined,10.1073/pnas.0802878105,,,,a_10,
s_10.1073_FS_pnas.0802878105_InVitro.CB_785,Aluminum Oxide,,,,,literature_mined,10.1073/pnas.0802878105,,,,a_10,
s_10.1073_FS_pnas.0802878105_InVitro.CB_786,Aluminum Oxide,,,,,literature_mined,10.1073/pnas.0802878105,,,,a_10,
s_10.1073_FS_pnas.0802878105_InVitro.CB_787,Aluminum Oxide,,,,,literature_mined,10.1073/pnas.0802878105,,,,a_10,
s_10.1073_FS_pnas.0802878105_InVitro.CB_788,Aluminum Oxide,,,,,literature_mined,10.1073/pnas.0802878105,,,,a_10,
s_10.1073_FS_pnas.0802878105_InVitro.CB_789,Aluminum Oxide,,,,,literature_mined,10.1073/pnas.0802878105,,,,a_10,
s_10.1073_FS_pnas.0802878105_InVitro.CB_790,Aluminum Oxide,,,,,literature_mined,10.1073/pnas.0802878105,,,,a_10,
s_10.1073_FS_pnas.0802878105_InVitro.CB_791,Aluminum Oxide,,,,,literature_mined,10.1073/pnas.0802878105,,,,a_10,
s_10.1073_FS_pnas.0802878105_InVitro.CB_792,Aluminum Oxide,,,,,literature_mined,10.1073/pnas.0802878105,,,,a_10,
s_10.1073_FS_pnas.0802878105_InVitro.CB_793,Aluminum Oxide,,,,,literature_mined,10.1073/pnas.0802878105,,,,a_10,
s_10.1073_FS_pnas.0802878105_InVitro.CB_794,Aluminum Oxide,,,,,literature_mined,10.1073/pnas.0802878105,,,,a_10,
s_10.1073_FS_pnas.0802878105_InVitro.CB_795,Aluminum Oxide,,,,,literature_mined,10.1073/pnas.0802878105,,,,a_10,
s_10.1073_FS_pnas.0802878105_InVitro.CB_796,Aluminum Oxide,,,,,literature_mined,10.1073/pnas.0802878105,,,,a_10,
s_10.1073_FS_pnas.0802878105_InVitro.CB_797,Aluminum Oxide,,,,,literature_mined,10.1073/pnas.0802878105,,,,a_10,
s_10.1073_FS_pnas.0802878105_InVitro.CB_798,Aluminum Oxide,,,,,literature_mined,10.1073/pnas.0802878105,,,,a_10,
s_10.1073_FS_pnas.0802878105_InVitro.CB_799,Aluminum Oxide,,,,,literature_mined,10.1073/pnas.0802878105,,,,a_10,
s_10.1073_FS_pnas.0802878105_InVitro.CB_800,Aluminum Oxide,,,,,literature_mined,10.1073/pnas.0802878105,,,,a_10,
s_10.1073_FS_pnas.0802878105_InVitro.CB_1601,Aluminum Oxide,,,,,literature_mined,10.1073/pnas.0802878105,,,,a_10,
s_10.1073_FS_pnas.0802878105_InVitro.CB_1602,Aluminum Oxide,,,,,literature_mined,10.1073/pnas.0802878105,,,,a_10,
s_10.1073_FS_pnas.0802878105_InVitro.CB_1603,Aluminum Oxide,,,,,literature_mined,10.1073/pnas.0802878105,,,,a_10,
s_10.1073_FS_pnas.0802878105_InVitro.CB_1604,Aluminum Oxide,,,,,literature_mined,10.1073/pnas.0802878105,,,,a_10,
s_10.1073_FS_pnas.0802878105_InVitro.CB_1605,Aluminum Oxide,,,,,literature_mined,10.1073/pnas.0802878105,,,,a_10,
s_10.1073_FS_pnas.0802878105_InVitro.CB_1606,Aluminum Oxide,,,,,literature_mined,10.1073/pnas.0802878105,,,,a_10,
s_10.1073_FS_pnas.0802878105_InVitro.CB_1607,Aluminum Oxide,,,,,literature_mined,10.1073/pnas.0802878105,,,,a_10,
s_10.1073_FS_pnas.0802878105_InVitro.CB_1608,Aluminum Oxide,,,,,literature_mined,10.1073/pnas.0802878105,,,,a_10,
s_10.1073_FS_pnas.0802878105_InVitro.CB_1609,Aluminum Oxide,,,,,literature_mined,10.1073/pnas.0802878105,,,,a_10,
s_10.1073_FS_pnas.0802878105_InVitro.CB_1610,Aluminum Oxide,,,,,literature_mined,10.1073/pnas.0802878105,,,,a_10,
s_10.1073_FS_pnas.0802878105_InVitro.CB_1611,Aluminum Oxide,,,,,literature_mined,10.1073/pnas.0802878105,,,,a_10,
s_10.1073_FS_pnas.0802878105_InVitro.CB_1612,Aluminum Oxide,,,,,literature_mined,10.1073/pnas.0802878105,,,,a_10,
s_10.1073_FS_pnas.0802878105_InVitro.CB_1613,Aluminum Oxide,,,,,literature_mined,10.1073/pnas.0802878105,,,,a_10,
s_10.1073_FS_pnas.0802878105_InVitro.CB_1614,Aluminum Oxide,,,,,literature_mined,10.1073/pnas.0802878105,,,,a_10,
s_10.1073_FS_pnas.0802878105_InVitro.CB_1615,Aluminum Oxide,,,,,literature_mined,10.1073/pnas.0802878105,,,,a_10,
s_10.1073_FS_pnas.0802878105_InVitro.CB_1616,Aluminum Oxide,,,,,literature_mined,10.1073/pnas.0802878105,,,,a_10,
s_10.1073_FS_pnas.0802878105_InVitro.CB_1617,Aluminum Oxide,,,,,literature_mined,10.1073/pnas.0802878105,,,,a_10,
s_10.1073_FS_pnas.0802878105_InVitro.CB_1618,Aluminum Oxide,,,,,literature_mined,10.1073/pnas.0802878105,,,,a_10,
s_10.1073_FS_pnas.0802878105_InVitro.CB_1619,Aluminum Oxide,,,,,literature_mined,10.1073/pnas.0802878105,,,,a_10,
s_10.1073_FS_pnas.0802878105_InVitro.CB_1620,Aluminum Oxide,,,,,literature_mined,10.1073/pnas.0802878105,,,,a_10,
s_10.1073_FS_pnas.0802878105_InVitro.CB_1621,Aluminum Oxide,,,,,literature_mined,10.1073/pnas.0802878105,,,,a_10,
s_10.1073_FS_pnas.0802878105_InVitro.CB_1622,Aluminum Oxide,,,,,literature_mined,10.1073/pnas.0802878105,,,,a_10,
s_10.1073_FS_pnas.0802878105_InVitro.CB_1623,Aluminum Oxide,,,,,literature_mined,10.1073/pnas.0802878105,,,,a_10,
s_10.1073_FS_pnas.0802878105_InVitro.CB_1624,Aluminum Oxide,,,,,literature_mined,10.1073/pnas.0802878105,,,,a_10,
s_10.1073_FS_pnas.0802878105_InVitro.CB_1625,Aluminum Oxide,,,,,literature_mined,10.1073/pnas.0802878105,,,,a_10,
s_10.1073_FS_pnas.0802878105_InVitro.CB_1626,Aluminum Oxide,,,,,literature_mined,10.1073/pnas.0802878105,,,,a_10,
s_10.1073_FS_pnas.0802878105_InVitro.CB_1627,Aluminum Oxide,,,,,literature_mined,10.1073/pnas.0802878105,,,,a_10,
s_10.1073_FS_pnas.0802878105_InVitro.CB_1628,Aluminum Oxide,,,,,literature_mined,10.1073/pnas.0802878105,,,,a_10,
s_10.1073_FS_pnas.0802878105_InVitro.CB_1629,Aluminum Oxide,,,,,literature_mined,10.1073/pnas.0802878105,,,,a_10,
s_10.1073_FS_pnas.0802878105_InVitro.CB_1630,Aluminum Oxide,,,,,literature_mined,10.1073/pnas.0802878105,,,,a_10,
s_10.1073_FS_pnas.0802878105_InVitro.CB_1631,Aluminum Oxide,,,,,literature_mined,10.1073/pnas.0802878105,,,,a_10,
s_10.1073_FS_pnas.0802878105_InVitro.CB_1632,Aluminum Oxide,,,,,literature_mined,10.1073/pnas.0802878105,,,,a_10,
s_10.1073_FS_pnas.0802878105_InVitro.CB_1633,Aluminum Oxide,,,,,literature_mined,10.1073/pnas.0802878105,,,,a_10,
s_10.1073_FS_pnas.0802878105_InVitro.CB_1634,Aluminum Oxide,,,,,literature_mined,10.1073/pnas.0802878105,,,,a_10,
s_10.1073_FS_pnas.0802878105_InVitro.CB_1635,Aluminum Oxide,,,,,literature_mined,10.1073/pnas.0802878105,,,,a_10,
s_10.1073_FS_pnas.0802878105_InVitro.CB_1636,Aluminum Oxide,,,,,literature_mined,10.1073/pnas.0802878105,,,,a_10,
s_10.1073_FS_pnas.0802878105_InVitro.CB_1637,Aluminum Oxide,,,,,literature_mined,10.1073/pnas.0802878105,,,,a_10,
s_10.1073_FS_pnas.0802878105_InVitro.CB_1638,Aluminum Oxide,,,,,literature_mined,10.1073/pnas.0802878105,,,,a_10,
s_10.1073_FS_pnas.0802878105_InVitro.CB_1639,Aluminum Oxide,,,,,literature_mined,10.1073/pnas.0802878105,,,,a_10,
s_10.1073_FS_pnas.0802878105_InVitro.CB_1640,Aluminum Oxide,,,,,literature_mined,10.1073/pnas.0802878105,,,,a_10,
s_10.1073_FS_pnas.0802878105_InVitro.CB_1641,Aluminum Oxide,,,,,literature_mined,10.1073/pnas.0802878105,,,,a_10,
s_10.1073_FS_pnas.0802878105_InVitro.CB_1642,Aluminum Oxide,,,,,literature_mined,10.1073/pnas.0802878105,,,,a_10,
s_10.1073_FS_pnas.0802878105_InVitro.CB_1643,Aluminum Oxide,,,,,literature_mined,10.1073/pnas.0802878105,,,,a_10,
s_10.1073_FS_pnas.0802878105_InVitro.CB_1644,Aluminum Oxide,,,,,literature_mined,10.1073/pnas.0802878105,,,,a_10,
s_10.1073_FS_pnas.0802878105_InVitro.CB_1645,Aluminum Oxide,,,,,literature_mined,10.1073/pnas.0802878105,,,,a_10,
s_10.1073_FS_pnas.0802878105_InVitro.CB_1646,Aluminum Oxide,,,,,literature_mined,10.1073/pnas.0802878105,,,,a_10,
s_10.1073_FS_pnas.0802878105_InVitro.CB_1647,Aluminum Oxide,,,,,literature_mined,10.1073/pnas.0802878105,,,,a_10,
s_10.1073_FS_pnas.0802878105_InVitro.CB_1648,Aluminum Oxide,,,,,literature_mined,10.1073/pnas.0802878105,,,,a_10,
s_10.1073_FS_pnas.0802878105_InVitro.CB_1649,Aluminum Oxide,,,,,literature_mined,10.1073/pnas.0802878105,,,,a_10,
s_10.1073_FS_pnas.0802878105_InVitro.CB_1650,Aluminum Oxide,,,,,literature_mined,10.1073/pnas.0802878105,,,,a_10,
s_10.1073_FS_pnas.0802878105_InVitro.CB_1651,Aluminum Oxide,,,,,literature_mined,10.1073/pnas.0802878105,,,,a_10,
s_10.1073_FS_pnas.0802878105_InVitro.CB_1652,Aluminum Oxide,,,,,literature_mined,10.1073/pnas.0802878105,,,,a_10,
s_10.1073_FS_pnas.0802878105_InVitro.CB_1653,Aluminum Oxide,,,,,literature_mined,10.1073/pnas.0802878105,,,,a_10,
s_10.1073_FS_pnas.0802878105_InVitro.CB_1654,Aluminum Oxide,,,,,literature_mined,10.1073/pnas.0802878105,,,,a_10,
s_10.1073_FS_pnas.0802878105_InVitro.CB_1655,Aluminum Oxide,,,,,literature_mined,10.1073/pnas.0802878105,,,,a_10,
s_10.1073_FS_pnas.0802878105_InVitro.CB_1656,Aluminum Oxide,,,,,literature_mined,10.1073/pnas.0802878105,,,,a_10,
s_10.1073_FS_pnas.0802878105_InVitro.CB_1657,Aluminum Oxide,,,,,literature_mined,10.1073/pnas.0802878105,,,,a_10,
s_10.1073_FS_pnas.0802878105_InVitro.CB_1658,Aluminum Oxide,,,,,literature_mined,10.1073/pnas.0802878105,,,,a_10,
s_10.1073_FS_pnas.0802878105_InVitro.CB_1659,Aluminum Oxide,,,,,literature_mined,10.1073/pnas.0802878105,,,,a_10,
s_10.1073_FS_pnas.0802878105_InVitro.CB_1660,Aluminum Oxide,,,,,literature_mined,10.1073/pnas.0802878105,,,,a_10,
s_10.1073_FS_pnas.0802878105_InVitro.CB_1661,Aluminum Oxide,,,,,literature_mined,10.1073/pnas.0802878105,,,,a_10,
s_10.1073_FS_pnas.0802878105_InVitro.CB_1662,Aluminum Oxide,,,,,literature_mined,10.1073/pnas.0802878105,,,,a_10,
s_10.1073_FS_pnas.0802878105_InVitro.CB_1663,Aluminum Oxide,,,,,literature_mined,10.1073/pnas.0802878105,,,,a_10,
s_10.1073_FS_pnas.0802878105_InVitro.CB_1664,Aluminum Oxide,,,,,literature_mined,10.1073/pnas.0802878105,,,,a_10,
s_10.1073_FS_pnas.0802878105_InVitro.CB_1665,Aluminum Oxide,,,,,literature_mined,10.1073/pnas.0802878105,,,,a_10,
s_10.1073_FS_pnas.0802878105_InVitro.CB_1666,Aluminum Oxide,,,,,literature_mined,10.1073/pnas.0802878105,,,,a_10,
s_10.1073_FS_pnas.0802878105_InVitro.CB_1667,Aluminum Oxide,,,,,literature_mined,10.1073/pnas.0802878105,,,,a_10,
s_10.1073_FS_pnas.0802878105_InVitro.CB_1668,Aluminum Oxide,,,,,literature_mined,10.1073/pnas.0802878105,,,,a_10,
s_10.1073_FS_pnas.0802878105_InVitro.CB_1669,Aluminum Oxide,,,,,literature_mined,10.1073/pnas.0802878105,,,,a_10,
s_10.1073_FS_pnas.0802878105_InVitro.CB_1670,Aluminum Oxide,,,,,literature_mined,10.1073/pnas.0802878105,,,,a_10,
s_10.1073_FS_pnas.0802878105_InVitro.CB_1671,Aluminum Oxide,,,,,literature_mined,10.1073/pnas.0802878105,,,,a_10,
s_10.1073_FS_pnas.0802878105_InVitro.CB_1672,Aluminum Oxide,,,,,literature_mined,10.1073/pnas.0802878105,,,,a_10,
s_10.1073_FS_pnas.0802878105_InVitro.CB_1673,Aluminum Oxide,,,,,literature_mined,10.1073/pnas.0802878105,,,,a_10,
s_10.1073_FS_pnas.0802878105_InVitro.CB_1674,Aluminum Oxide,,,,,literature_mined,10.1073/pnas.0802878105,,,,a_10,
s_10.1073_FS_pnas.0802878105_InVitro.CB_1675,Aluminum Oxide,,,,,literature_mined,10.1073/pnas.0802878105,,,,a_10,
s_10.1073_FS_pnas.0802878105_InVitro.CB_1676,Aluminum Oxide,,,,,literature_mined,10.1073/pnas.0802878105,,,,a_10,
s_10.1073_FS_pnas.0802878105_InVitro.CB_1677,Aluminum Oxide,,,,,literature_mined,10.1073/pnas.0802878105,,,,a_10,
s_10.1073_FS_pnas.0802878105_InVitro.CB_1678,Aluminum Oxide,,,,,literature_mined,10.1073/pnas.0802878105,,,,a_10,
s_10.1073_FS_pnas.0802878105_InVitro.CB_1679,Aluminum Oxide,,,,,literature_mined,10.1073/pnas.0802878105,,,,a_10,
s_10.1073_FS_pnas.0802878105_InVitro.CB_1680,Aluminum Oxide,,,,,literature_mined,10.1073/pnas.0802878105,,,,a_10,
s_10.1073_FS_pnas.0802878105_InVitro.CB_1681,Aluminum Oxide,,,,,literature_mined,10.1073/pnas.0802878105,,,,a_10,
s_10.1073_FS_pnas.0802878105_InVitro.CB_1682,Aluminum Oxide,,,,,literature_mined,10.1073/pnas.0802878105,,,,a_10,
s_10.1073_FS_pnas.0802878105_InVitro.CB_1683,Aluminum Oxide,,,,,literature_mined,10.1073/pnas.0802878105,,,,a_10,
s_10.1073_FS_pnas.0802878105_InVitro.CB_1684,Aluminum Oxide,,,,,literature_mined,10.1073/pnas.0802878105,,,,a_10,
s_10.1073_FS_pnas.0802878105_InVitro.CB_1685,Aluminum Oxide,,,,,literature_mined,10.1073/pnas.0802878105,,,,a_10,
s_10.1073_FS_pnas.0802878105_InVitro.CB_1686,Aluminum Oxide,,,,,literature_mined,10.1073/pnas.0802878105,,,,a_10,
s_10.1073_FS_pnas.0802878105_InVitro.CB_1687,Aluminum Oxide,,,,,literature_mined,10.1073/pnas.0802878105,,,,a_10,
s_10.1073_FS_pnas.0802878105_InVitro.CB_1688,Aluminum Oxide,,,,,literature_mined,10.1073/pnas.0802878105,,,,a_10,
s_10.1073_FS_pnas.0802878105_InVitro.CB_1689,Aluminum Oxide,,,,,literature_mined,10.1073/pnas.0802878105,,,,a_10,
s_10.1073_FS_pnas.0802878105_InVitro.CB_1690,Aluminum Oxide,,,,,literature_mined,10.1073/pnas.0802878105,,,,a_10,
s_10.1073_FS_pnas.0802878105_InVitro.CB_1691,Aluminum Oxide,,,,,literature_mined,10.1073/pnas.0802878105,,,,a_10,
s_10.1073_FS_pnas.0802878105_InVitro.CB_1692,Aluminum Oxide,,,,,literature_mined,10.1073/pnas.0802878105,,,,a_10,
s_10.1073_FS_pnas.0802878105_InVitro.CB_1693,Aluminum Oxide,,,,,literature_mined,10.1073/pnas.0802878105,,,,a_10,
s_10.1073_FS_pnas.0802878105_InVitro.CB_1694,Aluminum Oxide,,,,,literature_mined,10.1073/pnas.0802878105,,,,a_10,
s_10.1073_FS_pnas.0802878105_InVitro.CB_1695,Aluminum Oxide,,,,,literature_mined,10.1073/pnas.0802878105,,,,a_10,
s_10.1073_FS_pnas.0802878105_InVitro.CB_1696,Aluminum Oxide,,,,,literature_mined,10.1073/pnas.0802878105,,,,a_10,
s_10.1073_FS_pnas.0802878105_InVitro.CB_1697,Aluminum Oxide,,,,,literature_mined,10.1073/pnas.0802878105,,,,a_10,
s_10.1073_FS_pnas.0802878105_InVitro.CB_1698,Aluminum Oxide,,,,,literature_mined,10.1073/pnas.0802878105,,,,a_10,
s_10.1073_FS_pnas.0802878105_InVitro.CB_1699,Aluminum Oxide,,,,,literature_mined,10.1073/pnas.0802878105,,,,a_10,
s_10.1073_FS_pnas.0802878105_InVitro.CB_1700,Aluminum Oxide,,,,,literature_mined,10.1073/pnas.0802878105,,,,a_10,
s_10.1073_FS_pnas.0802878105_InVitro.CB_1701,Aluminum Oxide,,,,,literature_mined,10.1073/pnas.0802878105,,,,a_10,
s_10.1073_FS_pnas.0802878105_InVitro.CB_1702,Aluminum Oxide,,,,,literature_mined,10.1073/pnas.0802878105,,,,a_10,
s_10.1073_FS_pnas.0802878105_InVitro.CB_1703,Aluminum Oxide,,,,,literature_mined,10.1073/pnas.0802878105,,,,a_10,
s_10.1073_FS_pnas.0802878105_InVitro.CB_1704,Aluminum Oxide,,,,,literature_mined,10.1073/pnas.0802878105,,,,a_10,
s_10.1073_FS_pnas.0802878105_InVitro.CB_1705,Aluminum Oxide,,,,,literature_mined,10.1073/pnas.0802878105,,,,a_10,
s_10.1073_FS_pnas.0802878105_InVitro.CB_1706,Aluminum Oxide,,,,,literature_mined,10.1073/pnas.0802878105,,,,a_10,
s_10.1073_FS_pnas.0802878105_InVitro.CB_1707,Aluminum Oxide,,,,,literature_mined,10.1073/pnas.0802878105,,,,a_10,
s_10.1073_FS_pnas.0802878105_InVitro.CB_1708,Aluminum Oxide,,,,,literature_mined,10.1073/pnas.0802878105,,,,a_10,
s_10.1073_FS_pnas.0802878105_InVitro.CB_1709,Aluminum Oxide,,,,,literature_mined,10.1073/pnas.0802878105,,,,a_10,
s_10.1073_FS_pnas.0802878105_InVitro.CB_1710,Aluminum Oxide,,,,,literature_mined,10.1073/pnas.0802878105,,,,a_10,
s_10.1073_FS_pnas.0802878105_InVitro.CB_1711,Aluminum Oxide,,,,,literature_mined,10.1073/pnas.0802878105,,,,a_10,
s_10.1073_FS_pnas.0802878105_InVitro.CB_1712,Aluminum Oxide,,,,,literature_mined,10.1073/pnas.0802878105,,,,a_10,
s_10.1073_FS_pnas.0802878105_InVitro.CB_1713,Aluminum Oxide,,,,,literature_mined,10.1073/pnas.0802878105,,,,a_10,
s_10.1073_FS_pnas.0802878105_InVitro.CB_1714,Aluminum Oxide,,,,,literature_mined,10.1073/pnas.0802878105,,,,a_10,
s_10.1073_FS_pnas.0802878105_InVitro.CB_1715,Aluminum Oxide,,,,,literature_mined,10.1073/pnas.0802878105,,,,a_10,
s_10.1073_FS_pnas.0802878105_InVitro.CB_1716,Aluminum Oxide,,,,,literature_mined,10.1073/pnas.0802878105,,,,a_10,
s_10.1073_FS_pnas.0802878105_InVitro.CB_1717,Aluminum Oxide,,,,,literature_mined,10.1073/pnas.0802878105,,,,a_10,
s_10.1073_FS_pnas.0802878105_InVitro.CB_1718,Aluminum Oxide,,,,,literature_mined,10.1073/pnas.0802878105,,,,a_10,
s_10.1073_FS_pnas.0802878105_InVitro.CB_1719,Aluminum Oxide,,,,,literature_mined,10.1073/pnas.0802878105,,,,a_10,
s_10.1073_FS_pnas.0802878105_InVitro.CB_1720,Aluminum Oxide,,,,,literature_mined,10.1073/pnas.0802878105,,,,a_10,
s_10.1073_FS_pnas.0802878105_InVitro.CB_1721,Aluminum Oxide,,,,,literature_mined,10.1073/pnas.0802878105,,,,a_10,
s_10.1073_FS_pnas.0802878105_InVitro.CB_1722,Aluminum Oxide,,,,,literature_mined,10.1073/pnas.0802878105,,,,a_10,
s_10.1073_FS_pnas.0802878105_InVitro.CB_1723,Aluminum Oxide,,,,,literature_mined,10.1073/pnas.0802878105,,,,a_10,
s_10.1073_FS_pnas.0802878105_InVitro.CB_1724,Aluminum Oxide,,,,,literature_mined,10.1073/pnas.0802878105,,,,a_10,
s_10.1073_FS_pnas.0802878105_InVitro.CB_1725,Aluminum Oxide,,,,,literature_mined,10.1073/pnas.0802878105,,,,a_10,
s_10.1073_FS_pnas.0802878105_InVitro.CB_1726,Aluminum Oxide,,,,,literature_mined,10.1073/pnas.0802878105,,,,a_10,
s_10.1073_FS_pnas.0802878105_InVitro.CB_1727,Aluminum Oxide,,,,,literature_mined,10.1073/pnas.0802878105,,,,a_10,
s_10.1073_FS_pnas.0802878105_InVitro.CB_1728,Aluminum Oxide,,,,,literature_mined,10.1073/pnas.0802878105,,,,a_10,
s_10.1073_FS_pnas.0802878105_InVitro.CB_1729,Aluminum Oxide,,,,,literature_mined,10.1073/pnas.0802878105,,,,a_10,
s_10.1073_FS_pnas.0802878105_InVitro.CB_1730,Aluminum Oxide,,,,,literature_mined,10.1073/pnas.0802878105,,,,a_10,
s_10.1073_FS_pnas.0802878105_InVitro.CB_1731,Aluminum Oxide,,,,,literature_mined,10.1073/pnas.0802878105,,,,a_10,
s_10.1073_FS_pnas.0802878105_InVitro.CB_1732,Aluminum Oxide,,,,,literature_mined,10.1073/pnas.0802878105,,,,a_10,
s_10.1073_FS_pnas.0802878105_InVitro.CB_1733,Aluminum Oxide,,,,,literature_mined,10.1073/pnas.0802878105,,,,a_10,
s_10.1073_FS_pnas.0802878105_InVitro.CB_1734,Aluminum Oxide,,,,,literature_mined,10.1073/pnas.0802878105,,,,a_10,
s_10.1073_FS_pnas.0802878105_InVitro.CB_1735,Aluminum Oxide,,,,,literature_mined,10.1073/pnas.0802878105,,,,a_10,
s_10.1073_FS_pnas.0802878105_InVitro.CB_1736,Aluminum Oxide,,,,,literature_mined,10.1073/pnas.0802878105,,,,a_10,
s_10.1073_FS_pnas.0802878105_InVitro.CB_1737,Aluminum Oxide,,,,,literature_mined,10.1073/pnas.0802878105,,,,a_10,
s_10.1073_FS_pnas.0802878105_InVitro.CB_1738,Aluminum Oxide,,,,,literature_mined,10.1073/pnas.0802878105,,,,a_10,
s_10.1073_FS_pnas.0802878105_InVitro.CB_1739,Aluminum Oxide,,,,,literature_mined,10.1073/pnas.0802878105,,,,a_10,
s_10.1073_FS_pnas.0802878105_InVitro.CB_1740,Aluminum Oxide,,,,,literature_mined,10.1073/pnas.0802878105,,,,a_10,
s_10.1073_FS_pnas.0802878105_InVitro.CB_1741,Aluminum Oxide,,,,,literature_mined,10.1073/pnas.0802878105,,,,a_10,
s_10.1073_FS_pnas.0802878105_InVitro.CB_1742,Aluminum Oxide,,,,,literature_mined,10.1073/pnas.0802878105,,,,a_10,
s_10.1073_FS_pnas.0802878105_InVitro.CB_1743,Aluminum Oxide,,,,,literature_mined,10.1073/pnas.0802878105,,,,a_10,
s_10.1073_FS_pnas.0802878105_InVitro.CB_1744,Aluminum Oxide,,,,,literature_mined,10.1073/pnas.0802878105,,,,a_10,
s_10.1073_FS_pnas.0802878105_InVitro.CB_1745,Aluminum Oxide,,,,,literature_mined,10.1073/pnas.0802878105,,,,a_10,
s_10.1073_FS_pnas.0802878105_InVitro.CB_1746,Aluminum Oxide,,,,,literature_mined,10.1073/pnas.0802878105,,,,a_10,
s_10.1073_FS_pnas.0802878105_InVitro.CB_1747,Aluminum Oxide,,,,,literature_mined,10.1073/pnas.0802878105,,,,a_10,
s_10.1073_FS_pnas.0802878105_InVitro.CB_1748,Aluminum Oxide,,,,,literature_mined,10.1073/pnas.0802878105,,,,a_10,
s_10.1073_FS_pnas.0802878105_InVitro.CB_1749,Aluminum Oxide,,,,,literature_mined,10.1073/pnas.0802878105,,,,a_10,
s_10.1073_FS_pnas.0802878105_InVitro.CB_1750,Aluminum Oxide,,,,,literature_mined,10.1073/pnas.0802878105,,,,a_10,
s_10.1073_FS_pnas.0802878105_InVitro.CB_1751,Aluminum Oxide,,,,,literature_mined,10.1073/pnas.0802878105,,,,a_10,
s_10.1073_FS_pnas.0802878105_InVitro.CB_1752,Aluminum Oxide,,,,,literature_mined,10.1073/pnas.0802878105,,,,a_10,
s_10.1073_FS_pnas.0802878105_InVitro.CB_1753,Aluminum Oxide,,,,,literature_mined,10.1073/pnas.0802878105,,,,a_10,
s_10.1073_FS_pnas.0802878105_InVitro.CB_1754,Aluminum Oxide,,,,,literature_mined,10.1073/pnas.0802878105,,,,a_10,
s_10.1073_FS_pnas.0802878105_InVitro.CB_1755,Aluminum Oxide,,,,,literature_mined,10.1073/pnas.0802878105,,,,a_10,
s_10.1073_FS_pnas.0802878105_InVitro.CB_1756,Aluminum Oxide,,,,,literature_mined,10.1073/pnas.0802878105,,,,a_10,
s_10.1073_FS_pnas.0802878105_InVitro.CB_1757,Aluminum Oxide,,,,,literature_mined,10.1073/pnas.0802878105,,,,a_10,
s_10.1073_FS_pnas.0802878105_InVitro.CB_1758,Aluminum Oxide,,,,,literature_mined,10.1073/pnas.0802878105,,,,a_10,
s_10.1073_FS_pnas.0802878105_InVitro.CB_1759,Aluminum Oxide,,,,,literature_mined,10.1073/pnas.0802878105,,,,a_10,
s_10.1073_FS_pnas.0802878105_InVitro.CB_1760,Aluminum Oxide,,,,,literature_mined,10.1073/pnas.0802878105,,,,a_10,
s_10.1073_FS_pnas.0802878105_InVitro.CB_1761,Aluminum Oxide,,,,,literature_mined,10.1073/pnas.0802878105,,,,a_10,
s_10.1073_FS_pnas.0802878105_InVitro.CB_1762,Aluminum Oxide,,,,,literature_mined,10.1073/pnas.0802878105,,,,a_10,
s_10.1073_FS_pnas.0802878105_InVitro.CB_1763,Aluminum Oxide,,,,,literature_mined,10.1073/pnas.0802878105,,,,a_10,
s_10.1073_FS_pnas.0802878105_InVitro.CB_1764,Aluminum Oxide,,,,,literature_mined,10.1073/pnas.0802878105,,,,a_10,
s_10.1073_FS_pnas.0802878105_InVitro.CB_1765,Aluminum Oxide,,,,,literature_mined,10.1073/pnas.0802878105,,,,a_10,
s_10.1073_FS_pnas.0802878105_InVitro.CB_1766,Aluminum Oxide,,,,,literature_mined,10.1073/pnas.0802878105,,,,a_10,
s_10.1073_FS_pnas.0802878105_InVitro.CB_1767,Aluminum Oxide,,,,,literature_mined,10.1073/pnas.0802878105,,,,a_10,
s_10.1073_FS_pnas.0802878105_InVitro.CB_1768,Aluminum Oxide,,,,,literature_mined,10.1073/pnas.0802878105,,,,a_10,
s_10.1073_FS_pnas.0802878105_InVitro.CB_1769,Aluminum Oxide,,,,,literature_mined,10.1073/pnas.0802878105,,,,a_10,
s_10.1073_FS_pnas.0802878105_InVitro.CB_1770,Aluminum Oxide,,,,,literature_mined,10.1073/pnas.0802878105,,,,a_10,
s_10.1073_FS_pnas.0802878105_InVitro.CB_1771,Aluminum Oxide,,,,,literature_mined,10.1073/pnas.0802878105,,,,a_10,
s_10.1073_FS_pnas.0802878105_InVitro.CB_1772,Aluminum Oxide,,,,,literature_mined,10.1073/pnas.0802878105,,,,a_10,
s_10.1073_FS_pnas.0802878105_InVitro.CB_1773,Aluminum Oxide,,,,,literature_mined,10.1073/pnas.0802878105,,,,a_10,
s_10.1073_FS_pnas.0802878105_InVitro.CB_1774,Aluminum Oxide,,,,,literature_mined,10.1073/pnas.0802878105,,,,a_10,
s_10.1073_FS_pnas.0802878105_InVitro.CB_1775,Aluminum Oxide,,,,,literature_mined,10.1073/pnas.0802878105,,,,a_10,
s_10.1073_FS_pnas.0802878105_InVitro.CB_1776,Aluminum Oxide,,,,,literature_mined,10.1073/pnas.0802878105,,,,a_10,
s_10.1073_FS_pnas.0802878105_InVitro.CB_1777,Aluminum Oxide,,,,,literature_mined,10.1073/pnas.0802878105,,,,a_10,
s_10.1073_FS_pnas.0802878105_InVitro.CB_1778,Aluminum Oxide,,,,,literature_mined,10.1073/pnas.0802878105,,,,a_10,
s_10.1073_FS_pnas.0802878105_InVitro.CB_1779,Aluminum Oxide,,,,,literature_mined,10.1073/pnas.0802878105,,,,a_10,
s_10.1073_FS_pnas.0802878105_InVitro.CB_1780,Aluminum Oxide,,,,,literature_mined,10.1073/pnas.0802878105,,,,a_10,
s_10.1073_FS_pnas.0802878105_InVitro.CB_1781,Aluminum Oxide,,,,,literature_mined,10.1073/pnas.0802878105,,,,a_10,
s_10.1073_FS_pnas.0802878105_InVitro.CB_1782,Aluminum Oxide,,,,,literature_mined,10.1073/pnas.0802878105,,,,a_10,
s_10.1073_FS_pnas.0802878105_InVitro.CB_1783,Aluminum Oxide,,,,,literature_mined,10.1073/pnas.0802878105,,,,a_10,
s_10.1073_FS_pnas.0802878105_InVitro.CB_1784,Aluminum Oxide,,,,,literature_mined,10.1073/pnas.0802878105,,,,a_10,
s_10.1073_FS_pnas.0802878105_InVitro.CB_1785,Aluminum Oxide,,,,,literature_mined,10.1073/pnas.0802878105,,,,a_10,
s_10.1073_FS_pnas.0802878105_InVitro.CB_1786,Aluminum Oxide,,,,,literature_mined,10.1073/pnas.0802878105,,,,a_10,
s_10.1073_FS_pnas.0802878105_InVitro.CB_1787,Aluminum Oxide,,,,,literature_mined,10.1073/pnas.0802878105,,,,a_10,
s_10.1073_FS_pnas.0802878105_InVitro.CB_1788,Aluminum Oxide,,,,,literature_mined,10.1073/pnas.0802878105,,,,a_10,
s_10.1073_FS_pnas.0802878105_InVitro.CB_1789,Aluminum Oxide,,,,,literature_mined,10.1073/pnas.0802878105,,,,a_10,
s_10.1073_FS_pnas.0802878105_InVitro.CB_1790,Aluminum Oxide,,,,,literature_mined,10.1073/pnas.0802878105,,,,a_10,
s_10.1073_FS_pnas.0802878105_InVitro.CB_1791,Aluminum Oxide,,,,,literature_mined,10.1073/pnas.0802878105,,,,a_10,
s_10.1073_FS_pnas.0802878105_InVitro.CB_1792,Aluminum Oxide,,,,,literature_mined,10.1073/pnas.0802878105,,,,a_10,
s_10.1073_FS_pnas.0802878105_InVitro.CB_1793,Aluminum Oxide,,,,,literature_mined,10.1073/pnas.0802878105,,,,a_10,
s_10.1073_FS_pnas.0802878105_InVitro.CB_1794,Aluminum Oxide,,,,,literature_mined,10.1073/pnas.0802878105,,,,a_10,
s_10.1073_FS_pnas.0802878105_InVitro.CB_1795,Aluminum Oxide,,,,,literature_mined,10.1073/pnas.0802878105,,,,a_10,
s_10.1073_FS_pnas.0802878105_InVitro.CB_1796,Aluminum Oxide,,,,,literature_mined,10.1073/pnas.0802878105,,,,a_10,
s_10.1073_FS_pnas.0802878105_InVitro.CB_1797,Aluminum Oxide,,,,,literature_mined,10.1073/pnas.0802878105,,,,a_10,
s_10.1073_FS_pnas.0802878105_InVitro.CB_1798,Aluminum Oxide,,,,,literature_mined,10.1073/pnas.0802878105,,,,a_10,
s_10.1073_FS_pnas.0802878105_InVitro.CB_1799,Aluminum Oxide,,,,,literature_mined,10.1073/pnas.0802878105,,,,a_10,
s_10.1073_FS_pnas.0802878105_InVitro.CB_1800,Aluminum Oxide,,,,,literature_mined,10.1073/pnas.0802878105,,,,a_10,
s_10.1073_FS_pnas.0802878105_InVitro.CB_1801,Aluminum Oxide,,,,,literature_mined,10.1073/pnas.0802878105,,,,a_10,
s_10.1073_FS_pnas.0802878105_InVitro.CB_1802,Aluminum Oxide,,,,,literature_mined,10.1073/pnas.0802878105,,,,a_10,
s_10.1073_FS_pnas.0802878105_InVitro.CB_1803,Aluminum Oxide,,,,,literature_mined,10.1073/pnas.0802878105,,,,a_10,
s_10.1073_FS_pnas.0802878105_InVitro.CB_1804,Aluminum Oxide,,,,,literature_mined,10.1073/pnas.0802878105,,,,a_10,
s_10.1073_FS_pnas.0802878105_InVitro.CB_1805,Aluminum Oxide,,,,,literature_mined,10.1073/pnas.0802878105,,,,a_10,
s_10.1073_FS_pnas.0802878105_InVitro.CB_1806,Aluminum Oxide,,,,,literature_mined,10.1073/pnas.0802878105,,,,a_10,
s_10.1073_FS_pnas.0802878105_InVitro.CB_1807,Aluminum Oxide,,,,,literature_mined,10.1073/pnas.0802878105,,,,a_10,
s_10.1073_FS_pnas.0802878105_InVitro.CB_1808,Aluminum Oxide,,,,,literature_mined,10.1073/pnas.0802878105,,,,a_10,
s_10.1073_FS_pnas.0802878105_InVitro.CB_1809,Aluminum Oxide,,,,,literature_mined,10.1073/pnas.0802878105,,,,a_10,
s_10.1073_FS_pnas.0802878105_InVitro.CB_1810,Aluminum Oxide,,,,,literature_mined,10.1073/pnas.0802878105,,,,a_10,
s_10.1073_FS_pnas.0802878105_InVitro.CB_1811,Aluminum Oxide,,,,,literature_mined,10.1073/pnas.0802878105,,,,a_10,
s_10.1073_FS_pnas.0802878105_InVitro.CB_1812,Aluminum Oxide,,,,,literature_mined,10.1073/pnas.0802878105,,,,a_10,
s_10.1073_FS_pnas.0802878105_InVitro.CB_1813,Aluminum Oxide,,,,,literature_mined,10.1073/pnas.0802878105,,,,a_10,
s_10.1073_FS_pnas.0802878105_InVitro.CB_1814,Aluminum Oxide,,,,,literature_mined,10.1073/pnas.0802878105,,,,a_10,
s_10.1073_FS_pnas.0802878105_InVitro.CB_1815,Aluminum Oxide,,,,,literature_mined,10.1073/pnas.0802878105,,,,a_10,
s_10.1073_FS_pnas.0802878105_InVitro.CB_1816,Aluminum Oxide,,,,,literature_mined,10.1073/pnas.0802878105,,,,a_10,
s_10.1073_FS_pnas.0802878105_InVitro.CB_1817,Aluminum Oxide,,,,,literature_mined,10.1073/pnas.0802878105,,,,a_10,
s_10.1073_FS_pnas.0802878105_InVitro.CB_1818,Aluminum Oxide,,,,,literature_mined,10.1073/pnas.0802878105,,,,a_10,
s_10.1073_FS_pnas.0802878105_InVitro.CB_1819,Aluminum Oxide,,,,,literature_mined,10.1073/pnas.0802878105,,,,a_10,
s_10.1073_FS_pnas.0802878105_InVitro.CB_1820,Aluminum Oxide,,,,,literature_mined,10.1073/pnas.0802878105,,,,a_10,
s_10.1073_FS_pnas.0802878105_InVitro.CB_1821,Aluminum Oxide,,,,,literature_mined,10.1073/pnas.0802878105,,,,a_10,
s_10.1073_FS_pnas.0802878105_InVitro.CB_1822,Aluminum Oxide,,,,,literature_mined,10.1073/pnas.0802878105,,,,a_10,
s_10.1073_FS_pnas.0802878105_InVitro.CB_1823,Aluminum Oxide,,,,,literature_mined,10.1073/pnas.0802878105,,,,a_10,
s_10.1073_FS_pnas.0802878105_InVitro.CB_1824,Aluminum Oxide,,,,,literature_mined,10.1073/pnas.0802878105,,,,a_10,
s_10.1073_FS_pnas.0802878105_InVitro.CB_1825,Aluminum Oxide,,,,,literature_mined,10.1073/pnas.0802878105,,,,a_10,
s_10.1073_FS_pnas.0802878105_InVitro.CB_1826,Aluminum Oxide,,,,,literature_mined,10.1073/pnas.0802878105,,,,a_10,
s_10.1073_FS_pnas.0802878105_InVitro.CB_1827,Aluminum Oxide,,,,,literature_mined,10.1073/pnas.0802878105,,,,a_10,
s_10.1073_FS_pnas.0802878105_InVitro.CB_1828,Aluminum Oxide,,,,,literature_mined,10.1073/pnas.0802878105,,,,a_10,
s_10.1073_FS_pnas.0802878105_InVitro.CB_1829,Aluminum Oxide,,,,,literature_mined,10.1073/pnas.0802878105,,,,a_10,
s_10.1073_FS_pnas.0802878105_InVitro.CB_1830,Aluminum Oxide,,,,,literature_mined,10.1073/pnas.0802878105,,,,a_10,
s_10.1073_FS_pnas.0802878105_InVitro.CB_1831,Aluminum Oxide,,,,,literature_mined,10.1073/pnas.0802878105,,,,a_10,
s_10.1073_FS_pnas.0802878105_InVitro.CB_1832,Aluminum Oxide,,,,,literature_mined,10.1073/pnas.0802878105,,,,a_10,
s_10.1073_FS_pnas.0802878105_InVitro.CB_1833,Aluminum Oxide,,,,,literature_mined,10.1073/pnas.0802878105,,,,a_10,
s_10.1073_FS_pnas.0802878105_InVitro.CB_1834,Aluminum Oxide,,,,,literature_mined,10.1073/pnas.0802878105,,,,a_10,
s_10.1073_FS_pnas.0802878105_InVitro.CB_1835,Aluminum Oxide,,,,,literature_mined,10.1073/pnas.0802878105,,,,a_10,
s_10.1073_FS_pnas.0802878105_InVitro.CB_1836,Aluminum Oxide,,,,,literature_mined,10.1073/pnas.0802878105,,,,a_10,
s_10.1073_FS_pnas.0802878105_InVitro.CB_1837,Aluminum Oxide,,,,,literature_mined,10.1073/pnas.0802878105,,,,a_10,
s_10.1073_FS_pnas.0802878105_InVitro.CB_1838,Aluminum Oxide,,,,,literature_mined,10.1073/pnas.0802878105,,,,a_10,
s_10.1073_FS_pnas.0802878105_InVitro.CB_1839,Aluminum Oxide,,,,,literature_mined,10.1073/pnas.0802878105,,,,a_10,
s_10.1073_FS_pnas.0802878105_InVitro.CB_1840,Aluminum Oxide,,,,,literature_mined,10.1073/pnas.0802878105,,,,a_10,
s_10.1073_FS_pnas.0802878105_InVitro.CB_1841,Aluminum Oxide,,,,,literature_mined,10.1073/pnas.0802878105,,,,a_10,
s_10.1073_FS_pnas.0802878105_InVitro.CB_1842,Aluminum Oxide,,,,,literature_mined,10.1073/pnas.0802878105,,,,a_10,
s_10.1073_FS_pnas.0802878105_InVitro.CB_1843,Aluminum Oxide,,,,,literature_mined,10.1073/pnas.0802878105,,,,a_10,
s_10.1073_FS_pnas.0802878105_InVitro.CB_1844,Aluminum Oxide,,,,,literature_mined,10.1073/pnas.0802878105,,,,a_10,
s_10.1073_FS_pnas.0802878105_InVitro.CB_1845,Aluminum Oxide,,,,,literature_mined,10.1073/pnas.0802878105,,,,a_10,
s_10.1073_FS_pnas.0802878105_InVitro.CB_1846,Aluminum Oxide,,,,,literature_mined,10.1073/pnas.0802878105,,,,a_10,
s_10.1073_FS_pnas.0802878105_InVitro.CB_1847,Aluminum Oxide,,,,,literature_mined,10.1073/pnas.0802878105,,,,a_10,
s_10.1073_FS_pnas.0802878105_InVitro.CB_1848,Aluminum Oxide,,,,,literature_mined,10.1073/pnas.0802878105,,,,a_10,
s_10.1073_FS_pnas.0802878105_InVitro.CB_1849,Aluminum Oxide,,,,,literature_mined,10.1073/pnas.0802878105,,,,a_10,
s_10.1073_FS_pnas.0802878105_InVitro.CB_1850,Aluminum Oxide,,,,,literature_mined,10.1073/pnas.0802878105,,,,a_10,
s_10.1073_FS_pnas.0802878105_InVitro.CB_1851,Aluminum Oxide,,,,,literature_mined,10.1073/pnas.0802878105,,,,a_10,
s_10.1073_FS_pnas.0802878105_InVitro.CB_1852,Aluminum Oxide,,,,,literature_mined,10.1073/pnas.0802878105,,,,a_10,
s_10.1073_FS_pnas.0802878105_InVitro.CB_1853,Aluminum Oxide,,,,,literature_mined,10.1073/pnas.0802878105,,,,a_10,
s_10.1073_FS_pnas.0802878105_InVitro.CB_1854,Aluminum Oxide,,,,,literature_mined,10.1073/pnas.0802878105,,,,a_10,
s_10.1073_FS_pnas.0802878105_InVitro.CB_1855,Aluminum Oxide,,,,,literature_mined,10.1073/pnas.0802878105,,,,a_10,
s_10.1073_FS_pnas.0802878105_InVitro.CB_1856,Aluminum Oxide,,,,,literature_mined,10.1073/pnas.0802878105,,,,a_10,
s_10.1073_FS_pnas.0802878105_InVitro.CB_1857,Aluminum Oxide,,,,,literature_mined,10.1073/pnas.0802878105,,,,a_10,
s_10.1073_FS_pnas.0802878105_InVitro.CB_1858,Aluminum Oxide,,,,,literature_mined,10.1073/pnas.0802878105,,,,a_10,
s_10.1073_FS_pnas.0802878105_InVitro.CB_1859,Aluminum Oxide,,,,,literature_mined,10.1073/pnas.0802878105,,,,a_10,
s_10.1073_FS_pnas.0802878105_InVitro.CB_1860,Aluminum Oxide,,,,,literature_mined,10.1073/pnas.0802878105,,,,a_10,
s_10.1073_FS_pnas.0802878105_InVitro.CB_1861,Aluminum Oxide,,,,,literature_mined,10.1073/pnas.0802878105,,,,a_10,
s_10.1073_FS_pnas.0802878105_InVitro.CB_1862,Aluminum Oxide,,,,,literature_mined,10.1073/pnas.0802878105,,,,a_10,
s_10.1073_FS_pnas.0802878105_InVitro.CB_1863,Aluminum Oxide,,,,,literature_mined,10.1073/pnas.0802878105,,,,a_10,
s_10.1073_FS_pnas.0802878105_InVitro.CB_1864,Aluminum Oxide,,,,,literature_mined,10.1073/pnas.0802878105,,,,a_10,
s_10.1073_FS_pnas.0802878105_InVitro.CB_1865,Aluminum Oxide,,,,,literature_mined,10.1073/pnas.0802878105,,,,a_10,
s_10.1073_FS_pnas.0802878105_InVitro.CB_1866,Aluminum Oxide,,,,,literature_mined,10.1073/pnas.0802878105,,,,a_10,
s_10.1073_FS_pnas.0802878105_InVitro.CB_1867,Aluminum Oxide,,,,,literature_mined,10.1073/pnas.0802878105,,,,a_10,
s_10.1073_FS_pnas.0802878105_InVitro.CB_1868,Aluminum Oxide,,,,,literature_mined,10.1073/pnas.0802878105,,,,a_10,
s_10.1073_FS_pnas.0802878105_InVitro.CB_1869,Aluminum Oxide,,,,,literature_mined,10.1073/pnas.0802878105,,,,a_10,
s_10.1073_FS_pnas.0802878105_InVitro.CB_1870,Aluminum Oxide,,,,,literature_mined,10.1073/pnas.0802878105,,,,a_10,
s_10.1073_FS_pnas.0802878105_InVitro.CB_1871,Aluminum Oxide,,,,,literature_mined,10.1073/pnas.0802878105,,,,a_10,
s_10.1073_FS_pnas.0802878105_InVitro.CB_1872,Aluminum Oxide,,,,,literature_mined,10.1073/pnas.0802878105,,,,a_10,
s_10.1073_FS_pnas.0802878105_InVitro.CB_1873,Aluminum Oxide,,,,,literature_mined,10.1073/pnas.0802878105,,,,a_10,
s_10.1073_FS_pnas.0802878105_InVitro.CB_1874,Aluminum Oxide,,,,,literature_mined,10.1073/pnas.0802878105,,,,a_10,
s_10.1073_FS_pnas.0802878105_InVitro.CB_1875,Aluminum Oxide,,,,,literature_mined,10.1073/pnas.0802878105,,,,a_10,
s_10.1073_FS_pnas.0802878105_InVitro.CB_1876,Aluminum Oxide,,,,,literature_mined,10.1073/pnas.0802878105,,,,a_10,
s_10.1073_FS_pnas.0802878105_InVitro.CB_1877,Aluminum Oxide,,,,,literature_mined,10.1073/pnas.0802878105,,,,a_10,
s_10.1073_FS_pnas.0802878105_InVitro.CB_1878,Aluminum Oxide,,,,,literature_mined,10.1073/pnas.0802878105,,,,a_10,
s_10.1073_FS_pnas.0802878105_InVitro.CB_1879,Aluminum Oxide,,,,,literature_mined,10.1073/pnas.0802878105,,,,a_10,
s_10.1073_FS_pnas.0802878105_InVitro.CB_1880,Aluminum Oxide,,,,,literature_mined,10.1073/pnas.0802878105,,,,a_10,
s_10.1073_FS_pnas.0802878105_InVitro.CB_1881,Aluminum Oxide,,,,,literature_mined,10.1073/pnas.0802878105,,,,a_10,
s_10.1073_FS_pnas.0802878105_InVitro.CB_1882,Aluminum Oxide,,,,,literature_mined,10.1073/pnas.0802878105,,,,a_10,
s_10.1073_FS_pnas.0802878105_InVitro.CB_1883,Aluminum Oxide,,,,,literature_mined,10.1073/pnas.0802878105,,,,a_10,
s_10.1073_FS_pnas.0802878105_InVitro.CB_1884,Aluminum Oxide,,,,,literature_mined,10.1073/pnas.0802878105,,,,a_10,
s_10.1073_FS_pnas.0802878105_InVitro.CB_1885,Aluminum Oxide,,,,,literature_mined,10.1073/pnas.0802878105,,,,a_10,
s_10.1073_FS_pnas.0802878105_InVitro.CB_1886,Aluminum Oxide,,,,,literature_mined,10.1073/pnas.0802878105,,,,a_10,
s_10.1073_FS_pnas.0802878105_InVitro.CB_1887,Aluminum Oxide,,,,,literature_mined,10.1073/pnas.0802878105,,,,a_10,
s_10.1073_FS_pnas.0802878105_InVitro.CB_1888,Aluminum Oxide,,,,,literature_mined,10.1073/pnas.0802878105,,,,a_10,
s_10.1073_FS_pnas.0802878105_InVitro.CB_1889,Aluminum Oxide,,,,,literature_mined,10.1073/pnas.0802878105,,,,a_10,
s_10.1073_FS_pnas.0802878105_InVitro.CB_1890,Aluminum Oxide,,,,,literature_mined,10.1073/pnas.0802878105,,,,a_10,
s_10.1073_FS_pnas.0802878105_InVitro.CB_1891,Aluminum Oxide,,,,,literature_mined,10.1073/pnas.0802878105,,,,a_10,
s_10.1073_FS_pnas.0802878105_InVitro.CB_1892,Aluminum Oxide,,,,,literature_mined,10.1073/pnas.0802878105,,,,a_10,
s_10.1073_FS_pnas.0802878105_InVitro.CB_1893,Aluminum Oxide,,,,,literature_mined,10.1073/pnas.0802878105,,,,a_10,
s_10.1073_FS_pnas.0802878105_InVitro.CB_1894,Aluminum Oxide,,,,,literature_mined,10.1073/pnas.0802878105,,,,a_10,
s_10.1073_FS_pnas.0802878105_InVitro.CB_1895,Aluminum Oxide,,,,,literature_mined,10.1073/pnas.0802878105,,,,a_10,
s_10.1073_FS_pnas.0802878105_InVitro.CB_1896,Aluminum Oxide,,,,,literature_mined,10.1073/pnas.0802878105,,,,a_10,
s_10.1073_FS_pnas.0802878105_InVitro.CB_1897,Aluminum Oxide,,,,,literature_mined,10.1073/pnas.0802878105,,,,a_10,
s_10.1073_FS_pnas.0802878105_InVitro.CB_1898,Aluminum Oxide,,,,,literature_mined,10.1073/pnas.0802878105,,,,a_10,
s_10.1073_FS_pnas.0802878105_InVitro.CB_1899,Aluminum Oxide,,,,,literature_mined,10.1073/pnas.0802878105,,,,a_10,
s_10.1073_FS_pnas.0802878105_InVitro.CB_1900,Aluminum Oxide,,,,,literature_mined,10.1073/pnas.0802878105,,,,a_10,
s_10.1073_FS_pnas.0802878105_InVitro.CB_1901,Aluminum Oxide,,,,,literature_mined,10.1073/pnas.0802878105,,,,a_10,
s_10.1073_FS_pnas.0802878105_InVitro.CB_1902,Aluminum Oxide,,,,,literature_mined,10.1073/pnas.0802878105,,,,a_10,
s_10.1073_FS_pnas.0802878105_InVitro.CB_1903,Aluminum Oxide,,,,,literature_mined,10.1073/pnas.0802878105,,,,a_10,
s_10.1073_FS_pnas.0802878105_InVitro.CB_1904,Aluminum Oxide,,,,,literature_mined,10.1073/pnas.0802878105,,,,a_10,
s_10.1073_FS_pnas.0802878105_InVitro.CB_1905,Aluminum Oxide,,,,,literature_mined,10.1073/pnas.0802878105,,,,a_10,
s_10.1073_FS_pnas.0802878105_InVitro.CB_1906,Aluminum Oxide,,,,,literature_mined,10.1073/pnas.0802878105,,,,a_10,
s_10.1073_FS_pnas.0802878105_InVitro.CB_1907,Aluminum Oxide,,,,,literature_mined,10.1073/pnas.0802878105,,,,a_10,
s_10.1073_FS_pnas.0802878105_InVitro.CB_1908,Aluminum Oxide,,,,,literature_mined,10.1073/pnas.0802878105,,,,a_10,
s_10.1073_FS_pnas.0802878105_InVitro.CB_1909,Aluminum Oxide,,,,,literature_mined,10.1073/pnas.0802878105,,,,a_10,
s_10.1073_FS_pnas.0802878105_InVitro.CB_1910,Aluminum Oxide,,,,,literature_mined,10.1073/pnas.0802878105,,,,a_10,
s_10.1073_FS_pnas.0802878105_InVitro.CB_1911,Aluminum Oxide,,,,,literature_mined,10.1073/pnas.0802878105,,,,a_10,
s_10.1073_FS_pnas.0802878105_InVitro.CB_1912,Aluminum Oxide,,,,,literature_mined,10.1073/pnas.0802878105,,,,a_10,
s_10.1073_FS_pnas.0802878105_InVitro.CB_1913,Aluminum Oxide,,,,,literature_mined,10.1073/pnas.0802878105,,,,a_10,
s_10.1073_FS_pnas.0802878105_InVitro.CB_1914,Aluminum Oxide,,,,,literature_mined,10.1073/pnas.0802878105,,,,a_10,
s_10.1073_FS_pnas.0802878105_InVitro.CB_1915,Aluminum Oxide,,,,,literature_mined,10.1073/pnas.0802878105,,,,a_10,
s_10.1073_FS_pnas.0802878105_InVitro.CB_1916,Aluminum Oxide,,,,,literature_mined,10.1073/pnas.0802878105,,,,a_10,
s_10.1073_FS_pnas.0802878105_InVitro.CB_1917,Aluminum Oxide,,,,,literature_mined,10.1073/pnas.0802878105,,,,a_10,
s_10.1073_FS_pnas.0802878105_InVitro.CB_1918,Aluminum Oxide,,,,,literature_mined,10.1073/pnas.0802878105,,,,a_10,
s_10.1073_FS_pnas.0802878105_InVitro.CB_1919,Aluminum Oxide,,,,,literature_mined,10.1073/pnas.0802878105,,,,a_10,
s_10.1073_FS_pnas.0802878105_InVitro.CB_1920,Aluminum Oxide,,,,,literature_mined,10.1073/pnas.0802878105,,,,a_10,
s_10.1073_FS_pnas.0802878105_InVitro.CB_1921,Aluminum Oxide,,,,,literature_mined,10.1073/pnas.0802878105,,,,a_10,
s_10.1073_FS_pnas.0802878105_InVitro.CB_1922,Aluminum Oxide,,,,,literature_mined,10.1073/pnas.0802878105,,,,a_10,
s_10.1073_FS_pnas.0802878105_InVitro.CB_1923,Aluminum Oxide,,,,,literature_mined,10.1073/pnas.0802878105,,,,a_10,
s_10.1073_FS_pnas.0802878105_InVitro.CB_1924,Aluminum Oxide,,,,,literature_mined,10.1073/pnas.0802878105,,,,a_10,
s_10.1073_FS_pnas.0802878105_InVitro.CB_1925,Aluminum Oxide,,,,,literature_mined,10.1073/pnas.0802878105,,,,a_10,
s_10.1073_FS_pnas.0802878105_InVitro.CB_1926,Aluminum Oxide,,,,,literature_mined,10.1073/pnas.0802878105,,,,a_10,
s_10.1073_FS_pnas.0802878105_InVitro.CB_1927,Aluminum Oxide,,,,,literature_mined,10.1073/pnas.0802878105,,,,a_10,
s_10.1073_FS_pnas.0802878105_InVitro.CB_1928,Aluminum Oxide,,,,,literature_mined,10.1073/pnas.0802878105,,,,a_10,
s_10.1073_FS_pnas.0802878105_InVitro.CB_1929,Aluminum Oxide,,,,,literature_mined,10.1073/pnas.0802878105,,,,a_10,
s_10.1073_FS_pnas.0802878105_InVitro.CB_1930,Aluminum Oxide,,,,,literature_mined,10.1073/pnas.0802878105,,,,a_10,
s_10.1073_FS_pnas.0802878105_InVitro.CB_1931,Aluminum Oxide,,,,,literature_mined,10.1073/pnas.0802878105,,,,a_10,
s_10.1073_FS_pnas.0802878105_InVitro.CB_1932,Aluminum Oxide,,,,,literature_mined,10.1073/pnas.0802878105,,,,a_10,
s_10.1073_FS_pnas.0802878105_InVitro.CB_1933,Aluminum Oxide,,,,,literature_mined,10.1073/pnas.0802878105,,,,a_10,
s_10.1073_FS_pnas.0802878105_InVitro.CB_1934,Aluminum Oxide,,,,,literature_mined,10.1073/pnas.0802878105,,,,a_10,
s_10.1073_FS_pnas.0802878105_InVitro.CB_1935,Aluminum Oxide,,,,,literature_mined,10.1073/pnas.0802878105,,,,a_10,
s_10.1073_FS_pnas.0802878105_InVitro.CB_1936,Aluminum Oxide,,,,,literature_mined,10.1073/pnas.0802878105,,,,a_10,
s_10.1073_FS_pnas.0802878105_InVitro.CB_1937,Aluminum Oxide,,,,,literature_mined,10.1073/pnas.0802878105,,,,a_10,
s_10.1073_FS_pnas.0802878105_InVitro.CB_1938,Aluminum Oxide,,,,,literature_mined,10.1073/pnas.0802878105,,,,a_10,
s_10.1073_FS_pnas.0802878105_InVitro.CB_1939,Aluminum Oxide,,,,,literature_mined,10.1073/pnas.0802878105,,,,a_10,
s_10.1073_FS_pnas.0802878105_InVitro.CB_1940,Aluminum Oxide,,,,,literature_mined,10.1073/pnas.0802878105,,,,a_10,
s_10.1073_FS_pnas.0802878105_InVitro.CB_1941,Aluminum Oxide,,,,,literature_mined,10.1073/pnas.0802878105,,,,a_10,
s_10.1073_FS_pnas.0802878105_InVitro.CB_1942,Aluminum Oxide,,,,,literature_mined,10.1073/pnas.0802878105,,,,a_10,
s_10.1073_FS_pnas.0802878105_InVitro.CB_1943,Aluminum Oxide,,,,,literature_mined,10.1073/pnas.0802878105,,,,a_10,
s_10.1073_FS_pnas.0802878105_InVitro.CB_1944,Aluminum Oxide,,,,,literature_mined,10.1073/pnas.0802878105,,,,a_10,
s_10.1073_FS_pnas.0802878105_InVitro.CB_1945,Aluminum Oxide,,,,,literature_mined,10.1073/pnas.0802878105,,,,a_10,
s_10.1073_FS_pnas.0802878105_InVitro.CB_1946,Aluminum Oxide,,,,,literature_mined,10.1073/pnas.0802878105,,,,a_10,
s_10.1073_FS_pnas.0802878105_InVitro.CB_1947,Aluminum Oxide,,,,,literature_mined,10.1073/pnas.0802878105,,,,a_10,
s_10.1073_FS_pnas.0802878105_InVitro.CB_1948,Aluminum Oxide,,,,,literature_mined,10.1073/pnas.0802878105,,,,a_10,
s_10.1073_FS_pnas.0802878105_InVitro.CB_1949,Aluminum Oxide,,,,,literature_mined,10.1073/pnas.0802878105,,,,a_10,
s_10.1073_FS_pnas.0802878105_InVitro.CB_1950,Aluminum Oxide,,,,,literature_mined,10.1073/pnas.0802878105,,,,a_10,
s_10.1073_FS_pnas.0802878105_InVitro.CB_1951,Aluminum Oxide,,,,,literature_mined,10.1073/pnas.0802878105,,,,a_10,
s_10.1073_FS_pnas.0802878105_InVitro.CB_1952,Aluminum Oxide,,,,,literature_mined,10.1073/pnas.0802878105,,,,a_10,
s_10.1073_FS_pnas.0802878105_InVitro.CB_1953,Aluminum Oxide,,,,,literature_mined,10.1073/pnas.0802878105,,,,a_10,
s_10.1073_FS_pnas.0802878105_InVitro.CB_1954,Aluminum Oxide,,,,,literature_mined,10.1073/pnas.0802878105,,,,a_10,
s_10.1073_FS_pnas.0802878105_InVitro.CB_1955,Aluminum Oxide,,,,,literature_mined,10.1073/pnas.0802878105,,,,a_10,
s_10.1073_FS_pnas.0802878105_InVitro.CB_1956,Aluminum Oxide,,,,,literature_mined,10.1073/pnas.0802878105,,,,a_10,
s_10.1073_FS_pnas.0802878105_InVitro.CB_1957,Aluminum Oxide,,,,,literature_mined,10.1073/pnas.0802878105,,,,a_10,
s_10.1073_FS_pnas.0802878105_InVitro.CB_1958,Aluminum Oxide,,,,,literature_mined,10.1073/pnas.0802878105,,,,a_10,
s_10.1073_FS_pnas.0802878105_InVitro.CB_1959,Aluminum Oxide,,,,,literature_mined,10.1073/pnas.0802878105,,,,a_10,
s_10.1073_FS_pnas.0802878105_InVitro.CB_1960,Aluminum Oxide,,,,,literature_mined,10.1073/pnas.0802878105,,,,a_10,
s_10.1073_FS_pnas.0802878105_InVitro.CB_1961,Aluminum Oxide,,,,,literature_mined,10.1073/pnas.0802878105,,,,a_10,
s_10.1073_FS_pnas.0802878105_InVitro.CB_1962,Aluminum Oxide,,,,,literature_mined,10.1073/pnas.0802878105,,,,a_10,
s_10.1073_FS_pnas.0802878105_InVitro.CB_1963,Aluminum Oxide,,,,,literature_mined,10.1073/pnas.0802878105,,,,a_10,
s_10.1073_FS_pnas.0802878105_InVitro.CB_1964,Aluminum Oxide,,,,,literature_mined,10.1073/pnas.0802878105,,,,a_10,
s_10.1073_FS_pnas.0802878105_InVitro.CB_1965,Aluminum Oxide,,,,,literature_mined,10.1073/pnas.0802878105,,,,a_10,
s_10.1073_FS_pnas.0802878105_InVitro.CB_1966,Aluminum Oxide,,,,,literature_mined,10.1073/pnas.0802878105,,,,a_10,
s_10.1073_FS_pnas.0802878105_InVitro.CB_1967,Aluminum Oxide,,,,,literature_mined,10.1073/pnas.0802878105,,,,a_10,
s_10.1073_FS_pnas.0802878105_InVitro.CB_1968,Aluminum Oxide,,,,,literature_mined,10.1073/pnas.0802878105,,,,a_10,
s_10.1073_FS_pnas.0802878105_InVitro.CB_1969,Aluminum Oxide,,,,,literature_mined,10.1073/pnas.0802878105,,,,a_10,
s_10.1073_FS_pnas.0802878105_InVitro.CB_1970,Aluminum Oxide,,,,,literature_mined,10.1073/pnas.0802878105,,,,a_10,
s_10.1073_FS_pnas.0802878105_InVitro.CB_1971,Aluminum Oxide,,,,,literature_mined,10.1073/pnas.0802878105,,,,a_10,
s_10.1073_FS_pnas.0802878105_InVitro.CB_1972,Aluminum Oxide,,,,,literature_mined,10.1073/pnas.0802878105,,,,a_10,
s_10.1073_FS_pnas.0802878105_InVitro.CB_1973,Aluminum Oxide,,,,,literature_mined,10.1073/pnas.0802878105,,,,a_10,
s_10.1073_FS_pnas.0802878105_InVitro.CB_1974,Aluminum Oxide,,,,,literature_mined,10.1073/pnas.0802878105,,,,a_10,
s_10.1073_FS_pnas.0802878105_InVitro.CB_1975,Aluminum Oxide,,,,,literature_mined,10.1073/pnas.0802878105,,,,a_10,
s_10.1073_FS_pnas.0802878105_InVitro.CB_1976,Aluminum Oxide,,,,,literature_mined,10.1073/pnas.0802878105,,,,a_10,
s_10.1073_FS_pnas.0802878105_InVitro.CB_1977,Aluminum Oxide,,,,,literature_mined,10.1073/pnas.0802878105,,,,a_10,
s_10.1073_FS_pnas.0802878105_InVitro.CB_1978,Aluminum Oxide,,,,,literature_mined,10.1073/pnas.0802878105,,,,a_10,
s_10.1073_FS_pnas.0802878105_InVitro.CB_1979,Aluminum Oxide,,,,,literature_mined,10.1073/pnas.0802878105,,,,a_10,
s_10.1073_FS_pnas.0802878105_InVitro.CB_1980,Aluminum Oxide,,,,,literature_mined,10.1073/pnas.0802878105,,,,a_10,
s_10.1073_FS_pnas.0802878105_InVitro.CB_1981,Aluminum Oxide,,,,,literature_mined,10.1073/pnas.0802878105,,,,a_10,
s_10.1073_FS_pnas.0802878105_InVitro.CB_1982,Aluminum Oxide,,,,,literature_mined,10.1073/pnas.0802878105,,,,a_10,
s_10.1073_FS_pnas.0802878105_InVitro.CB_1983,Aluminum Oxide,,,,,literature_mined,10.1073/pnas.0802878105,,,,a_10,
s_10.1073_FS_pnas.0802878105_InVitro.CB_1984,Aluminum Oxide,,,,,literature_mined,10.1073/pnas.0802878105,,,,a_10,
s_10.1073_FS_pnas.0802878105_InVitro.CB_1985,Aluminum Oxide,,,,,literature_mined,10.1073/pnas.0802878105,,,,a_10,
s_10.1073_FS_pnas.0802878105_InVitro.CB_1986,Aluminum Oxide,,,,,literature_mined,10.1073/pnas.0802878105,,,,a_10,
s_10.1073_FS_pnas.0802878105_InVitro.CB_1987,Aluminum Oxide,,,,,literature_mined,10.1073/pnas.0802878105,,,,a_10,
s_10.1073_FS_pnas.0802878105_InVitro.CB_1988,Aluminum Oxide,,,,,literature_mined,10.1073/pnas.0802878105,,,,a_10,
s_10.1073_FS_pnas.0802878105_InVitro.CB_1989,Aluminum Oxide,,,,,literature_mined,10.1073/pnas.0802878105,,,,a_10,
s_10.1073_FS_pnas.0802878105_InVitro.CB_1990,Aluminum Oxide,,,,,literature_mined,10.1073/pnas.0802878105,,,,a_10,
s_10.1073_FS_pnas.0802878105_InVitro.CB_1991,Aluminum Oxide,,,,,literature_mined,10.1073/pnas.0802878105,,,,a_10,
s_10.1073_FS_pnas.0802878105_InVitro.CB_1992,Aluminum Oxide,,,,,literature_mined,10.1073/pnas.0802878105,,,,a_10,
s_10.1073_FS_pnas.0802878105_InVitro.CB_1993,Aluminum Oxide,,,,,literature_mined,10.1073/pnas.0802878105,,,,a_10,
s_10.1073_FS_pnas.0802878105_InVitro.CB_1994,Aluminum Oxide,,,,,literature_mined,10.1073/pnas.0802878105,,,,a_10,
s_10.1073_FS_pnas.0802878105_InVitro.CB_1995,Aluminum Oxide,,,,,literature_mined,10.1073/pnas.0802878105,,,,a_10,
s_10.1073_FS_pnas.0802878105_InVitro.CB_1996,Aluminum Oxide,,,,,literature_mined,10.1073/pnas.0802878105,,,,a_10,
s_10.1073_FS_pnas.0802878105_InVitro.CB_1997,Aluminum Oxide,,,,,literature_mined,10.1073/pnas.0802878105,,,,a_10,
s_10.1073_FS_pnas.0802878105_InVitro.CB_1998,Aluminum Oxide,,,,,literature_mined,10.1073/pnas.0802878105,,,,a_10,
s_10.1073_FS_pnas.0802878105_InVitro.CB_1999,Aluminum Oxide,,,,,literature_mined,10.1073/pnas.0802878105,,,,a_10,
s_10.1073_FS_pnas.0802878105_InVitro.CB_2000,Aluminum Oxide,,,,,literature_mined,10.1073/pnas.0802878105,,,,a_10,
s_10.1073_FS_pnas.0802878105_InVitro.CB_2001,Aluminum Oxide,,,,,literature_mined,10.1073/pnas.0802878105,,,,a_10,
s_10.1073_FS_pnas.0802878105_InVitro.CB_2002,Aluminum Oxide,,,,,literature_mined,10.1073/pnas.0802878105,,,,a_10,
s_10.1073_FS_pnas.0802878105_InVitro.CB_2003,Aluminum Oxide,,,,,literature_mined,10.1073/pnas.0802878105,,,,a_10,
s_10.1073_FS_pnas.0802878105_InVitro.CB_2004,Aluminum Oxide,,,,,literature_mined,10.1073/pnas.0802878105,,,,a_10,
s_10.1073_FS_pnas.0802878105_InVitro.CB_2005,Aluminum Oxide,,,,,literature_mined,10.1073/pnas.0802878105,,,,a_10,
s_10.1073_FS_pnas.0802878105_InVitro.CB_2006,Aluminum Oxide,,,,,literature_mined,10.1073/pnas.0802878105,,,,a_10,
s_10.1073_FS_pnas.0802878105_InVitro.CB_2007,Aluminum Oxide,,,,,literature_mined,10.1073/pnas.0802878105,,,,a_10,
s_10.1073_FS_pnas.0802878105_InVitro.CB_2008,Aluminum Oxide,,,,,literature_mined,10.1073/pnas.0802878105,,,,a_10,
s_10.1073_FS_pnas.0802878105_InVitro.CB_2009,Aluminum Oxide,,,,,literature_mined,10.1073/pnas.0802878105,,,,a_10,
s_10.1073_FS_pnas.0802878105_InVitro.CB_2010,Aluminum Oxide,,,,,literature_mined,10.1073/pnas.0802878105,,,,a_10,
s_10.1073_FS_pnas.0802878105_InVitro.CB_2011,Aluminum Oxide,,,,,literature_mined,10.1073/pnas.0802878105,,,,a_10,
s_10.1073_FS_pnas.0802878105_InVitro.CB_2012,Aluminum Oxide,,,,,literature_mined,10.1073/pnas.0802878105,,,,a_10,
s_10.1073_FS_pnas.0802878105_InVitro.CB_2013,Aluminum Oxide,,,,,literature_mined,10.1073/pnas.0802878105,,,,a_10,
s_10.1073_FS_pnas.0802878105_InVitro.CB_2014,Aluminum Oxide,,,,,literature_mined,10.1073/pnas.0802878105,,,,a_10,
s_10.1073_FS_pnas.0802878105_InVitro.CB_2015,Aluminum Oxide,,,,,literature_mined,10.1073/pnas.0802878105,,,,a_10,
s_10.1073_FS_pnas.0802878105_InVitro.CB_2016,Aluminum Oxide,,,,,literature_mined,10.1073/pnas.0802878105,,,,a_10,
s_10.1073_FS_pnas.0802878105_InVitro.CB_2017,Aluminum Oxide,,,,,literature_mined,10.1073/pnas.0802878105,,,,a_10,
s_10.1073_FS_pnas.0802878105_InVitro.CB_2018,Aluminum Oxide,,,,,literature_mined,10.1073/pnas.0802878105,,,,a_10,
s_10.1073_FS_pnas.0802878105_InVitro.CB_2019,Aluminum Oxide,,,,,literature_mined,10.1073/pnas.0802878105,,,,a_10,
s_10.1073_FS_pnas.0802878105_InVitro.CB_2020,Aluminum Oxide,,,,,literature_mined,10.1073/pnas.0802878105,,,,a_10,
s_10.1073_FS_pnas.0802878105_InVitro.CB_2021,Aluminum Oxide,,,,,literature_mined,10.1073/pnas.0802878105,,,,a_10,
s_10.1073_FS_pnas.0802878105_InVitro.CB_2022,Aluminum Oxide,,,,,literature_mined,10.1073/pnas.0802878105,,,,a_10,
s_10.1073_FS_pnas.0802878105_InVitro.CB_2023,Aluminum Oxide,,,,,literature_mined,10.1073/pnas.0802878105,,,,a_10,
s_10.1073_FS_pnas.0802878105_InVitro.CB_2024,Aluminum Oxide,,,,,literature_mined,10.1073/pnas.0802878105,,,,a_10,
s_10.1073_FS_pnas.0802878105_InVitro.CB_2025,Aluminum Oxide,,,,,literature_mined,10.1073/pnas.0802878105,,,,a_10,
s_10.1073_FS_pnas.0802878105_InVitro.CB_2026,Aluminum Oxide,,,,,literature_mined,10.1073/pnas.0802878105,,,,a_10,
s_10.1073_FS_pnas.0802878105_InVitro.CB_2027,Aluminum Oxide,,,,,literature_mined,10.1073/pnas.0802878105,,,,a_10,
s_10.1073_FS_pnas.0802878105_InVitro.CB_2028,Aluminum Oxide,,,,,literature_mined,10.1073/pnas.0802878105,,,,a_10,
s_10.1073_FS_pnas.0802878105_InVitro.CB_2029,Aluminum Oxide,,,,,literature_mined,10.1073/pnas.0802878105,,,,a_10,
s_10.1073_FS_pnas.0802878105_InVitro.CB_2030,Aluminum Oxide,,,,,literature_mined,10.1073/pnas.0802878105,,,,a_10,
s_10.1073_FS_pnas.0802878105_InVitro.CB_2031,Aluminum Oxide,,,,,literature_mined,10.1073/pnas.0802878105,,,,a_10,
s_10.1073_FS_pnas.0802878105_InVitro.CB_2032,Aluminum Oxide,,,,,literature_mined,10.1073/pnas.0802878105,,,,a_10,
s_10.1073_FS_pnas.0802878105_InVitro.CB_2033,Aluminum Oxide,,,,,literature_mined,10.1073/pnas.0802878105,,,,a_10,
s_10.1073_FS_pnas.0802878105_InVitro.CB_2034,Aluminum Oxide,,,,,literature_mined,10.1073/pnas.0802878105,,,,a_10,
s_10.1073_FS_pnas.0802878105_InVitro.CB_2035,Aluminum Oxide,,,,,literature_mined,10.1073/pnas.0802878105,,,,a_10,
s_10.1073_FS_pnas.0802878105_InVitro.CB_2036,Aluminum Oxide,,,,,literature_mined,10.1073/pnas.0802878105,,,,a_10,
s_10.1073_FS_pnas.0802878105_InVitro.CB_2037,Aluminum Oxide,,,,,literature_mined,10.1073/pnas.0802878105,,,,a_10,
s_10.1073_FS_pnas.0802878105_InVitro.CB_2038,Aluminum Oxide,,,,,literature_mined,10.1073/pnas.0802878105,,,,a_10,
s_10.1073_FS_pnas.0802878105_InVitro.CB_2039,Aluminum Oxide,,,,,literature_mined,10.1073/pnas.0802878105,,,,a_10,
s_10.1073_FS_pnas.0802878105_InVitro.CB_2040,Aluminum Oxide,,,,,literature_mined,10.1073/pnas.0802878105,,,,a_10,
s_10.1073_FS_pnas.0802878105_InVitro.CB_2041,Aluminum Oxide,,,,,literature_mined,10.1073/pnas.0802878105,,,,a_10,
s_10.1073_FS_pnas.0802878105_InVitro.CB_2042,Aluminum Oxide,,,,,literature_mined,10.1073/pnas.0802878105,,,,a_10,
s_10.1073_FS_pnas.0802878105_InVitro.CB_2043,Aluminum Oxide,,,,,literature_mined,10.1073/pnas.0802878105,,,,a_10,
s_10.1073_FS_pnas.0802878105_InVitro.CB_2044,Aluminum Oxide,,,,,literature_mined,10.1073/pnas.0802878105,,,,a_10,
s_10.1073_FS_pnas.0802878105_InVitro.CB_2045,Aluminum Oxide,,,,,literature_mined,10.1073/pnas.0802878105,,,,a_10,
s_10.1073_FS_pnas.0802878105_InVitro.CB_2046,Aluminum Oxide,,,,,literature_mined,10.1073/pnas.0802878105,,,,a_10,
s_10.1073_FS_pnas.0802878105_InVitro.CB_2047,Aluminum Oxide,,,,,literature_mined,10.1073/pnas.0802878105,,,,a_10,
s_10.1073_FS_pnas.0802878105_InVitro.CB_2048,Aluminum Oxide,,,,,literature_mined,10.1073/pnas.0802878105,,,,a_10,
s_10.1073_FS_pnas.0802878105_InVitro.CB_2049,Aluminum Oxide,,,,,literature_mined,10.1073/pnas.0802878105,,,,a_10,
s_10.1073_FS_pnas.0802878105_InVitro.CB_2050,Aluminum Oxide,,,,,literature_mined,10.1073/pnas.0802878105,,,,a_10,
s_10.1073_FS_pnas.0802878105_InVitro.CB_2051,Aluminum Oxide,,,,,literature_mined,10.1073/pnas.0802878105,,,,a_10,
s_10.1073_FS_pnas.0802878105_InVitro.CB_2052,Aluminum Oxide,,,,,literature_mined,10.1073/pnas.0802878105,,,,a_10,
s_10.1073_FS_pnas.0802878105_InVitro.CB_2053,Aluminum Oxide,,,,,literature_mined,10.1073/pnas.0802878105,,,,a_10,
s_10.1073_FS_pnas.0802878105_InVitro.CB_2054,Aluminum Oxide,,,,,literature_mined,10.1073/pnas.0802878105,,,,a_10,
s_10.1073_FS_pnas.0802878105_InVitro.CB_2055,Aluminum Oxide,,,,,literature_mined,10.1073/pnas.0802878105,,,,a_10,
s_10.1073_FS_pnas.0802878105_InVitro.CB_2056,Aluminum Oxide,,,,,literature_mined,10.1073/pnas.0802878105,,,,a_10,
s_10.1073_FS_pnas.0802878105_InVitro.CB_2057,Aluminum Oxide,,,,,literature_mined,10.1073/pnas.0802878105,,,,a_10,
s_10.1073_FS_pnas.0802878105_InVitro.CB_2058,Aluminum Oxide,,,,,literature_mined,10.1073/pnas.0802878105,,,,a_10,
s_10.1073_FS_pnas.0802878105_InVitro.CB_2059,Aluminum Oxide,,,,,literature_mined,10.1073/pnas.0802878105,,,,a_10,
s_10.1073_FS_pnas.0802878105_InVitro.CB_2060,Aluminum Oxide,,,,,literature_mined,10.1073/pnas.0802878105,,,,a_10,
s_10.1073_FS_pnas.0802878105_InVitro.CB_2061,Aluminum Oxide,,,,,literature_mined,10.1073/pnas.0802878105,,,,a_10,
s_10.1073_FS_pnas.0802878105_InVitro.CB_2062,Aluminum Oxide,,,,,literature_mined,10.1073/pnas.0802878105,,,,a_10,
s_10.1073_FS_pnas.0802878105_InVitro.CB_2063,Aluminum Oxide,,,,,literature_mined,10.1073/pnas.0802878105,,,,a_10,
s_10.1073_FS_pnas.0802878105_InVitro.CB_2064,Aluminum Oxide,,,,,literature_mined,10.1073/pnas.0802878105,,,,a_10,
s_10.1073_FS_pnas.0802878105_InVitro.CB_2065,Aluminum Oxide,,,,,literature_mined,10.1073/pnas.0802878105,,,,a_10,
s_10.1073_FS_pnas.0802878105_InVitro.CB_2066,Aluminum Oxide,,,,,literature_mined,10.1073/pnas.0802878105,,,,a_10,
s_10.1073_FS_pnas.0802878105_InVitro.CB_2067,Aluminum Oxide,,,,,literature_mined,10.1073/pnas.0802878105,,,,a_10,
s_10.1073_FS_pnas.0802878105_InVitro.CB_2068,Aluminum Oxide,,,,,literature_mined,10.1073/pnas.0802878105,,,,a_10,
s_10.1073_FS_pnas.0802878105_InVitro.CB_2069,Aluminum Oxide,,,,,literature_mined,10.1073/pnas.0802878105,,,,a_10,
s_10.1073_FS_pnas.0802878105_InVitro.CB_2070,Aluminum Oxide,,,,,literature_mined,10.1073/pnas.0802878105,,,,a_10,
s_10.1073_FS_pnas.0802878105_InVitro.CB_2071,Aluminum Oxide,,,,,literature_mined,10.1073/pnas.0802878105,,,,a_10,
s_10.1073_FS_pnas.0802878105_InVitro.CB_2072,Aluminum Oxide,,,,,literature_mined,10.1073/pnas.0802878105,,,,a_10,
s_10.1073_FS_pnas.0802878105_InVitro.CB_2073,Aluminum Oxide,,,,,literature_mined,10.1073/pnas.0802878105,,,,a_10,
s_10.1073_FS_pnas.0802878105_InVitro.CB_2074,Aluminum Oxide,,,,,literature_mined,10.1073/pnas.0802878105,,,,a_10,
s_10.1073_FS_pnas.0802878105_InVitro.CB_2075,Aluminum Oxide,,,,,literature_mined,10.1073/pnas.0802878105,,,,a_10,
s_10.1073_FS_pnas.0802878105_InVitro.CB_2076,Aluminum Oxide,,,,,literature_mined,10.1073/pnas.0802878105,,,,a_10,
s_10.1073_FS_pnas.0802878105_InVitro.CB_2077,Aluminum Oxide,,,,,literature_mined,10.1073/pnas.0802878105,,,,a_10,
s_10.1073_FS_pnas.0802878105_InVitro.CB_2078,Aluminum Oxide,,,,,literature_mined,10.1073/pnas.0802878105,,,,a_10,
s_10.1073_FS_pnas.0802878105_InVitro.CB_2079,Aluminum Oxide,,,,,literature_mined,10.1073/pnas.0802878105,,,,a_10,
s_10.1073_FS_pnas.0802878105_InVitro.CB_2080,Aluminum Oxide,,,,,literature_mined,10.1073/pnas.0802878105,,,,a_10,
s_10.1073_FS_pnas.0802878105_InVitro.CB_2081,Aluminum Oxide,,,,,literature_mined,10.1073/pnas.0802878105,,,,a_10,
s_10.1073_FS_pnas.0802878105_InVitro.CB_2082,Aluminum Oxide,,,,,literature_mined,10.1073/pnas.0802878105,,,,a_10,
s_10.1073_FS_pnas.0802878105_InVitro.CB_2083,Aluminum Oxide,,,,,literature_mined,10.1073/pnas.0802878105,,,,a_10,
s_10.1073_FS_pnas.0802878105_InVitro.CB_2084,Aluminum Oxide,,,,,literature_mined,10.1073/pnas.0802878105,,,,a_10,
s_10.1073_FS_pnas.0802878105_InVitro.CB_2085,Aluminum Oxide,,,,,literature_mined,10.1073/pnas.0802878105,,,,a_10,
s_10.1073_FS_pnas.0802878105_InVitro.CB_2086,Aluminum Oxide,,,,,literature_mined,10.1073/pnas.0802878105,,,,a_10,
s_10.1073_FS_pnas.0802878105_InVitro.CB_2087,Aluminum Oxide,,,,,literature_mined,10.1073/pnas.0802878105,,,,a_10,
s_10.1073_FS_pnas.0802878105_InVitro.CB_2088,Aluminum Oxide,,,,,literature_mined,10.1073/pnas.0802878105,,,,a_10,
s_10.1073_FS_pnas.0802878105_InVitro.CB_2089,Aluminum Oxide,,,,,literature_mined,10.1073/pnas.0802878105,,,,a_10,
s_10.1073_FS_pnas.0802878105_InVitro.CB_2090,Aluminum Oxide,,,,,literature_mined,10.1073/pnas.0802878105,,,,a_10,
s_10.1073_FS_pnas.0802878105_InVitro.CB_2091,Aluminum Oxide,,,,,literature_mined,10.1073/pnas.0802878105,,,,a_10,
s_10.1073_FS_pnas.0802878105_InVitro.CB_2092,Aluminum Oxide,,,,,literature_mined,10.1073/pnas.0802878105,,,,a_10,
s_10.1073_FS_pnas.0802878105_InVitro.CB_2093,Aluminum Oxide,,,,,literature_mined,10.1073/pnas.0802878105,,,,a_10,
s_10.1073_FS_pnas.0802878105_InVitro.CB_2094,Aluminum Oxide,,,,,literature_mined,10.1073/pnas.0802878105,,,,a_10,
s_10.1073_FS_pnas.0802878105_InVitro.CB_2095,Aluminum Oxide,,,,,literature_mined,10.1073/pnas.0802878105,,,,a_10,
s_10.1073_FS_pnas.0802878105_InVitro.CB_2096,Aluminum Oxide,,,,,literature_mined,10.1073/pnas.0802878105,,,,a_10,
s_10.1073_FS_pnas.0802878105_InVitro.CB_2097,Aluminum Oxide,,,,,literature_mined,10.1073/pnas.0802878105,,,,a_10,
s_10.1073_FS_pnas.0802878105_InVitro.CB_2098,Aluminum Oxide,,,,,literature_mined,10.1073/pnas.0802878105,,,,a_10,
s_10.1073_FS_pnas.0802878105_InVitro.CB_2099,Aluminum Oxide,,,,,literature_mined,10.1073/pnas.0802878105,,,,a_10,
s_10.1073_FS_pnas.0802878105_InVitro.CB_2100,Aluminum Oxide,,,,,literature_mined,10.1073/pnas.0802878105,,,,a_10,
s_10.1073_FS_pnas.0802878105_InVitro.CB_2101,Aluminum Oxide,,,,,literature_mined,10.1073/pnas.0802878105,,,,a_10,
s_10.1073_FS_pnas.0802878105_InVitro.CB_2102,Aluminum Oxide,,,,,literature_mined,10.1073/pnas.0802878105,,,,a_10,
s_10.1073_FS_pnas.0802878105_InVitro.CB_2103,Aluminum Oxide,,,,,literature_mined,10.1073/pnas.0802878105,,,,a_10,
s_10.1073_FS_pnas.0802878105_InVitro.CB_2104,Aluminum Oxide,,,,,literature_mined,10.1073/pnas.0802878105,,,,a_10,
s_10.1073_FS_pnas.0802878105_InVitro.CB_2105,Aluminum Oxide,,,,,literature_mined,10.1073/pnas.0802878105,,,,a_10,
s_10.1073_FS_pnas.0802878105_InVitro.CB_2106,Aluminum Oxide,,,,,literature_mined,10.1073/pnas.0802878105,,,,a_10,
s_10.1073_FS_pnas.0802878105_InVitro.CB_2107,Aluminum Oxide,,,,,literature_mined,10.1073/pnas.0802878105,,,,a_10,
s_10.1073_FS_pnas.0802878105_InVitro.CB_2108,Aluminum Oxide,,,,,literature_mined,10.1073/pnas.0802878105,,,,a_10,
s_10.1073_FS_pnas.0802878105_InVitro.CB_2109,Aluminum Oxide,,,,,literature_mined,10.1073/pnas.0802878105,,,,a_10,
s_10.1073_FS_pnas.0802878105_InVitro.CB_2110,Aluminum Oxide,,,,,literature_mined,10.1073/pnas.0802878105,,,,a_10,
s_10.1073_FS_pnas.0802878105_InVitro.CB_2111,Aluminum Oxide,,,,,literature_mined,10.1073/pnas.0802878105,,,,a_10,
s_10.1073_FS_pnas.0802878105_InVitro.CB_2112,Aluminum Oxide,,,,,literature_mined,10.1073/pnas.0802878105,,,,a_10,
s_10.1073_FS_pnas.0802878105_InVitro.CB_2113,Aluminum Oxide,,,,,literature_mined,10.1073/pnas.0802878105,,,,a_10,
s_10.1073_FS_pnas.0802878105_InVitro.CB_2114,Aluminum Oxide,,,,,literature_mined,10.1073/pnas.0802878105,,,,a_10,
s_10.1073_FS_pnas.0802878105_InVitro.CB_2115,Aluminum Oxide,,,,,literature_mined,10.1073/pnas.0802878105,,,,a_10,
s_10.1073_FS_pnas.0802878105_InVitro.CB_2116,Aluminum Oxide,,,,,literature_mined,10.1073/pnas.0802878105,,,,a_10,
s_10.1073_FS_pnas.0802878105_InVitro.CB_2117,Aluminum Oxide,,,,,literature_mined,10.1073/pnas.0802878105,,,,a_10,
s_10.1073_FS_pnas.0802878105_InVitro.CB_2118,Aluminum Oxide,,,,,literature_mined,10.1073/pnas.0802878105,,,,a_10,
s_10.1073_FS_pnas.0802878105_InVitro.CB_2119,Aluminum Oxide,,,,,literature_mined,10.1073/pnas.0802878105,,,,a_10,
s_10.1073_FS_pnas.0802878105_InVitro.CB_2120,Aluminum Oxide,,,,,literature_mined,10.1073/pnas.0802878105,,,,a_10,
s_10.1073_FS_pnas.0802878105_InVitro.CB_2121,Aluminum Oxide,,,,,literature_mined,10.1073/pnas.0802878105,,,,a_10,
s_10.1073_FS_pnas.0802878105_InVitro.CB_2122,Aluminum Oxide,,,,,literature_mined,10.1073/pnas.0802878105,,,,a_10,
s_10.1073_FS_pnas.0802878105_InVitro.CB_2123,Aluminum Oxide,,,,,literature_mined,10.1073/pnas.0802878105,,,,a_10,
s_10.1073_FS_pnas.0802878105_InVitro.CB_2124,Aluminum Oxide,,,,,literature_mined,10.1073/pnas.0802878105,,,,a_10,
s_10.1073_FS_pnas.0802878105_InVitro.CB_2125,Aluminum Oxide,,,,,literature_mined,10.1073/pnas.0802878105,,,,a_10,
s_10.1073_FS_pnas.0802878105_InVitro.CB_2126,Aluminum Oxide,,,,,literature_mined,10.1073/pnas.0802878105,,,,a_10,
s_10.1073_FS_pnas.0802878105_InVitro.CB_2127,Aluminum Oxide,,,,,literature_mined,10.1073/pnas.0802878105,,,,a_10,
s_10.1073_FS_pnas.0802878105_InVitro.CB_2128,Aluminum Oxide,,,,,literature_mined,10.1073/pnas.0802878105,,,,a_10,
s_10.1073_FS_pnas.0802878105_InVitro.CB_2129,Aluminum Oxide,,,,,literature_mined,10.1073/pnas.0802878105,,,,a_10,
s_10.1073_FS_pnas.0802878105_InVitro.CB_2130,Aluminum Oxide,,,,,literature_mined,10.1073/pnas.0802878105,,,,a_10,
s_10.1073_FS_pnas.0802878105_InVitro.CB_2131,Aluminum Oxide,,,,,literature_mined,10.1073/pnas.0802878105,,,,a_10,
s_10.1073_FS_pnas.0802878105_InVitro.CB_2132,Aluminum Oxide,,,,,literature_mined,10.1073/pnas.0802878105,,,,a_10,
s_10.1073_FS_pnas.0802878105_InVitro.CB_2133,Aluminum Oxide,,,,,literature_mined,10.1073/pnas.0802878105,,,,a_10,
s_10.1073_FS_pnas.0802878105_InVitro.CB_2134,Aluminum Oxide,,,,,literature_mined,10.1073/pnas.0802878105,,,,a_10,
s_10.1073_FS_pnas.0802878105_InVitro.CB_2135,Aluminum Oxide,,,,,literature_mined,10.1073/pnas.0802878105,,,,a_10,
s_10.1073_FS_pnas.0802878105_InVitro.CB_2136,Aluminum Oxide,,,,,literature_mined,10.1073/pnas.0802878105,,,,a_10,
s_10.1073_FS_pnas.0802878105_InVitro.CB_2137,Aluminum Oxide,,,,,literature_mined,10.1073/pnas.0802878105,,,,a_10,
s_10.1073_FS_pnas.0802878105_InVitro.CB_2138,Aluminum Oxide,,,,,literature_mined,10.1073/pnas.0802878105,,,,a_10,
s_10.1073_FS_pnas.0802878105_InVitro.CB_2139,Aluminum Oxide,,,,,literature_mined,10.1073/pnas.0802878105,,,,a_10,
s_10.1073_FS_pnas.0802878105_InVitro.CB_2140,Aluminum Oxide,,,,,literature_mined,10.1073/pnas.0802878105,,,,a_10,
s_10.1073_FS_pnas.0802878105_InVitro.CB_2141,Aluminum Oxide,,,,,literature_mined,10.1073/pnas.0802878105,,,,a_10,
s_10.1073_FS_pnas.0802878105_InVitro.CB_2142,Aluminum Oxide,,,,,literature_mined,10.1073/pnas.0802878105,,,,a_10,
s_10.1073_FS_pnas.0802878105_InVitro.CB_2143,Aluminum Oxide,,,,,literature_mined,10.1073/pnas.0802878105,,,,a_10,
s_10.1073_FS_pnas.0802878105_InVitro.CB_2144,Aluminum Oxide,,,,,literature_mined,10.1073/pnas.0802878105,,,,a_10,
s_10.1073_FS_pnas.0802878105_InVitro.CB_2145,Aluminum Oxide,,,,,literature_mined,10.1073/pnas.0802878105,,,,a_10,
s_10.1073_FS_pnas.0802878105_InVitro.CB_2146,Aluminum Oxide,,,,,literature_mined,10.1073/pnas.0802878105,,,,a_10,
s_10.1073_FS_pnas.0802878105_InVitro.CB_2147,Aluminum Oxide,,,,,literature_mined,10.1073/pnas.0802878105,,,,a_10,
s_10.1073_FS_pnas.0802878105_InVitro.CB_2148,Aluminum Oxide,,,,,literature_mined,10.1073/pnas.0802878105,,,,a_10,
s_10.1073_FS_pnas.0802878105_InVitro.CB_2149,Aluminum Oxide,,,,,literature_mined,10.1073/pnas.0802878105,,,,a_10,
s_10.1073_FS_pnas.0802878105_InVitro.CB_2150,Aluminum Oxide,,,,,literature_mined,10.1073/pnas.0802878105,,,,a_10,
s_10.1073_FS_pnas.0802878105_InVitro.CB_2151,Aluminum Oxide,,,,,literature_mined,10.1073/pnas.0802878105,,,,a_10,
s_10.1073_FS_pnas.0802878105_InVitro.CB_2152,Aluminum Oxide,,,,,literature_mined,10.1073/pnas.0802878105,,,,a_10,
s_10.1073_FS_pnas.0802878105_InVitro.CB_2153,Aluminum Oxide,,,,,literature_mined,10.1073/pnas.0802878105,,,,a_10,
s_10.1073_FS_pnas.0802878105_InVitro.CB_2154,Aluminum Oxide,,,,,literature_mined,10.1073/pnas.0802878105,,,,a_10,
s_10.1073_FS_pnas.0802878105_InVitro.CB_2155,Aluminum Oxide,,,,,literature_mined,10.1073/pnas.0802878105,,,,a_10,
s_10.1073_FS_pnas.0802878105_InVitro.CB_2156,Aluminum Oxide,,,,,literature_mined,10.1073/pnas.0802878105,,,,a_10,
s_10.1073_FS_pnas.0802878105_InVitro.CB_2157,Aluminum Oxide,,,,,literature_mined,10.1073/pnas.0802878105,,,,a_10,
s_10.1073_FS_pnas.0802878105_InVitro.CB_2158,Aluminum Oxide,,,,,literature_mined,10.1073/pnas.0802878105,,,,a_10,
s_10.1073_FS_pnas.0802878105_InVitro.CB_2159,Aluminum Oxide,,,,,literature_mined,10.1073/pnas.0802878105,,,,a_10,
s_10.1073_FS_pnas.0802878105_InVitro.CB_2160,Aluminum Oxide,,,,,literature_mined,10.1073/pnas.0802878105,,,,a_10,
s_10.1073_FS_pnas.0802878105_InVitro.CB_2161,Aluminum Oxide,,,,,literature_mined,10.1073/pnas.0802878105,,,,a_10,
s_10.1073_FS_pnas.0802878105_InVitro.CB_2162,Aluminum Oxide,,,,,literature_mined,10.1073/pnas.0802878105,,,,a_10,
s_10.1073_FS_pnas.0802878105_InVitro.CB_2163,Aluminum Oxide,,,,,literature_mined,10.1073/pnas.0802878105,,,,a_10,
s_10.1073_FS_pnas.0802878105_InVitro.CB_2164,Aluminum Oxide,,,,,literature_mined,10.1073/pnas.0802878105,,,,a_10,
s_10.1073_FS_pnas.0802878105_InVitro.CB_2165,Aluminum Oxide,,,,,literature_mined,10.1073/pnas.0802878105,,,,a_10,
s_10.1073_FS_pnas.0802878105_InVitro.CB_2166,Aluminum Oxide,,,,,literature_mined,10.1073/pnas.0802878105,,,,a_10,
s_10.1073_FS_pnas.0802878105_InVitro.CB_2167,Aluminum Oxide,,,,,literature_mined,10.1073/pnas.0802878105,,,,a_10,
s_10.1073_FS_pnas.0802878105_InVitro.CB_2168,Aluminum Oxide,,,,,literature_mined,10.1073/pnas.0802878105,,,,a_10,
s_10.1073_FS_pnas.0802878105_InVitro.CB_2169,Aluminum Oxide,,,,,literature_mined,10.1073/pnas.0802878105,,,,a_10,
s_10.1073_FS_pnas.0802878105_InVitro.CB_2170,Aluminum Oxide,,,,,literature_mined,10.1073/pnas.0802878105,,,,a_10,
s_10.1073_FS_pnas.0802878105_InVitro.CB_2171,Aluminum Oxide,,,,,literature_mined,10.1073/pnas.0802878105,,,,a_10,
s_10.1073_FS_pnas.0802878105_InVitro.CB_2172,Aluminum Oxide,,,,,literature_mined,10.1073/pnas.0802878105,,,,a_10,
s_10.1073_FS_pnas.0802878105_InVitro.CB_2173,Aluminum Oxide,,,,,literature_mined,10.1073/pnas.0802878105,,,,a_10,
s_10.1073_FS_pnas.0802878105_InVitro.CB_2174,Aluminum Oxide,,,,,literature_mined,10.1073/pnas.0802878105,,,,a_10,
s_10.1073_FS_pnas.0802878105_InVitro.CB_2175,Aluminum Oxide,,,,,literature_mined,10.1073/pnas.0802878105,,,,a_10,
s_10.1073_FS_pnas.0802878105_InVitro.CB_2176,Aluminum Oxide,,,,,literature_mined,10.1073/pnas.0802878105,,,,a_10,
s_10.1073_FS_pnas.0802878105_InVitro.CB_2177,Aluminum Oxide,,,,,literature_mined,10.1073/pnas.0802878105,,,,a_10,
s_10.1073_FS_pnas.0802878105_InVitro.CB_2178,Aluminum Oxide,,,,,literature_mined,10.1073/pnas.0802878105,,,,a_10,
s_10.1073_FS_pnas.0802878105_InVitro.CB_2179,Aluminum Oxide,,,,,literature_mined,10.1073/pnas.0802878105,,,,a_10,
s_10.1073_FS_pnas.0802878105_InVitro.CB_2180,Aluminum Oxide,,,,,literature_mined,10.1073/pnas.0802878105,,,,a_10,
s_10.1073_FS_pnas.0802878105_InVitro.CB_2181,Aluminum Oxide,,,,,literature_mined,10.1073/pnas.0802878105,,,,a_10,
s_10.1073_FS_pnas.0802878105_InVitro.CB_2182,Aluminum Oxide,,,,,literature_mined,10.1073/pnas.0802878105,,,,a_10,
s_10.1073_FS_pnas.0802878105_InVitro.CB_2183,Aluminum Oxide,,,,,literature_mined,10.1073/pnas.0802878105,,,,a_10,
s_10.1073_FS_pnas.0802878105_InVitro.CB_2184,Aluminum Oxide,,,,,literature_mined,10.1073/pnas.0802878105,,,,a_10,
s_10.1073_FS_pnas.0802878105_InVitro.CB_2185,Aluminum Oxide,,,,,literature_mined,10.1073/pnas.0802878105,,,,a_10,
s_10.1073_FS_pnas.0802878105_InVitro.CB_2186,Aluminum Oxide,,,,,literature_mined,10.1073/pnas.0802878105,,,,a_10,
s_10.1073_FS_pnas.0802878105_InVitro.CB_2187,Aluminum Oxide,,,,,literature_mined,10.1073/pnas.0802878105,,,,a_10,
s_10.1073_FS_pnas.0802878105_InVitro.CB_2188,Aluminum Oxide,,,,,literature_mined,10.1073/pnas.0802878105,,,,a_10,
s_10.1073_FS_pnas.0802878105_InVitro.CB_2189,Aluminum Oxide,,,,,literature_mined,10.1073/pnas.0802878105,,,,a_10,
s_10.1073_FS_pnas.0802878105_InVitro.CB_2190,Aluminum Oxide,,,,,literature_mined,10.1073/pnas.0802878105,,,,a_10,
s_10.1073_FS_pnas.0802878105_InVitro.CB_2191,Aluminum Oxide,,,,,literature_mined,10.1073/pnas.0802878105,,,,a_10,
s_10.1073_FS_pnas.0802878105_InVitro.CB_2192,Aluminum Oxide,,,,,literature_mined,10.1073/pnas.0802878105,,,,a_10,
s_10.1073_FS_pnas.0802878105_InVitro.CB_2193,Aluminum Oxide,,,,,literature_mined,10.1073/pnas.0802878105,,,,a_10,
s_10.1073_FS_pnas.0802878105_InVitro.CB_2194,Aluminum Oxide,,,,,literature_mined,10.1073/pnas.0802878105,,,,a_10,
s_10.1073_FS_pnas.0802878105_InVitro.CB_2195,Aluminum Oxide,,,,,literature_mined,10.1073/pnas.0802878105,,,,a_10,
s_10.1073_FS_pnas.0802878105_InVitro.CB_2196,Aluminum Oxide,,,,,literature_mined,10.1073/pnas.0802878105,,,,a_10,
s_10.1073_FS_pnas.0802878105_InVitro.CB_2197,Aluminum Oxide,,,,,literature_mined,10.1073/pnas.0802878105,,,,a_10,
s_10.1073_FS_pnas.0802878105_InVitro.CB_2198,Aluminum Oxide,,,,,literature_mined,10.1073/pnas.0802878105,,,,a_10,
s_10.1073_FS_pnas.0802878105_InVitro.CB_2199,Aluminum Oxide,,,,,literature_mined,10.1073/pnas.0802878105,,,,a_10,
s_10.1073_FS_pnas.0802878105_InVitro.CB_2200,Aluminum Oxide,,,,,literature_mined,10.1073/pnas.0802878105,,,,a_10,
s_10.1073_FS_pnas.0802878105_InVitro.CB_2201,Aluminum Oxide,,,,,literature_mined,10.1073/pnas.0802878105,,,,a_10,
s_10.1073_FS_pnas.0802878105_InVitro.CB_2202,Aluminum Oxide,,,,,literature_mined,10.1073/pnas.0802878105,,,,a_10,
s_10.1073_FS_pnas.0802878105_InVitro.CB_2203,Aluminum Oxide,,,,,literature_mined,10.1073/pnas.0802878105,,,,a_10,
s_10.1073_FS_pnas.0802878105_InVitro.CB_2204,Aluminum Oxide,,,,,literature_mined,10.1073/pnas.0802878105,,,,a_10,
s_10.1073_FS_pnas.0802878105_InVitro.CB_2205,Aluminum Oxide,,,,,literature_mined,10.1073/pnas.0802878105,,,,a_10,
s_10.1073_FS_pnas.0802878105_InVitro.CB_2206,Aluminum Oxide,,,,,literature_mined,10.1073/pnas.0802878105,,,,a_10,
s_10.1073_FS_pnas.0802878105_InVitro.CB_2207,Aluminum Oxide,,,,,literature_mined,10.1073/pnas.0802878105,,,,a_10,
s_10.1073_FS_pnas.0802878105_InVitro.CB_2208,Aluminum Oxide,,,,,literature_mined,10.1073/pnas.0802878105,,,,a_10,
s_10.1073_FS_pnas.0802878105_InVitro.CB_2209,Aluminum Oxide,,,,,literature_mined,10.1073/pnas.0802878105,,,,a_10,
s_10.1073_FS_pnas.0802878105_InVitro.CB_2210,Aluminum Oxide,,,,,literature_mined,10.1073/pnas.0802878105,,,,a_10,
s_10.1073_FS_pnas.0802878105_InVitro.CB_2211,Aluminum Oxide,,,,,literature_mined,10.1073/pnas.0802878105,,,,a_10,
s_10.1073_FS_pnas.0802878105_InVitro.CB_2212,Aluminum Oxide,,,,,literature_mined,10.1073/pnas.0802878105,,,,a_10,
s_10.1073_FS_pnas.0802878105_InVitro.CB_2213,Aluminum Oxide,,,,,literature_mined,10.1073/pnas.0802878105,,,,a_10,
s_10.1073_FS_pnas.0802878105_InVitro.CB_2214,Aluminum Oxide,,,,,literature_mined,10.1073/pnas.0802878105,,,,a_10,
s_10.1073_FS_pnas.0802878105_InVitro.CB_2215,Aluminum Oxide,,,,,literature_mined,10.1073/pnas.0802878105,,,,a_10,
s_10.1073_FS_pnas.0802878105_InVitro.CB_2216,Aluminum Oxide,,,,,literature_mined,10.1073/pnas.0802878105,,,,a_10,
s_10.1073_FS_pnas.0802878105_InVitro.CB_2217,Aluminum Oxide,,,,,literature_mined,10.1073/pnas.0802878105,,,,a_10,
s_10.1073_FS_pnas.0802878105_InVitro.CB_2218,Aluminum Oxide,,,,,literature_mined,10.1073/pnas.0802878105,,,,a_10,
s_10.1073_FS_pnas.0802878105_InVitro.CB_2219,Aluminum Oxide,,,,,literature_mined,10.1073/pnas.0802878105,,,,a_10,
s_10.1073_FS_pnas.0802878105_InVitro.CB_2220,Aluminum Oxide,,,,,literature_mined,10.1073/pnas.0802878105,,,,a_10,
s_10.1073_FS_pnas.0802878105_InVitro.CB_2221,Aluminum Oxide,,,,,literature_mined,10.1073/pnas.0802878105,,,,a_10,
s_10.1073_FS_pnas.0802878105_InVitro.CB_2222,Aluminum Oxide,,,,,literature_mined,10.1073/pnas.0802878105,,,,a_10,
s_10.1073_FS_pnas.0802878105_InVitro.CB_2223,Aluminum Oxide,,,,,literature_mined,10.1073/pnas.0802878105,,,,a_10,
s_10.1073_FS_pnas.0802878105_InVitro.CB_2224,Aluminum Oxide,,,,,literature_mined,10.1073/pnas.0802878105,,,,a_10,
s_10.1073_FS_pnas.0802878105_InVitro.CB_2225,Aluminum Oxide,,,,,literature_mined,10.1073/pnas.0802878105,,,,a_10,
s_10.1073_FS_pnas.0802878105_InVitro.CB_2226,Aluminum Oxide,,,,,literature_mined,10.1073/pnas.0802878105,,,,a_10,
s_10.1073_FS_pnas.0802878105_InVitro.CB_2227,Aluminum Oxide,,,,,literature_mined,10.1073/pnas.0802878105,,,,a_10,
s_10.1073_FS_pnas.0802878105_InVitro.CB_2228,Aluminum Oxide,,,,,literature_mined,10.1073/pnas.0802878105,,,,a_10,
s_10.1073_FS_pnas.0802878105_InVitro.CB_2229,Aluminum Oxide,,,,,literature_mined,10.1073/pnas.0802878105,,,,a_10,
s_10.1073_FS_pnas.0802878105_InVitro.CB_2230,Aluminum Oxide,,,,,literature_mined,10.1073/pnas.0802878105,,,,a_10,
s_10.1073_FS_pnas.0802878105_InVitro.CB_2231,Aluminum Oxide,,,,,literature_mined,10.1073/pnas.0802878105,,,,a_10,
s_10.1073_FS_pnas.0802878105_InVitro.CB_2232,Aluminum Oxide,,,,,literature_mined,10.1073/pnas.0802878105,,,,a_10,
s_10.1073_FS_pnas.0802878105_InVitro.CB_2233,Aluminum Oxide,,,,,literature_mined,10.1073/pnas.0802878105,,,,a_10,
s_10.1073_FS_pnas.0802878105_InVitro.CB_2234,Aluminum Oxide,,,,,literature_mined,10.1073/pnas.0802878105,,,,a_10,
s_10.1073_FS_pnas.0802878105_InVitro.CB_2235,Aluminum Oxide,,,,,literature_mined,10.1073/pnas.0802878105,,,,a_10,
s_10.1073_FS_pnas.0802878105_InVitro.CB_2236,Aluminum Oxide,,,,,literature_mined,10.1073/pnas.0802878105,,,,a_10,
s_10.1073_FS_pnas.0802878105_InVitro.CB_2237,Aluminum Oxide,,,,,literature_mined,10.1073/pnas.0802878105,,,,a_10,
s_10.1073_FS_pnas.0802878105_InVitro.CB_2238,Aluminum Oxide,,,,,literature_mined,10.1073/pnas.0802878105,,,,a_10,
s_10.1073_FS_pnas.0802878105_InVitro.CB_2239,Aluminum Oxide,,,,,literature_mined,10.1073/pnas.0802878105,,,,a_10,
s_10.1073_FS_pnas.0802878105_InVitro.CB_2240,Aluminum Oxide,,,,,literature_mined,10.1073/pnas.0802878105,,,,a_10,
s_10.1073_FS_pnas.0802878105_InVitro.CB_2241,Aluminum Oxide,,,,,literature_mined,10.1073/pnas.0802878105,,,,a_10,
s_10.1073_FS_pnas.0802878105_InVitro.CB_2242,Aluminum Oxide,,,,,literature_mined,10.1073/pnas.0802878105,,,,a_10,
s_10.1073_FS_pnas.0802878105_InVitro.CB_2243,Aluminum Oxide,,,,,literature_mined,10.1073/pnas.0802878105,,,,a_10,
s_10.1073_FS_pnas.0802878105_InVitro.CB_2244,Aluminum Oxide,,,,,literature_mined,10.1073/pnas.0802878105,,,,a_10,
s_10.1073_FS_pnas.0802878105_InVitro.CB_2245,Aluminum Oxide,,,,,literature_mined,10.1073/pnas.0802878105,,,,a_10,
s_10.1073_FS_pnas.0802878105_InVitro.CB_2246,Aluminum Oxide,,,,,literature_mined,10.1073/pnas.0802878105,,,,a_10,
s_10.1073_FS_pnas.0802878105_InVitro.CB_2247,Aluminum Oxide,,,,,literature_mined,10.1073/pnas.0802878105,,,,a_10,
s_10.1073_FS_pnas.0802878105_InVitro.CB_2248,Aluminum Oxide,,,,,literature_mined,10.1073/pnas.0802878105,,,,a_10,
s_10.1073_FS_pnas.0802878105_InVitro.CB_2249,Aluminum Oxide,,,,,literature_mined,10.1073/pnas.0802878105,,,,a_10,
s_10.1073_FS_pnas.0802878105_InVitro.CB_2250,Aluminum Oxide,,,,,literature_mined,10.1073/pnas.0802878105,,,,a_10,
s_10.1073_FS_pnas.0802878105_InVitro.CB_2251,Aluminum Oxide,,,,,literature_mined,10.1073/pnas.0802878105,,,,a_10,
s_10.1073_FS_pnas.0802878105_InVitro.CB_2252,Aluminum Oxide,,,,,literature_mined,10.1073/pnas.0802878105,,,,a_10,
s_10.1073_FS_pnas.0802878105_InVitro.CB_2253,Aluminum Oxide,,,,,literature_mined,10.1073/pnas.0802878105,,,,a_10,
s_10.1073_FS_pnas.0802878105_InVitro.CB_2254,Aluminum Oxide,,,,,literature_mined,10.1073/pnas.0802878105,,,,a_10,
s_10.1073_FS_pnas.0802878105_InVitro.CB_2255,Aluminum Oxide,,,,,literature_mined,10.1073/pnas.0802878105,,,,a_10,
s_10.1073_FS_pnas.0802878105_InVitro.CB_2256,Aluminum Oxide,,,,,literature_mined,10.1073/pnas.0802878105,,,,a_10,
s_10.1073_FS_pnas.0802878105_InVitro.CB_2257,Aluminum Oxide,,,,,literature_mined,10.1073/pnas.0802878105,,,,a_10,
s_10.1073_FS_pnas.0802878105_InVitro.CB_2258,Aluminum Oxide,,,,,literature_mined,10.1073/pnas.0802878105,,,,a_10,
s_10.1073_FS_pnas.0802878105_InVitro.CB_2259,Aluminum Oxide,,,,,literature_mined,10.1073/pnas.0802878105,,,,a_10,
s_10.1073_FS_pnas.0802878105_InVitro.CB_2260,Aluminum Oxide,,,,,literature_mined,10.1073/pnas.0802878105,,,,a_10,
s_10.1073_FS_pnas.0802878105_InVitro.CB_2261,Aluminum Oxide,,,,,literature_mined,10.1073/pnas.0802878105,,,,a_10,
s_10.1073_FS_pnas.0802878105_InVitro.CB_2262,Aluminum Oxide,,,,,literature_mined,10.1073/pnas.0802878105,,,,a_10,
s_10.1073_FS_pnas.0802878105_InVitro.CB_2263,Aluminum Oxide,,,,,literature_mined,10.1073/pnas.0802878105,,,,a_10,
s_10.1073_FS_pnas.0802878105_InVitro.CB_2264,Aluminum Oxide,,,,,literature_mined,10.1073/pnas.0802878105,,,,a_10,
s_10.1073_FS_pnas.0802878105_InVitro.CB_2265,Aluminum Oxide,,,,,literature_mined,10.1073/pnas.0802878105,,,,a_10,
s_10.1073_FS_pnas.0802878105_InVitro.CB_2266,Aluminum Oxide,,,,,literature_mined,10.1073/pnas.0802878105,,,,a_10,
s_10.1073_FS_pnas.0802878105_InVitro.CB_2267,Aluminum Oxide,,,,,literature_mined,10.1073/pnas.0802878105,,,,a_10,
s_10.1073_FS_pnas.0802878105_InVitro.CB_2268,Aluminum Oxide,,,,,literature_mined,10.1073/pnas.0802878105,,,,a_10,
s_10.1073_FS_pnas.0802878105_InVitro.CB_2269,Aluminum Oxide,,,,,literature_mined,10.1073/pnas.0802878105,,,,a_10,
s_10.1073_FS_pnas.0802878105_InVitro.CB_2270,Aluminum Oxide,,,,,literature_mined,10.1073/pnas.0802878105,,,,a_10,
s_10.1073_FS_pnas.0802878105_InVitro.CB_2271,Aluminum Oxide,,,,,literature_mined,10.1073/pnas.0802878105,,,,a_10,
s_10.1073_FS_pnas.0802878105_InVitro.CB_2272,Aluminum Oxide,,,,,literature_mined,10.1073/pnas.0802878105,,,,a_10,
s_10.1073_FS_pnas.0802878105_InVitro.CB_2273,Aluminum Oxide,,,,,literature_mined,10.1073/pnas.0802878105,,,,a_10,
s_10.1073_FS_pnas.0802878105_InVitro.CB_2274,Aluminum Oxide,,,,,literature_mined,10.1073/pnas.0802878105,,,,a_10,
s_10.1073_FS_pnas.0802878105_InVitro.CB_2275,Aluminum Oxide,,,,,literature_mined,10.1073/pnas.0802878105,,,,a_10,
s_10.1073_FS_pnas.0802878105_InVitro.CB_2276,Aluminum Oxide,,,,,literature_mined,10.1073/pnas.0802878105,,,,a_10,
s_10.1073_FS_pnas.0802878105_InVitro.CB_2277,Aluminum Oxide,,,,,literature_mined,10.1073/pnas.0802878105,,,,a_10,
s_10.1073_FS_pnas.0802878105_InVitro.CB_2278,Aluminum Oxide,,,,,literature_mined,10.1073/pnas.0802878105,,,,a_10,
s_10.1073_FS_pnas.0802878105_InVitro.CB_2279,Aluminum Oxide,,,,,literature_mined,10.1073/pnas.0802878105,,,,a_10,
s_10.1073_FS_pnas.0802878105_InVitro.CB_2280,Aluminum Oxide,,,,,literature_mined,10.1073/pnas.0802878105,,,,a_10,
s_10.1073_FS_pnas.0802878105_InVitro.CB_2281,Aluminum Oxide,,,,,literature_mined,10.1073/pnas.0802878105,,,,a_10,
s_10.1073_FS_pnas.0802878105_InVitro.CB_2282,Aluminum Oxide,,,,,literature_mined,10.1073/pnas.0802878105,,,,a_10,
s_10.1073_FS_pnas.0802878105_InVitro.CB_2283,Aluminum Oxide,,,,,literature_mined,10.1073/pnas.0802878105,,,,a_10,
s_10.1073_FS_pnas.0802878105_InVitro.CB_2284,Aluminum Oxide,,,,,literature_mined,10.1073/pnas.0802878105,,,,a_10,
s_10.1073_FS_pnas.0802878105_InVitro.CB_2285,Aluminum Oxide,,,,,literature_mined,10.1073/pnas.0802878105,,,,a_10,
s_10.1073_FS_pnas.0802878105_InVitro.CB_2286,Aluminum Oxide,,,,,literature_mined,10.1073/pnas.0802878105,,,,a_10,
s_10.1073_FS_pnas.0802878105_InVitro.CB_2287,Aluminum Oxide,,,,,literature_mined,10.1073/pnas.0802878105,,,,a_10,
s_10.1073_FS_pnas.0802878105_InVitro.CB_2288,Aluminum Oxide,,,,,literature_mined,10.1073/pnas.0802878105,,,,a_10,
s_10.1073_FS_pnas.0802878105_InVitro.CB_2289,Aluminum Oxide,,,,,literature_mined,10.1073/pnas.0802878105,,,,a_10,
s_10.1073_FS_pnas.0802878105_InVitro.CB_2290,Aluminum Oxide,,,,,literature_mined,10.1073/pnas.0802878105,,,,a_10,
s_10.1073_FS_pnas.0802878105_InVitro.CB_2291,Aluminum Oxide,,,,,literature_mined,10.1073/pnas.0802878105,,,,a_10,
s_10.1073_FS_pnas.0802878105_InVitro.CB_2292,Aluminum Oxide,,,,,literature_mined,10.1073/pnas.0802878105,,,,a_10,
s_10.1073_FS_pnas.0802878105_InVitro.CB_2293,Aluminum Oxide,,,,,literature_mined,10.1073/pnas.0802878105,,,,a_10,
s_10.1073_FS_pnas.0802878105_InVitro.CB_2294,Aluminum Oxide,,,,,literature_mined,10.1073/pnas.0802878105,,,,a_10,
s_10.1073_FS_pnas.0802878105_InVitro.CB_2295,Aluminum Oxide,,,,,literature_mined,10.1073/pnas.0802878105,,,,a_10,
s_10.1073_FS_pnas.0802878105_InVitro.CB_2296,Aluminum Oxide,,,,,literature_mined,10.1073/pnas.0802878105,,,,a_10,
s_10.1073_FS_pnas.0802878105_InVitro.CB_2297,Aluminum Oxide,,,,,literature_mined,10.1073/pnas.0802878105,,,,a_10,
s_10.1073_FS_pnas.0802878105_InVitro.CB_2298,Aluminum Oxide,,,,,literature_mined,10.1073/pnas.0802878105,,,,a_10,
s_10.1073_FS_pnas.0802878105_InVitro.CB_2299,Aluminum Oxide,,,,,literature_mined,10.1073/pnas.0802878105,,,,a_10,
s_10.1073_FS_pnas.0802878105_InVitro.CB_2300,Aluminum Oxide,,,,,literature_mined,10.1073/pnas.0802878105,,,,a_10,
s_10.1073_FS_pnas.0802878105_InVitro.CB_2301,Aluminum Oxide,,,,,literature_mined,10.1073/pnas.0802878105,,,,a_10,
s_10.1073_FS_pnas.0802878105_InVitro.CB_2302,Aluminum Oxide,,,,,literature_mined,10.1073/pnas.0802878105,,,,a_10,
s_10.1073_FS_pnas.0802878105_InVitro.CB_2303,Aluminum Oxide,,,,,literature_mined,10.1073/pnas.0802878105,,,,a_10,
s_10.1073_FS_pnas.0802878105_InVitro.CB_2304,Aluminum Oxide,,,,,literature_mined,10.1073/pnas.0802878105,,,,a_10,
s_10.1073_FS_pnas.0802878105_InVitro.CB_2305,Aluminum Oxide,,,,,literature_mined,10.1073/pnas.0802878105,,,,a_10,
s_10.1073_FS_pnas.0802878105_InVitro.CB_2306,Aluminum Oxide,,,,,literature_mined,10.1073/pnas.0802878105,,,,a_10,
s_10.1073_FS_pnas.0802878105_InVitro.CB_2307,Aluminum Oxide,,,,,literature_mined,10.1073/pnas.0802878105,,,,a_10,
s_10.1073_FS_pnas.0802878105_InVitro.CB_2308,Aluminum Oxide,,,,,literature_mined,10.1073/pnas.0802878105,,,,a_10,
s_10.1073_FS_pnas.0802878105_InVitro.CB_2309,Aluminum Oxide,,,,,literature_mined,10.1073/pnas.0802878105,,,,a_10,
s_10.1073_FS_pnas.0802878105_InVitro.CB_2310,Aluminum Oxide,,,,,literature_mined,10.1073/pnas.0802878105,,,,a_10,
s_10.1073_FS_pnas.0802878105_InVitro.CB_2311,Aluminum Oxide,,,,,literature_mined,10.1073/pnas.0802878105,,,,a_10,
s_10.1073_FS_pnas.0802878105_InVitro.CB_2312,Aluminum Oxide,,,,,literature_mined,10.1073/pnas.0802878105,,,,a_10,
s_10.1073_FS_pnas.0802878105_InVitro.CB_2313,Aluminum Oxide,,,,,literature_mined,10.1073/pnas.0802878105,,,,a_10,
s_10.1073_FS_pnas.0802878105_InVitro.CB_2314,Aluminum Oxide,,,,,literature_mined,10.1073/pnas.0802878105,,,,a_10,
s_10.1073_FS_pnas.0802878105_InVitro.CB_2315,Aluminum Oxide,,,,,literature_mined,10.1073/pnas.0802878105,,,,a_10,
s_10.1073_FS_pnas.0802878105_InVitro.CB_2316,Aluminum Oxide,,,,,literature_mined,10.1073/pnas.0802878105,,,,a_10,
s_10.1073_FS_pnas.0802878105_InVitro.CB_2317,Aluminum Oxide,,,,,literature_mined,10.1073/pnas.0802878105,,,,a_10,
s_10.1073_FS_pnas.0802878105_InVitro.CB_2318,Aluminum Oxide,,,,,literature_mined,10.1073/pnas.0802878105,,,,a_10,
s_10.1073_FS_pnas.0802878105_InVitro.CB_2319,Aluminum Oxide,,,,,literature_mined,10.1073/pnas.0802878105,,,,a_10,
s_10.1073_FS_pnas.0802878105_InVitro.CB_2320,Aluminum Oxide,,,,,literature_mined,10.1073/pnas.0802878105,,,,a_10,
s_10.1073_FS_pnas.0802878105_InVitro.CB_2321,Aluminum Oxide,,,,,literature_mined,10.1073/pnas.0802878105,,,,a_10,
s_10.1073_FS_pnas.0802878105_InVitro.CB_2322,Aluminum Oxide,,,,,literature_mined,10.1073/pnas.0802878105,,,,a_10,
s_10.1073_FS_pnas.0802878105_InVitro.CB_2323,Aluminum Oxide,,,,,literature_mined,10.1073/pnas.0802878105,,,,a_10,
s_10.1073_FS_pnas.0802878105_InVitro.CB_2324,Aluminum Oxide,,,,,literature_mined,10.1073/pnas.0802878105,,,,a_10,
s_10.1073_FS_pnas.0802878105_InVitro.CB_2325,Aluminum Oxide,,,,,literature_mined,10.1073/pnas.0802878105,,,,a_10,
s_10.1073_FS_pnas.0802878105_InVitro.CB_2326,Aluminum Oxide,,,,,literature_mined,10.1073/pnas.0802878105,,,,a_10,
s_10.1073_FS_pnas.0802878105_InVitro.CB_2327,Aluminum Oxide,,,,,literature_mined,10.1073/pnas.0802878105,,,,a_10,
s_10.1073_FS_pnas.0802878105_InVitro.CB_2328,Aluminum Oxide,,,,,literature_mined,10.1073/pnas.0802878105,,,,a_10,
s_10.1073_FS_pnas.0802878105_InVitro.CB_2329,Aluminum Oxide,,,,,literature_mined,10.1073/pnas.0802878105,,,,a_10,
s_10.1073_FS_pnas.0802878105_InVitro.CB_2330,Aluminum Oxide,,,,,literature_mined,10.1073/pnas.0802878105,,,,a_10,
s_10.1073_FS_pnas.0802878105_InVitro.CB_2331,Aluminum Oxide,,,,,literature_mined,10.1073/pnas.0802878105,,,,a_10,
s_10.1073_FS_pnas.0802878105_InVitro.CB_2332,Aluminum Oxide,,,,,literature_mined,10.1073/pnas.0802878105,,,,a_10,
s_10.1073_FS_pnas.0802878105_InVitro.CB_2333,Aluminum Oxide,,,,,literature_mined,10.1073/pnas.0802878105,,,,a_10,
s_10.1073_FS_pnas.0802878105_InVitro.CB_2334,Aluminum Oxide,,,,,literature_mined,10.1073/pnas.0802878105,,,,a_10,
s_10.1073_FS_pnas.0802878105_InVitro.CB_2335,Aluminum Oxide,,,,,literature_mined,10.1073/pnas.0802878105,,,,a_10,
s_10.1073_FS_pnas.0802878105_InVitro.CB_2336,Aluminum Oxide,,,,,literature_mined,10.1073/pnas.0802878105,,,,a_10,
s_10.1073_FS_pnas.0802878105_InVitro.CB_2337,Aluminum Oxide,,,,,literature_mined,10.1073/pnas.0802878105,,,,a_10,
s_10.1073_FS_pnas.0802878105_InVitro.CB_2338,Aluminum Oxide,,,,,literature_mined,10.1073/pnas.0802878105,,,,a_10,
s_10.1073_FS_pnas.0802878105_InVitro.CB_2339,Aluminum Oxide,,,,,literature_mined,10.1073/pnas.0802878105,,,,a_10,
s_10.1073_FS_pnas.0802878105_InVitro.CB_2340,Aluminum Oxide,,,,,literature_mined,10.1073/pnas.0802878105,,,,a_10,
s_10.1073_FS_pnas.0802878105_InVitro.CB_2341,Aluminum Oxide,,,,,literature_mined,10.1073/pnas.0802878105,,,,a_10,
s_10.1073_FS_pnas.0802878105_InVitro.CB_2342,Aluminum Oxide,,,,,literature_mined,10.1073/pnas.0802878105,,,,a_10,
s_10.1073_FS_pnas.0802878105_InVitro.CB_2343,Aluminum Oxide,,,,,literature_mined,10.1073/pnas.0802878105,,,,a_10,
s_10.1073_FS_pnas.0802878105_InVitro.CB_2344,Aluminum Oxide,,,,,literature_mined,10.1073/pnas.0802878105,,,,a_10,
s_10.1073_FS_pnas.0802878105_InVitro.CB_2345,Aluminum Oxide,,,,,literature_mined,10.1073/pnas.0802878105,,,,a_10,
s_10.1073_FS_pnas.0802878105_InVitro.CB_2346,Aluminum Oxide,,,,,literature_mined,10.1073/pnas.0802878105,,,,a_10,
s_10.1073_FS_pnas.0802878105_InVitro.CB_2347,Aluminum Oxide,,,,,literature_mined,10.1073/pnas.0802878105,,,,a_10,
s_10.1073_FS_pnas.0802878105_InVitro.CB_2348,Aluminum Oxide,,,,,literature_mined,10.1073/pnas.0802878105,,,,a_10,
s_10.1073_FS_pnas.0802878105_InVitro.CB_2349,Aluminum Oxide,,,,,literature_mined,10.1073/pnas.0802878105,,,,a_10,
s_10.1073_FS_pnas.0802878105_InVitro.CB_2350,Aluminum Oxide,,,,,literature_mined,10.1073/pnas.0802878105,,,,a_10,
s_10.1073_FS_pnas.0802878105_InVitro.CB_2351,Aluminum Oxide,,,,,literature_mined,10.1073/pnas.0802878105,,,,a_10,
s_10.1073_FS_pnas.0802878105_InVitro.CB_2352,Aluminum Oxide,,,,,literature_mined,10.1073/pnas.0802878105,,,,a_10,
s_10.1073_FS_pnas.0802878105_InVitro.CB_2353,Aluminum Oxide,,,,,literature_mined,10.1073/pnas.0802878105,,,,a_10,
s_10.1073_FS_pnas.0802878105_InVitro.CB_2354,Aluminum Oxide,,,,,literature_mined,10.1073/pnas.0802878105,,,,a_10,
s_10.1073_FS_pnas.0802878105_InVitro.CB_2355,Aluminum Oxide,,,,,literature_mined,10.1073/pnas.0802878105,,,,a_10,
s_10.1073_FS_pnas.0802878105_InVitro.CB_2356,Aluminum Oxide,,,,,literature_mined,10.1073/pnas.0802878105,,,,a_10,
s_10.1073_FS_pnas.0802878105_InVitro.CB_2357,Aluminum Oxide,,,,,literature_mined,10.1073/pnas.0802878105,,,,a_10,
s_10.1073_FS_pnas.0802878105_InVitro.CB_2358,Aluminum Oxide,,,,,literature_mined,10.1073/pnas.0802878105,,,,a_10,
s_10.1073_FS_pnas.0802878105_InVitro.CB_2359,Aluminum Oxide,,,,,literature_mined,10.1073/pnas.0802878105,,,,a_10,
s_10.1073_FS_pnas.0802878105_InVitro.CB_2360,Aluminum Oxide,,,,,literature_mined,10.1073/pnas.0802878105,,,,a_10,
s_10.1073_FS_pnas.0802878105_InVitro.CB_2361,Aluminum Oxide,,,,,literature_mined,10.1073/pnas.0802878105,,,,a_10,
s_10.1073_FS_pnas.0802878105_InVitro.CB_2362,Aluminum Oxide,,,,,literature_mined,10.1073/pnas.0802878105,,,,a_10,
s_10.1073_FS_pnas.0802878105_InVitro.CB_2363,Aluminum Oxide,,,,,literature_mined,10.1073/pnas.0802878105,,,,a_10,
s_10.1073_FS_pnas.0802878105_InVitro.CB_2364,Aluminum Oxide,,,,,literature_mined,10.1073/pnas.0802878105,,,,a_10,
s_10.1073_FS_pnas.0802878105_InVitro.CB_2365,Aluminum Oxide,,,,,literature_mined,10.1073/pnas.0802878105,,,,a_10,
s_10.1073_FS_pnas.0802878105_InVitro.CB_2366,Aluminum Oxide,,,,,literature_mined,10.1073/pnas.0802878105,,,,a_10,
s_10.1073_FS_pnas.0802878105_InVitro.CB_2367,Aluminum Oxide,,,,,literature_mined,10.1073/pnas.0802878105,,,,a_10,
s_10.1073_FS_pnas.0802878105_InVitro.CB_2368,Aluminum Oxide,,,,,literature_mined,10.1073/pnas.0802878105,,,,a_10,
s_10.1073_FS_pnas.0802878105_InVitro.CB_2369,Aluminum Oxide,,,,,literature_mined,10.1073/pnas.0802878105,,,,a_10,
s_10.1073_FS_pnas.0802878105_InVitro.CB_2370,Aluminum Oxide,,,,,literature_mined,10.1073/pnas.0802878105,,,,a_10,
s_10.1073_FS_pnas.0802878105_InVitro.CB_2371,Aluminum Oxide,,,,,literature_mined,10.1073/pnas.0802878105,,,,a_10,
s_10.1073_FS_pnas.0802878105_InVitro.CB_2372,Aluminum Oxide,,,,,literature_mined,10.1073/pnas.0802878105,,,,a_10,
s_10.1073_FS_pnas.0802878105_InVitro.CB_2373,Aluminum Oxide,,,,,literature_mined,10.1073/pnas.0802878105,,,,a_10,
s_10.1073_FS_pnas.0802878105_InVitro.CB_2374,Aluminum Oxide,,,,,literature_mined,10.1073/pnas.0802878105,,,,a_10,
s_10.1073_FS_pnas.0802878105_InVitro.CB_2375,Aluminum Oxide,,,,,literature_mined,10.1073/pnas.0802878105,,,,a_10,
s_10.1073_FS_pnas.0802878105_InVitro.CB_2376,Aluminum Oxide,,,,,literature_mined,10.1073/pnas.0802878105,,,,a_10,
s_10.1073_FS_pnas.0802878105_InVitro.CB_2377,Aluminum Oxide,,,,,literature_mined,10.1073/pnas.0802878105,,,,a_10,
s_10.1073_FS_pnas.0802878105_InVitro.CB_2378,Aluminum Oxide,,,,,literature_mined,10.1073/pnas.0802878105,,,,a_10,
s_10.1073_FS_pnas.0802878105_InVitro.CB_2379,Aluminum Oxide,,,,,literature_mined,10.1073/pnas.0802878105,,,,a_10,
s_10.1073_FS_pnas.0802878105_InVitro.CB_2380,Aluminum Oxide,,,,,literature_mined,10.1073/pnas.0802878105,,,,a_10,
s_10.1073_FS_pnas.0802878105_InVitro.CB_2381,Aluminum Oxide,,,,,literature_mined,10.1073/pnas.0802878105,,,,a_10,
s_10.1073_FS_pnas.0802878105_InVitro.CB_2382,Aluminum Oxide,,,,,literature_mined,10.1073/pnas.0802878105,,,,a_10,
s_10.1073_FS_pnas.0802878105_InVitro.CB_2383,Aluminum Oxide,,,,,literature_mined,10.1073/pnas.0802878105,,,,a_10,
s_10.1073_FS_pnas.0802878105_InVitro.CB_2384,Aluminum Oxide,,,,,literature_mined,10.1073/pnas.0802878105,,,,a_10,
s_10.1073_FS_pnas.0802878105_InVitro.CB_2385,Aluminum Oxide,,,,,literature_mined,10.1073/pnas.0802878105,,,,a_10,
s_10.1073_FS_pnas.0802878105_InVitro.CB_2386,Aluminum Oxide,,,,,literature_mined,10.1073/pnas.0802878105,,,,a_10,
s_10.1073_FS_pnas.0802878105_InVitro.CB_2387,Aluminum Oxide,,,,,literature_mined,10.1073/pnas.0802878105,,,,a_10,
s_10.1073_FS_pnas.0802878105_InVitro.CB_2388,Aluminum Oxide,,,,,literature_mined,10.1073/pnas.0802878105,,,,a_10,
s_10.1073_FS_pnas.0802878105_InVitro.CB_2389,Aluminum Oxide,,,,,literature_mined,10.1073/pnas.0802878105,,,,a_10,
s_10.1073_FS_pnas.0802878105_InVitro.CB_2390,Aluminum Oxide,,,,,literature_mined,10.1073/pnas.0802878105,,,,a_10,
s_10.1073_FS_pnas.0802878105_InVitro.CB_2391,Aluminum Oxide,,,,,literature_mined,10.1073/pnas.0802878105,,,,a_10,
s_10.1073_FS_pnas.0802878105_InVitro.CB_2392,Aluminum Oxide,,,,,literature_mined,10.1073/pnas.0802878105,,,,a_10,
s_10.1073_FS_pnas.0802878105_InVitro.CB_2393,Aluminum Oxide,,,,,literature_mined,10.1073/pnas.0802878105,,,,a_10,
s_10.1073_FS_pnas.0802878105_InVitro.CB_2394,Aluminum Oxide,,,,,literature_mined,10.1073/pnas.0802878105,,,,a_10,
s_10.1073_FS_pnas.0802878105_InVitro.CB_2395,Aluminum Oxide,,,,,literature_mined,10.1073/pnas.0802878105,,,,a_10,
s_10.1073_FS_pnas.0802878105_InVitro.CB_2396,Aluminum Oxide,,,,,literature_mined,10.1073/pnas.0802878105,,,,a_10,
s_10.1073_FS_pnas.0802878105_InVitro.CB_2397,Aluminum Oxide,,,,,literature_mined,10.1073/pnas.0802878105,,,,a_10,
s_10.1073_FS_pnas.0802878105_InVitro.CB_2398,Aluminum Oxide,,,,,literature_mined,10.1073/pnas.0802878105,,,,a_10,
s_10.1073_FS_pnas.0802878105_InVitro.CB_2399,Aluminum Oxide,,,,,literature_mined,10.1073/pnas.0802878105,,,,a_10,
s_10.1073_FS_pnas.0802878105_InVitro.CB_2400,Aluminum Oxide,,,,,literature_mined,10.1073/pnas.0802878105,,,,a_10,
s_10.1073_FS_pnas.0802878105_InVitro.CB_2401,Aluminum Oxide,,,,,literature_mined,10.1073/pnas.0802878105,,,,a_10,
s_10.1073_FS_pnas.0802878105_InVitro.CB_2402,Aluminum Oxide,,,,,literature_mined,10.1073/pnas.0802878105,,,,a_10,
s_10.1073_FS_pnas.0802878105_InVitro.CB_2403,Aluminum Oxide,,,,,literature_mined,10.1073/pnas.0802878105,,,,a_10,
s_10.1073_FS_pnas.0802878105_InVitro.CB_2404,Aluminum Oxide,,,,,literature_mined,10.1073/pnas.0802878105,,,,a_10,
s_10.1073_FS_pnas.0802878105_InVitro.CB_2405,Aluminum Oxide,,,,,literature_mined,10.1073/pnas.0802878105,,,,a_10,
s_10.1073_FS_pnas.0802878105_InVitro.CB_2406,Aluminum Oxide,,,,,literature_mined,10.1073/pnas.0802878105,,,,a_10,
s_10.1073_FS_pnas.0802878105_InVitro.CB_2407,Aluminum Oxide,,,,,literature_mined,10.1073/pnas.0802878105,,,,a_10,
s_10.1073_FS_pnas.0802878105_InVitro.CB_2408,Aluminum Oxide,,,,,literature_mined,10.1073/pnas.0802878105,,,,a_10,
s_10.1073_FS_pnas.0802878105_InVitro.CB_2409,Aluminum Oxide,,,,,literature_mined,10.1073/pnas.0802878105,,,,a_10,
s_10.1073_FS_pnas.0802878105_InVitro.CB_2410,Aluminum Oxide,,,,,literature_mined,10.1073/pnas.0802878105,,,,a_10,
s_10.1073_FS_pnas.0802878105_InVitro.CB_2411,Aluminum Oxide,,,,,literature_mined,10.1073/pnas.0802878105,,,,a_10,
s_10.1073_FS_pnas.0802878105_InVitro.CB_2412,Aluminum Oxide,,,,,literature_mined,10.1073/pnas.0802878105,,,,a_10,
s_10.1073_FS_pnas.0802878105_InVitro.CB_2413,Aluminum Oxide,,,,,literature_mined,10.1073/pnas.0802878105,,,,a_10,
s_10.1073_FS_pnas.0802878105_InVitro.CB_2414,Aluminum Oxide,,,,,literature_mined,10.1073/pnas.0802878105,,,,a_10,
s_10.1073_FS_pnas.0802878105_InVitro.CB_2415,Aluminum Oxide,,,,,literature_mined,10.1073/pnas.0802878105,,,,a_10,
s_10.1073_FS_pnas.0802878105_InVitro.CB_2416,Aluminum Oxide,,,,,literature_mined,10.1073/pnas.0802878105,,,,a_10,
s_10.1073_FS_pnas.0802878105_InVitro.CB_2417,Aluminum Oxide,,,,,literature_mined,10.1073/pnas.0802878105,,,,a_10,
s_10.1073_FS_pnas.0802878105_InVitro.CB_2418,Aluminum Oxide,,,,,literature_mined,10.1073/pnas.0802878105,,,,a_10,
s_10.1073_FS_pnas.0802878105_InVitro.CB_2419,Aluminum Oxide,,,,,literature_mined,10.1073/pnas.0802878105,,,,a_10,
s_10.1073_FS_pnas.0802878105_InVitro.CB_2420,Aluminum Oxide,,,,,literature_mined,10.1073/pnas.0802878105,,,,a_10,
s_10.1073_FS_pnas.0802878105_InVitro.CB_2421,Aluminum Oxide,,,,,literature_mined,10.1073/pnas.0802878105,,,,a_10,
s_10.1073_FS_pnas.0802878105_InVitro.CB_2422,Aluminum Oxide,,,,,literature_mined,10.1073/pnas.0802878105,,,,a_10,
s_10.1073_FS_pnas.0802878105_InVitro.CB_2423,Aluminum Oxide,,,,,literature_mined,10.1073/pnas.0802878105,,,,a_10,
s_10.1073_FS_pnas.0802878105_InVitro.CB_2424,Aluminum Oxide,,,,,literature_mined,10.1073/pnas.0802878105,,,,a_10,
s_10.1073_FS_pnas.0802878105_InVitro.CB_2425,Aluminum Oxide,,,,,literature_mined,10.1073/pnas.0802878105,,,,a_10,
s_10.1073_FS_pnas.0802878105_InVitro.CB_2426,Aluminum Oxide,,,,,literature_mined,10.1073/pnas.0802878105,,,,a_10,
s_10.1073_FS_pnas.0802878105_InVitro.CB_2427,Aluminum Oxide,,,,,literature_mined,10.1073/pnas.0802878105,,,,a_10,
s_10.1073_FS_pnas.0802878105_InVitro.CB_2428,Aluminum Oxide,,,,,literature_mined,10.1073/pnas.0802878105,,,,a_10,
s_10.1073_FS_pnas.0802878105_InVitro.CB_2429,Aluminum Oxide,,,,,literature_mined,10.1073/pnas.0802878105,,,,a_10,
s_10.1073_FS_pnas.0802878105_InVitro.CB_2430,Aluminum Oxide,,,,,literature_mined,10.1073/pnas.0802878105,,,,a_10,
s_10.1073_FS_pnas.0802878105_InVitro.CB_2431,Aluminum Oxide,,,,,literature_mined,10.1073/pnas.0802878105,,,,a_10,
s_10.1073_FS_pnas.0802878105_InVitro.CB_2432,Aluminum Oxide,,,,,literature_mined,10.1073/pnas.0802878105,,,,a_10,
s_10.1073_FS_pnas.0802878105_InVitro.CB_2433,Aluminum Oxide,,,,,literature_mined,10.1073/pnas.0802878105,,,,a_10,
s_10.1073_FS_pnas.0802878105_InVitro.CB_2434,Aluminum Oxide,,,,,literature_mined,10.1073/pnas.0802878105,,,,a_10,
s_10.1073_FS_pnas.0802878105_InVitro.CB_2435,Aluminum Oxide,,,,,literature_mined,10.1073/pnas.0802878105,,,,a_10,
s_10.1073_FS_pnas.0802878105_InVitro.CB_2436,Aluminum Oxide,,,,,literature_mined,10.1073/pnas.0802878105,,,,a_10,
s_10.1073_FS_pnas.0802878105_InVitro.CB_2437,Aluminum Oxide,,,,,literature_mined,10.1073/pnas.0802878105,,,,a_10,
s_10.1073_FS_pnas.0802878105_InVitro.CB_2438,Aluminum Oxide,,,,,literature_mined,10.1073/pnas.0802878105,,,,a_10,
s_10.1073_FS_pnas.0802878105_InVitro.CB_2439,Aluminum Oxide,,,,,literature_mined,10.1073/pnas.0802878105,,,,a_10,
s_10.1073_FS_pnas.0802878105_InVitro.CB_2440,Aluminum Oxide,,,,,literature_mined,10.1073/pnas.0802878105,,,,a_10,
s_10.1073_FS_pnas.0802878105_InVitro.CB_2441,Aluminum Oxide,,,,,literature_mined,10.1073/pnas.0802878105,,,,a_10,
s_10.1073_FS_pnas.0802878105_InVitro.CB_2442,Aluminum Oxide,,,,,literature_mined,10.1073/pnas.0802878105,,,,a_10,
s_10.1073_FS_pnas.0802878105_InVitro.CB_2443,Aluminum Oxide,,,,,literature_mined,10.1073/pnas.0802878105,,,,a_10,
s_10.1073_FS_pnas.0802878105_InVitro.CB_2444,Aluminum Oxide,,,,,literature_mined,10.1073/pnas.0802878105,,,,a_10,
s_10.1073_FS_pnas.0802878105_InVitro.CB_2445,Aluminum Oxide,,,,,literature_mined,10.1073/pnas.0802878105,,,,a_10,
s_10.1073_FS_pnas.0802878105_InVitro.CB_2446,Aluminum Oxide,,,,,literature_mined,10.1073/pnas.0802878105,,,,a_10,
s_10.1073_FS_pnas.0802878105_InVitro.CB_2447,Aluminum Oxide,,,,,literature_mined,10.1073/pnas.0802878105,,,,a_10,
s_10.1073_FS_pnas.0802878105_InVitro.CB_2448,Aluminum Oxide,,,,,literature_mined,10.1073/pnas.0802878105,,,,a_10,
s_10.1073_FS_pnas.0802878105_InVitro.CB_2449,Aluminum Oxide,,,,,literature_mined,10.1073/pnas.0802878105,,,,a_10,
s_10.1073_FS_pnas.0802878105_InVitro.CB_2450,Aluminum Oxide,,,,,literature_mined,10.1073/pnas.0802878105,,,,a_10,
s_10.1073_FS_pnas.0802878105_InVitro.CB_2451,Aluminum Oxide,,,,,literature_mined,10.1073/pnas.0802878105,,,,a_10,
s_10.1073_FS_pnas.0802878105_InVitro.CB_2452,Aluminum Oxide,,,,,literature_mined,10.1073/pnas.0802878105,,,,a_10,
s_10.1073_FS_pnas.0802878105_InVitro.CB_2453,Aluminum Oxide,,,,,literature_mined,10.1073/pnas.0802878105,,,,a_10,
s_10.1073_FS_pnas.0802878105_InVitro.CB_2454,Aluminum Oxide,,,,,literature_mined,10.1073/pnas.0802878105,,,,a_10,
s_10.1073_FS_pnas.0802878105_InVitro.CB_2455,Aluminum Oxide,,,,,literature_mined,10.1073/pnas.0802878105,,,,a_10,
s_10.1073_FS_pnas.0802878105_InVitro.CB_2456,Aluminum Oxide,,,,,literature_mined,10.1073/pnas.0802878105,,,,a_10,
s_10.1073_FS_pnas.0802878105_InVitro.CB_2457,Aluminum Oxide,,,,,literature_mined,10.1073/pnas.0802878105,,,,a_10,
s_10.1073_FS_pnas.0802878105_InVitro.CB_2458,Aluminum Oxide,,,,,literature_mined,10.1073/pnas.0802878105,,,,a_10,
s_10.1073_FS_pnas.0802878105_InVitro.CB_2459,Aluminum Oxide,,,,,literature_mined,10.1073/pnas.0802878105,,,,a_10,
s_10.1073_FS_pnas.0802878105_InVitro.CB_2460,Aluminum Oxide,,,,,literature_mined,10.1073/pnas.0802878105,,,,a_10,
s_10.1073_FS_pnas.0802878105_InVitro.CB_2461,Aluminum Oxide,,,,,literature_mined,10.1073/pnas.0802878105,,,,a_10,
s_10.1073_FS_pnas.0802878105_InVitro.CB_2462,Aluminum Oxide,,,,,literature_mined,10.1073/pnas.0802878105,,,,a_10,
s_10.1073_FS_pnas.0802878105_InVitro.CB_2463,Aluminum Oxide,,,,,literature_mined,10.1073/pnas.0802878105,,,,a_10,
s_10.1073_FS_pnas.0802878105_InVitro.CB_2464,Aluminum Oxide,,,,,literature_mined,10.1073/pnas.0802878105,,,,a_10,
s_10.1073_FS_pnas.0802878105_InVitro.CB_2465,Aluminum Oxide,,,,,literature_mined,10.1073/pnas.0802878105,,,,a_10,
s_10.1073_FS_pnas.0802878105_InVitro.CB_2466,Aluminum Oxide,,,,,literature_mined,10.1073/pnas.0802878105,,,,a_10,
s_10.1073_FS_pnas.0802878105_InVitro.CB_2467,Aluminum Oxide,,,,,literature_mined,10.1073/pnas.0802878105,,,,a_10,
s_10.1073_FS_pnas.0802878105_InVitro.CB_2468,Aluminum Oxide,,,,,literature_mined,10.1073/pnas.0802878105,,,,a_10,
s_10.1073_FS_pnas.0802878105_InVitro.CB_2469,Aluminum Oxide,,,,,literature_mined,10.1073/pnas.0802878105,,,,a_10,
s_10.1073_FS_pnas.0802878105_InVitro.CB_2470,Aluminum Oxide,,,,,literature_mined,10.1073/pnas.0802878105,,,,a_10,
s_10.1073_FS_pnas.0802878105_InVitro.CB_2471,Aluminum Oxide,,,,,literature_mined,10.1073/pnas.0802878105,,,,a_10,
s_10.1073_FS_pnas.0802878105_InVitro.CB_2472,Aluminum Oxide,,,,,literature_mined,10.1073/pnas.0802878105,,,,a_10,
s_10.1073_FS_pnas.0802878105_InVitro.CB_2473,Aluminum Oxide,,,,,literature_mined,10.1073/pnas.0802878105,,,,a_10,
s_10.1073_FS_pnas.0802878105_InVitro.CB_2474,Aluminum Oxide,,,,,literature_mined,10.1073/pnas.0802878105,,,,a_10,
s_10.1073_FS_pnas.0802878105_InVitro.CB_2475,Aluminum Oxide,,,,,literature_mined,10.1073/pnas.0802878105,,,,a_10,
s_10.1073_FS_pnas.0802878105_InVitro.CB_2476,Aluminum Oxide,,,,,literature_mined,10.1073/pnas.0802878105,,,,a_10,
s_10.1073_FS_pnas.0802878105_InVitro.CB_2477,Aluminum Oxide,,,,,literature_mined,10.1073/pnas.0802878105,,,,a_10,
s_10.1073_FS_pnas.0802878105_InVitro.CB_2478,Aluminum Oxide,,,,,literature_mined,10.1073/pnas.0802878105,,,,a_10,
s_10.1073_FS_pnas.0802878105_InVitro.CB_2479,Aluminum Oxide,,,,,literature_mined,10.1073/pnas.0802878105,,,,a_10,
s_10.1073_FS_pnas.0802878105_InVitro.CB_2480,Aluminum Oxide,,,,,literature_mined,10.1073/pnas.0802878105,,,,a_10,
s_10.1073_FS_pnas.0802878105_InVitro.CB_2481,Aluminum Oxide,,,,,literature_mined,10.1073/pnas.0802878105,,,,a_10,
s_10.1073_FS_pnas.0802878105_InVitro.CB_2482,Aluminum Oxide,,,,,literature_mined,10.1073/pnas.0802878105,,,,a_10,
s_10.1073_FS_pnas.0802878105_InVitro.CB_2483,Aluminum Oxide,,,,,literature_mined,10.1073/pnas.0802878105,,,,a_10,
s_10.1073_FS_pnas.0802878105_InVitro.CB_2484,Aluminum Oxide,,,,,literature_mined,10.1073/pnas.0802878105,,,,a_10,
s_10.1073_FS_pnas.0802878105_InVitro.CB_2485,Aluminum Oxide,,,,,literature_mined,10.1073/pnas.0802878105,,,,a_10,
s_10.1073_FS_pnas.0802878105_InVitro.CB_2486,Aluminum Oxide,,,,,literature_mined,10.1073/pnas.0802878105,,,,a_10,
s_10.1073_FS_pnas.0802878105_InVitro.CB_2487,Aluminum Oxide,,,,,literature_mined,10.1073/pnas.0802878105,,,,a_10,
s_10.1073_FS_pnas.0802878105_InVitro.CB_2488,Aluminum Oxide,,,,,literature_mined,10.1073/pnas.0802878105,,,,a_10,
s_10.1073_FS_pnas.0802878105_InVitro.CB_2489,Aluminum Oxide,,,,,literature_mined,10.1073/pnas.0802878105,,,,a_10,
s_10.1073_FS_pnas.0802878105_InVitro.CB_2490,Aluminum Oxide,,,,,literature_mined,10.1073/pnas.0802878105,,,,a_10,
s_10.1073_FS_pnas.0802878105_InVitro.CB_2491,Aluminum Oxide,,,,,literature_mined,10.1073/pnas.0802878105,,,,a_10,
s_10.1073_FS_pnas.0802878105_InVitro.CB_2492,Aluminum Oxide,,,,,literature_mined,10.1073/pnas.0802878105,,,,a_10,
s_10.1073_FS_pnas.0802878105_InVitro.CB_2493,Aluminum Oxide,,,,,literature_mined,10.1073/pnas.0802878105,,,,a_10,
s_10.1073_FS_pnas.0802878105_InVitro.CB_2494,Aluminum Oxide,,,,,literature_mined,10.1073/pnas.0802878105,,,,a_10,
s_10.1073_FS_pnas.0802878105_InVitro.CB_2495,Aluminum Oxide,,,,,literature_mined,10.1073/pnas.0802878105,,,,a_10,
s_10.1073_FS_pnas.0802878105_InVitro.CB_2496,Aluminum Oxide,,,,,literature_mined,10.1073/pnas.0802878105,,,,a_10,
s_10.1073_FS_pnas.0802878105_InVitro.CB_2497,Aluminum Oxide,,,,,literature_mined,10.1073/pnas.0802878105,,,,a_10,
s_10.1073_FS_pnas.0802878105_InVitro.CB_2498,Aluminum Oxide,,,,,literature_mined,10.1073/pnas.0802878105,,,,a_10,
s_10.1073_FS_pnas.0802878105_InVitro.CB_2499,Aluminum Oxide,,,,,literature_mined,10.1073/pnas.0802878105,,,,a_10,
s_10.1073_FS_pnas.0802878105_InVitro.CB_2500,Aluminum Oxide,,,,,literature_mined,10.1073/pnas.0802878105,,,,a_10,
s_10.1073_FS_pnas.0802878105_InVitro.CB_2501,Aluminum Oxide,,,,,literature_mined,10.1073/pnas.0802878105,,,,a_10,
s_10.1073_FS_pnas.0802878105_InVitro.CB_2502,Aluminum Oxide,,,,,literature_mined,10.1073/pnas.0802878105,,,,a_10,
s_10.1073_FS_pnas.0802878105_InVitro.CB_2503,Aluminum Oxide,,,,,literature_mined,10.1073/pnas.0802878105,,,,a_10,
s_10.1073_FS_pnas.0802878105_InVitro.CB_2504,Aluminum Oxide,,,,,literature_mined,10.1073/pnas.0802878105,,,,a_10,
s_10.1073_FS_pnas.0802878105_InVitro.CB_2505,Aluminum Oxide,,,,,literature_mined,10.1073/pnas.0802878105,,,,a_10,
s_10.1073_FS_pnas.0802878105_InVitro.CB_2506,Aluminum Oxide,,,,,literature_mined,10.1073/pnas.0802878105,,,,a_10,
s_10.1073_FS_pnas.0802878105_InVitro.CB_2507,Aluminum Oxide,,,,,literature_mined,10.1073/pnas.0802878105,,,,a_10,
s_10.1073_FS_pnas.0802878105_InVitro.CB_2508,Aluminum Oxide,,,,,literature_mined,10.1073/pnas.0802878105,,,,a_10,
s_10.1073_FS_pnas.0802878105_InVitro.CB_2509,Aluminum Oxide,,,,,literature_mined,10.1073/pnas.0802878105,,,,a_10,
s_10.1073_FS_pnas.0802878105_InVitro.CB_2510,Aluminum Oxide,,,,,literature_mined,10.1073/pnas.0802878105,,,,a_10,
s_10.1073_FS_pnas.0802878105_InVitro.CB_2511,Aluminum Oxide,,,,,literature_mined,10.1073/pnas.0802878105,,,,a_10,
s_10.1073_FS_pnas.0802878105_InVitro.CB_2512,Aluminum Oxide,,,,,literature_mined,10.1073/pnas.0802878105,,,,a_10,
s_10.1073_FS_pnas.0802878105_InVitro.CB_2513,Aluminum Oxide,,,,,literature_mined,10.1073/pnas.0802878105,,,,a_10,
s_10.1073_FS_pnas.0802878105_InVitro.CB_2514,Aluminum Oxide,,,,,literature_mined,10.1073/pnas.0802878105,,,,a_10,
s_10.1073_FS_pnas.0802878105_InVitro.CB_2515,Aluminum Oxide,,,,,literature_mined,10.1073/pnas.0802878105,,,,a_10,
s_10.1073_FS_pnas.0802878105_InVitro.CB_2516,Aluminum Oxide,,,,,literature_mined,10.1073/pnas.0802878105,,,,a_10,
s_10.1073_FS_pnas.0802878105_InVitro.CB_2517,Aluminum Oxide,,,,,literature_mined,10.1073/pnas.0802878105,,,,a_10,
s_10.1073_FS_pnas.0802878105_InVitro.CB_2518,Aluminum Oxide,,,,,literature_mined,10.1073/pnas.0802878105,,,,a_10,
s_10.1073_FS_pnas.0802878105_InVitro.CB_2519,Aluminum Oxide,,,,,literature_mined,10.1073/pnas.0802878105,,,,a_10,
s_10.1073_FS_pnas.0802878105_InVitro.CB_2520,Aluminum Oxide,,,,,literature_mined,10.1073/pnas.0802878105,,,,a_10,
s_10.1073_FS_pnas.0802878105_InVitro.CB_2521,Aluminum Oxide,,,,,literature_mined,10.1073/pnas.0802878105,,,,a_10,
s_10.1073_FS_pnas.0802878105_InVitro.CB_2522,Aluminum Oxide,,,,,literature_mined,10.1073/pnas.0802878105,,,,a_10,
s_10.1073_FS_pnas.0802878105_InVitro.CB_2523,Aluminum Oxide,,,,,literature_mined,10.1073/pnas.0802878105,,,,a_10,
s_10.1073_FS_pnas.0802878105_InVitro.CB_2524,Aluminum Oxide,,,,,literature_mined,10.1073/pnas.0802878105,,,,a_10,
s_10.1073_FS_pnas.0802878105_InVitro.CB_2525,Aluminum Oxide,,,,,literature_mined,10.1073/pnas.0802878105,,,,a_10,
s_10.1073_FS_pnas.0802878105_InVitro.CB_2526,Aluminum Oxide,,,,,literature_mined,10.1073/pnas.0802878105,,,,a_10,
s_10.1073_FS_pnas.0802878105_InVitro.CB_2527,Aluminum Oxide,,,,,literature_mined,10.1073/pnas.0802878105,,,,a_10,
s_10.1073_FS_pnas.0802878105_InVitro.CB_2528,Aluminum Oxide,,,,,literature_mined,10.1073/pnas.0802878105,,,,a_10,
s_10.1073_FS_pnas.0802878105_InVitro.CB_2529,Aluminum Oxide,,,,,literature_mined,10.1073/pnas.0802878105,,,,a_10,
s_10.1073_FS_pnas.0802878105_InVitro.CB_2530,Aluminum Oxide,,,,,literature_mined,10.1073/pnas.0802878105,,,,a_10,
s_10.1073_FS_pnas.0802878105_InVitro.CB_2531,Aluminum Oxide,,,,,literature_mined,10.1073/pnas.0802878105,,,,a_10,
s_10.1073_FS_pnas.0802878105_InVitro.CB_2532,Aluminum Oxide,,,,,literature_mined,10.1073/pnas.0802878105,,,,a_10,
s_10.1073_FS_pnas.0802878105_InVitro.CB_2533,Aluminum Oxide,,,,,literature_mined,10.1073/pnas.0802878105,,,,a_10,
s_10.1073_FS_pnas.0802878105_InVitro.CB_2534,Aluminum Oxide,,,,,literature_mined,10.1073/pnas.0802878105,,,,a_10,
s_10.1073_FS_pnas.0802878105_InVitro.CB_2535,Aluminum Oxide,,,,,literature_mined,10.1073/pnas.0802878105,,,,a_10,
s_10.1073_FS_pnas.0802878105_InVitro.CB_2536,Aluminum Oxide,,,,,literature_mined,10.1073/pnas.0802878105,,,,a_10,
s_10.1073_FS_pnas.0802878105_InVitro.CB_2537,Aluminum Oxide,,,,,literature_mined,10.1073/pnas.0802878105,,,,a_10,
s_10.1073_FS_pnas.0802878105_InVitro.CB_2538,Aluminum Oxide,,,,,literature_mined,10.1073/pnas.0802878105,,,,a_10,
s_10.1073_FS_pnas.0802878105_InVitro.CB_2539,Aluminum Oxide,,,,,literature_mined,10.1073/pnas.0802878105,,,,a_10,
s_10.1073_FS_pnas.0802878105_InVitro.CB_2540,Aluminum Oxide,,,,,literature_mined,10.1073/pnas.0802878105,,,,a_10,
s_10.1073_FS_pnas.0802878105_InVitro.CB_2541,Aluminum Oxide,,,,,literature_mined,10.1073/pnas.0802878105,,,,a_10,
s_10.1073_FS_pnas.0802878105_InVitro.CB_2542,Aluminum Oxide,,,,,literature_mined,10.1073/pnas.0802878105,,,,a_10,
s_10.1073_FS_pnas.0802878105_InVitro.CB_2543,Aluminum Oxide,,,,,literature_mined,10.1073/pnas.0802878105,,,,a_10,
s_10.1073_FS_pnas.0802878105_InVitro.CB_2544,Aluminum Oxide,,,,,literature_mined,10.1073/pnas.0802878105,,,,a_10,
s_10.1073_FS_pnas.0802878105_InVitro.CB_2545,Aluminum Oxide,,,,,literature_mined,10.1073/pnas.0802878105,,,,a_10,
s_10.1073_FS_pnas.0802878105_InVitro.CB_2546,Aluminum Oxide,,,,,literature_mined,10.1073/pnas.0802878105,,,,a_10,
s_10.1073_FS_pnas.0802878105_InVitro.CB_2547,Aluminum Oxide,,,,,literature_mined,10.1073/pnas.0802878105,,,,a_10,
s_10.1073_FS_pnas.0802878105_InVitro.CB_2548,Aluminum Oxide,,,,,literature_mined,10.1073/pnas.0802878105,,,,a_10,
s_10.1073_FS_pnas.0802878105_InVitro.CB_2549,Aluminum Oxide,,,,,literature_mined,10.1073/pnas.0802878105,,,,a_10,
s_10.1073_FS_pnas.0802878105_InVitro.CB_2550,Aluminum Oxide,,,,,literature_mined,10.1073/pnas.0802878105,,,,a_10,
s_10.1073_FS_pnas.0802878105_InVitro.CB_2551,Aluminum Oxide,,,,,literature_mined,10.1073/pnas.0802878105,,,,a_10,
s_10.1073_FS_pnas.0802878105_InVitro.CB_2552,Aluminum Oxide,,,,,literature_mined,10.1073/pnas.0802878105,,,,a_10,
s_10.1073_FS_pnas.0802878105_InVitro.CB_2553,Aluminum Oxide,,,,,literature_mined,10.1073/pnas.0802878105,,,,a_10,
s_10.1073_FS_pnas.0802878105_InVitro.CB_2554,Aluminum Oxide,,,,,literature_mined,10.1073/pnas.0802878105,,,,a_10,
s_10.1073_FS_pnas.0802878105_InVitro.CB_2555,Aluminum Oxide,,,,,literature_mined,10.1073/pnas.0802878105,,,,a_10,
s_10.1073_FS_pnas.0802878105_InVitro.CB_2556,Aluminum Oxide,,,,,literature_mined,10.1073/pnas.0802878105,,,,a_10,
s_10.1073_FS_pnas.0802878105_InVitro.CB_2557,Aluminum Oxide,,,,,literature_mined,10.1073/pnas.0802878105,,,,a_10,
s_10.1073_FS_pnas.0802878105_InVitro.CB_2558,Aluminum Oxide,,,,,literature_mined,10.1073/pnas.0802878105,,,,a_10,
s_10.1073_FS_pnas.0802878105_InVitro.CB_2559,Aluminum Oxide,,,,,literature_mined,10.1073/pnas.0802878105,,,,a_10,
s_10.1073_FS_pnas.0802878105_InVitro.CB_2560,Aluminum Oxide,,,,,literature_mined,10.1073/pnas.0802878105,,,,a_10,
s_10.1073_FS_pnas.0802878105_InVitro.CB_2561,Aluminum Oxide,,,,,literature_mined,10.1073/pnas.0802878105,,,,a_10,
s_10.1073_FS_pnas.0802878105_InVitro.CB_2562,Aluminum Oxide,,,,,literature_mined,10.1073/pnas.0802878105,,,,a_10,
s_10.1073_FS_pnas.0802878105_InVitro.CB_2563,Aluminum Oxide,,,,,literature_mined,10.1073/pnas.0802878105,,,,a_10,
s_10.1073_FS_pnas.0802878105_InVitro.CB_2564,Aluminum Oxide,,,,,literature_mined,10.1073/pnas.0802878105,,,,a_10,
s_10.1073_FS_pnas.0802878105_InVitro.CB_2565,Aluminum Oxide,,,,,literature_mined,10.1073/pnas.0802878105,,,,a_10,
s_10.1073_FS_pnas.0802878105_InVitro.CB_2566,Aluminum Oxide,,,,,literature_mined,10.1073/pnas.0802878105,,,,a_10,
s_10.1073_FS_pnas.0802878105_InVitro.CB_2567,Aluminum Oxide,,,,,literature_mined,10.1073/pnas.0802878105,,,,a_10,
s_10.1073_FS_pnas.0802878105_InVitro.CB_2568,Aluminum Oxide,,,,,literature_mined,10.1073/pnas.0802878105,,,,a_10,
s_10.1073_FS_pnas.0802878105_InVitro.CB_2569,Aluminum Oxide,,,,,literature_mined,10.1073/pnas.0802878105,,,,a_10,
s_10.1073_FS_pnas.0802878105_InVitro.CB_2570,Aluminum Oxide,,,,,literature_mined,10.1073/pnas.0802878105,,,,a_10,
s_10.1073_FS_pnas.0802878105_InVitro.CB_2571,Aluminum Oxide,,,,,literature_mined,10.1073/pnas.0802878105,,,,a_10,
s_10.1073_FS_pnas.0802878105_InVitro.CB_2572,Aluminum Oxide,,,,,literature_mined,10.1073/pnas.0802878105,,,,a_10,
s_10.1073_FS_pnas.0802878105_InVitro.CB_2573,Aluminum Oxide,,,,,literature_mined,10.1073/pnas.0802878105,,,,a_10,
s_10.1073_FS_pnas.0802878105_InVitro.CB_2574,Aluminum Oxide,,,,,literature_mined,10.1073/pnas.0802878105,,,,a_10,
s_10.1073_FS_pnas.0802878105_InVitro.CB_2575,Aluminum Oxide,,,,,literature_mined,10.1073/pnas.0802878105,,,,a_10,
s_10.1073_FS_pnas.0802878105_InVitro.CB_2576,Aluminum Oxide,,,,,literature_mined,10.1073/pnas.0802878105,,,,a_10,
s_10.1073_FS_pnas.0802878105_InVitro.CB_2577,Aluminum Oxide,,,,,literature_mined,10.1073/pnas.0802878105,,,,a_10,
s_10.1073_FS_pnas.0802878105_InVitro.CB_2578,Aluminum Oxide,,,,,literature_mined,10.1073/pnas.0802878105,,,,a_10,
s_10.1073_FS_pnas.0802878105_InVitro.CB_2579,Aluminum Oxide,,,,,literature_mined,10.1073/pnas.0802878105,,,,a_10,
s_10.1073_FS_pnas.0802878105_InVitro.CB_2580,Aluminum Oxide,,,,,literature_mined,10.1073/pnas.0802878105,,,,a_10,
s_10.1073_FS_pnas.0802878105_InVitro.CB_2581,Aluminum Oxide,,,,,literature_mined,10.1073/pnas.0802878105,,,,a_10,
s_10.1073_FS_pnas.0802878105_InVitro.CB_2582,Aluminum Oxide,,,,,literature_mined,10.1073/pnas.0802878105,,,,a_10,
s_10.1073_FS_pnas.0802878105_InVitro.CB_2583,Aluminum Oxide,,,,,literature_mined,10.1073/pnas.0802878105,,,,a_10,
s_10.1073_FS_pnas.0802878105_InVitro.CB_2584,Aluminum Oxide,,,,,literature_mined,10.1073/pnas.0802878105,,,,a_10,
s_10.1073_FS_pnas.0802878105_InVitro.CB_2585,Aluminum Oxide,,,,,literature_mined,10.1073/pnas.0802878105,,,,a_10,
s_10.1073_FS_pnas.0802878105_InVitro.CB_2586,Aluminum Oxide,,,,,literature_mined,10.1073/pnas.0802878105,,,,a_10,
s_10.1073_FS_pnas.0802878105_InVitro.CB_2587,Aluminum Oxide,,,,,literature_mined,10.1073/pnas.0802878105,,,,a_10,
s_10.1073_FS_pnas.0802878105_InVitro.CB_2588,Aluminum Oxide,,,,,literature_mined,10.1073/pnas.0802878105,,,,a_10,
s_10.1073_FS_pnas.0802878105_InVitro.CB_2589,Aluminum Oxide,,,,,literature_mined,10.1073/pnas.0802878105,,,,a_10,
s_10.1073_FS_pnas.0802878105_InVitro.CB_2590,Aluminum Oxide,,,,,literature_mined,10.1073/pnas.0802878105,,,,a_10,
s_10.1073_FS_pnas.0802878105_InVitro.CB_2591,Aluminum Oxide,,,,,literature_mined,10.1073/pnas.0802878105,,,,a_10,
s_10.1073_FS_pnas.0802878105_InVitro.CB_2592,Aluminum Oxide,,,,,literature_mined,10.1073/pnas.0802878105,,,,a_10,
s_10.1073_FS_pnas.0802878105_InVitro.CB_2593,Aluminum Oxide,,,,,literature_mined,10.1073/pnas.0802878105,,,,a_10,
s_10.1073_FS_pnas.0802878105_InVitro.CB_2594,Aluminum Oxide,,,,,literature_mined,10.1073/pnas.0802878105,,,,a_10,
s_10.1073_FS_pnas.0802878105_InVitro.CB_2595,Aluminum Oxide,,,,,literature_mined,10.1073/pnas.0802878105,,,,a_10,
s_10.1073_FS_pnas.0802878105_InVitro.CB_2596,Aluminum Oxide,,,,,literature_mined,10.1073/pnas.0802878105,,,,a_10,
s_10.1073_FS_pnas.0802878105_InVitro.CB_2597,Aluminum Oxide,,,,,literature_mined,10.1073/pnas.0802878105,,,,a_10,
s_10.1073_FS_pnas.0802878105_InVitro.CB_2598,Aluminum Oxide,,,,,literature_mined,10.1073/pnas.0802878105,,,,a_10,
s_10.1073_FS_pnas.0802878105_InVitro.CB_2599,Aluminum Oxide,,,,,literature_mined,10.1073/pnas.0802878105,,,,a_10,
s_10.1073_FS_pnas.0802878105_InVitro.CB_2600,Aluminum Oxide,,,,,literature_mined,10.1073/pnas.0802878105,,,,a_10,
s_10.1073_FS_pnas.0802878105_InVitro.CB_2601,Aluminum Oxide,,,,,literature_mined,10.1073/pnas.0802878105,,,,a_10,
s_10.1073_FS_pnas.0802878105_InVitro.CB_2602,Aluminum Oxide,,,,,literature_mined,10.1073/pnas.0802878105,,,,a_10,
s_10.1073_FS_pnas.0802878105_InVitro.CB_2603,Aluminum Oxide,,,,,literature_mined,10.1073/pnas.0802878105,,,,a_10,
s_10.1073_FS_pnas.0802878105_InVitro.CB_2604,Aluminum Oxide,,,,,literature_mined,10.1073/pnas.0802878105,,,,a_10,
s_10.1073_FS_pnas.0802878105_InVitro.CB_2605,Aluminum Oxide,,,,,literature_mined,10.1073/pnas.0802878105,,,,a_10,
s_10.1073_FS_pnas.0802878105_InVitro.CB_2606,Aluminum Oxide,,,,,literature_mined,10.1073/pnas.0802878105,,,,a_10,
s_10.1073_FS_pnas.0802878105_InVitro.CB_2607,Aluminum Oxide,,,,,literature_mined,10.1073/pnas.0802878105,,,,a_10,
s_10.1073_FS_pnas.0802878105_InVitro.CB_2608,Aluminum Oxide,,,,,literature_mined,10.1073/pnas.0802878105,,,,a_10,
s_10.1073_FS_pnas.0802878105_InVitro.CB_2609,Aluminum Oxide,,,,,literature_mined,10.1073/pnas.0802878105,,,,a_10,
s_10.1073_FS_pnas.0802878105_InVitro.CB_2610,Aluminum Oxide,,,,,literature_mined,10.1073/pnas.0802878105,,,,a_10,
s_10.1073_FS_pnas.0802878105_InVitro.CB_2611,Aluminum Oxide,,,,,literature_mined,10.1073/pnas.0802878105,,,,a_10,
s_10.1073_FS_pnas.0802878105_InVitro.CB_2612,Aluminum Oxide,,,,,literature_mined,10.1073/pnas.0802878105,,,,a_10,
s_10.1073_FS_pnas.0802878105_InVitro.CB_2613,Aluminum Oxide,,,,,literature_mined,10.1073/pnas.0802878105,,,,a_10,
s_10.1073_FS_pnas.0802878105_InVitro.CB_2614,Aluminum Oxide,,,,,literature_mined,10.1073/pnas.0802878105,,,,a_10,
s_10.1073_FS_pnas.0802878105_InVitro.CB_2615,Aluminum Oxide,,,,,literature_mined,10.1073/pnas.0802878105,,,,a_10,
s_10.1073_FS_pnas.0802878105_InVitro.CB_2616,Aluminum Oxide,,,,,literature_mined,10.1073/pnas.0802878105,,,,a_10,
s_10.1073_FS_pnas.0802878105_InVitro.CB_2617,Aluminum Oxide,,,,,literature_mined,10.1073/pnas.0802878105,,,,a_10,
s_10.1073_FS_pnas.0802878105_InVitro.CB_2618,Aluminum Oxide,,,,,literature_mined,10.1073/pnas.0802878105,,,,a_10,
s_10.1073_FS_pnas.0802878105_InVitro.CB_2619,Aluminum Oxide,,,,,literature_mined,10.1073/pnas.0802878105,,,,a_10,
s_10.1073_FS_pnas.0802878105_InVitro.CB_2620,Aluminum Oxide,,,,,literature_mined,10.1073/pnas.0802878105,,,,a_10,
s_10.1073_FS_pnas.0802878105_InVitro.CB_2621,Aluminum Oxide,,,,,literature_mined,10.1073/pnas.0802878105,,,,a_10,
s_10.1073_FS_pnas.0802878105_InVitro.CB_2622,Aluminum Oxide,,,,,literature_mined,10.1073/pnas.0802878105,,,,a_10,
s_10.1073_FS_pnas.0802878105_InVitro.CB_2623,Aluminum Oxide,,,,,literature_mined,10.1073/pnas.0802878105,,,,a_10,
s_10.1073_FS_pnas.0802878105_InVitro.CB_2624,Aluminum Oxide,,,,,literature_mined,10.1073/pnas.0802878105,,,,a_10,
s_10.1073_FS_pnas.0802878105_InVitro.CB_2625,Aluminum Oxide,,,,,literature_mined,10.1073/pnas.0802878105,,,,a_10,
s_10.1073_FS_pnas.0802878105_InVitro.CB_2626,Aluminum Oxide,,,,,literature_mined,10.1073/pnas.0802878105,,,,a_10,
s_10.1073_FS_pnas.0802878105_InVitro.CB_2627,Aluminum Oxide,,,,,literature_mined,10.1073/pnas.0802878105,,,,a_10,
s_10.1073_FS_pnas.0802878105_InVitro.CB_2628,Aluminum Oxide,,,,,literature_mined,10.1073/pnas.0802878105,,,,a_10,
s_10.1073_FS_pnas.0802878105_InVitro.CB_2629,Aluminum Oxide,,,,,literature_mined,10.1073/pnas.0802878105,,,,a_10,
s_10.1073_FS_pnas.0802878105_InVitro.CB_2630,Aluminum Oxide,,,,,literature_mined,10.1073/pnas.0802878105,,,,a_10,
s_10.1073_FS_pnas.0802878105_InVitro.CB_2631,Aluminum Oxide,,,,,literature_mined,10.1073/pnas.0802878105,,,,a_10,
s_10.1073_FS_pnas.0802878105_InVitro.CB_2632,Aluminum Oxide,,,,,literature_mined,10.1073/pnas.0802878105,,,,a_10,
s_10.1073_FS_pnas.0802878105_InVitro.CB_2633,Aluminum Oxide,,,,,literature_mined,10.1073/pnas.0802878105,,,,a_10,
s_10.1073_FS_pnas.0802878105_InVitro.CB_2634,Aluminum Oxide,,,,,literature_mined,10.1073/pnas.0802878105,,,,a_10,
s_10.1073_FS_pnas.0802878105_InVitro.CB_2635,Aluminum Oxide,,,,,literature_mined,10.1073/pnas.0802878105,,,,a_10,
s_10.1073_FS_pnas.0802878105_InVitro.CB_2636,Aluminum Oxide,,,,,literature_mined,10.1073/pnas.0802878105,,,,a_10,
s_10.1073_FS_pnas.0802878105_InVitro.CB_2637,Aluminum Oxide,,,,,literature_mined,10.1073/pnas.0802878105,,,,a_10,
s_10.1073_FS_pnas.0802878105_InVitro.CB_2638,Aluminum Oxide,,,,,literature_mined,10.1073/pnas.0802878105,,,,a_10,
s_10.1073_FS_pnas.0802878105_InVitro.CB_2639,Aluminum Oxide,,,,,literature_mined,10.1073/pnas.0802878105,,,,a_10,
s_10.1073_FS_pnas.0802878105_InVitro.CB_2640,Aluminum Oxide,,,,,literature_mined,10.1073/pnas.0802878105,,,,a_10,
s_10.1073_FS_pnas.0802878105_InVitro.CB_2641,Aluminum Oxide,,,,,literature_mined,10.1073/pnas.0802878105,,,,a_10,
s_10.1073_FS_pnas.0802878105_InVitro.CB_2642,Aluminum Oxide,,,,,literature_mined,10.1073/pnas.0802878105,,,,a_10,
s_10.1073_FS_pnas.0802878105_InVitro.CB_2643,Aluminum Oxide,,,,,literature_mined,10.1073/pnas.0802878105,,,,a_10,
s_10.1073_FS_pnas.0802878105_InVitro.CB_2644,Aluminum Oxide,,,,,literature_mined,10.1073/pnas.0802878105,,,,a_10,
s_10.1073_FS_pnas.0802878105_InVitro.CB_2645,Aluminum Oxide,,,,,literature_mined,10.1073/pnas.0802878105,,,,a_10,
s_10.1073_FS_pnas.0802878105_InVitro.CB_2646,Aluminum Oxide,,,,,literature_mined,10.1073/pnas.0802878105,,,,a_10,
s_10.1073_FS_pnas.0802878105_InVitro.CB_2647,Aluminum Oxide,,,,,literature_mined,10.1073/pnas.0802878105,,,,a_10,
s_10.1073_FS_pnas.0802878105_InVitro.CB_2648,Aluminum Oxide,,,,,literature_mined,10.1073/pnas.0802878105,,,,a_10,
s_10.1073_FS_pnas.0802878105_InVitro.CB_2649,Aluminum Oxide,,,,,literature_mined,10.1073/pnas.0802878105,,,,a_10,
s_10.1073_FS_pnas.0802878105_InVitro.CB_2650,Aluminum Oxide,,,,,literature_mined,10.1073/pnas.0802878105,,,,a_10,
s_10.1073_FS_pnas.0802878105_InVitro.CB_2651,Aluminum Oxide,,,,,literature_mined,10.1073/pnas.0802878105,,,,a_10,
s_10.1073_FS_pnas.0802878105_InVitro.CB_2652,Aluminum Oxide,,,,,literature_mined,10.1073/pnas.0802878105,,,,a_10,
s_10.1073_FS_pnas.0802878105_InVitro.CB_2653,Aluminum Oxide,,,,,literature_mined,10.1073/pnas.0802878105,,,,a_10,
s_10.1073_FS_pnas.0802878105_InVitro.CB_2654,Aluminum Oxide,,,,,literature_mined,10.1073/pnas.0802878105,,,,a_10,
s_10.1073_FS_pnas.0802878105_InVitro.CB_2655,Aluminum Oxide,,,,,literature_mined,10.1073/pnas.0802878105,,,,a_10,
s_10.1073_FS_pnas.0802878105_InVitro.CB_2656,Aluminum Oxide,,,,,literature_mined,10.1073/pnas.0802878105,,,,a_10,
s_10.1073_FS_pnas.0802878105_InVitro.CB_2657,Aluminum Oxide,,,,,literature_mined,10.1073/pnas.0802878105,,,,a_10,
s_10.1073_FS_pnas.0802878105_InVitro.CB_2658,Aluminum Oxide,,,,,literature_mined,10.1073/pnas.0802878105,,,,a_10,
s_10.1073_FS_pnas.0802878105_InVitro.CB_2659,Aluminum Oxide,,,,,literature_mined,10.1073/pnas.0802878105,,,,a_10,
s_10.1073_FS_pnas.0802878105_InVitro.CB_2660,Aluminum Oxide,,,,,literature_mined,10.1073/pnas.0802878105,,,,a_10,
s_10.1073_FS_pnas.0802878105_InVitro.CB_2661,Aluminum Oxide,,,,,literature_mined,10.1073/pnas.0802878105,,,,a_10,
s_10.1073_FS_pnas.0802878105_InVitro.CB_2662,Aluminum Oxide,,,,,literature_mined,10.1073/pnas.0802878105,,,,a_10,
s_10.1073_FS_pnas.0802878105_InVitro.CB_2663,Aluminum Oxide,,,,,literature_mined,10.1073/pnas.0802878105,,,,a_10,
s_10.1073_FS_pnas.0802878105_InVitro.CB_2664,Aluminum Oxide,,,,,literature_mined,10.1073/pnas.0802878105,,,,a_10,
s_10.1073_FS_pnas.0802878105_InVitro.CB_2665,Aluminum Oxide,,,,,literature_mined,10.1073/pnas.0802878105,,,,a_10,
s_10.1073_FS_pnas.0802878105_InVitro.CB_2666,Aluminum Oxide,,,,,literature_mined,10.1073/pnas.0802878105,,,,a_10,
s_10.1073_FS_pnas.0802878105_InVitro.CB_2667,Aluminum Oxide,,,,,literature_mined,10.1073/pnas.0802878105,,,,a_10,
s_10.1073_FS_pnas.0802878105_InVitro.CB_2668,Aluminum Oxide,,,,,literature_mined,10.1073/pnas.0802878105,,,,a_10,
s_10.1073_FS_pnas.0802878105_InVitro.CB_2669,Aluminum Oxide,,,,,literature_mined,10.1073/pnas.0802878105,,,,a_10,
s_10.1073_FS_pnas.0802878105_InVitro.CB_2670,Aluminum Oxide,,,,,literature_mined,10.1073/pnas.0802878105,,,,a_10,
s_10.1073_FS_pnas.0802878105_InVitro.CB_2671,Aluminum Oxide,,,,,literature_mined,10.1073/pnas.0802878105,,,,a_10,
s_10.1073_FS_pnas.0802878105_InVitro.CB_2672,Aluminum Oxide,,,,,literature_mined,10.1073/pnas.0802878105,,,,a_10,
s_10.1073_FS_pnas.0802878105_InVitro.CB_2673,Aluminum Oxide,,,,,literature_mined,10.1073/pnas.0802878105,,,,a_10,
s_10.1073_FS_pnas.0802878105_InVitro.CB_2674,Aluminum Oxide,,,,,literature_mined,10.1073/pnas.0802878105,,,,a_10,
s_10.1073_FS_pnas.0802878105_InVitro.CB_2675,Aluminum Oxide,,,,,literature_mined,10.1073/pnas.0802878105,,,,a_10,
s_10.1073_FS_pnas.0802878105_InVitro.CB_2676,Aluminum Oxide,,,,,literature_mined,10.1073/pnas.0802878105,,,,a_10,
s_10.1073_FS_pnas.0802878105_InVitro.CB_2677,Aluminum Oxide,,,,,literature_mined,10.1073/pnas.0802878105,,,,a_10,
s_10.1073_FS_pnas.0802878105_InVitro.CB_2678,Aluminum Oxide,,,,,literature_mined,10.1073/pnas.0802878105,,,,a_10,
s_10.1073_FS_pnas.0802878105_InVitro.CB_2679,Aluminum Oxide,,,,,literature_mined,10.1073/pnas.0802878105,,,,a_10,
s_10.1073_FS_pnas.0802878105_InVitro.CB_2680,Aluminum Oxide,,,,,literature_mined,10.1073/pnas.0802878105,,,,a_10,
s_10.1073_FS_pnas.0802878105_InVitro.CB_2681,Aluminum Oxide,,,,,literature_mined,10.1073/pnas.0802878105,,,,a_10,
s_10.1073_FS_pnas.0802878105_InVitro.CB_2682,Aluminum Oxide,,,,,literature_mined,10.1073/pnas.0802878105,,,,a_10,
s_10.1073_FS_pnas.0802878105_InVitro.CB_2683,Aluminum Oxide,,,,,literature_mined,10.1073/pnas.0802878105,,,,a_10,
s_10.1073_FS_pnas.0802878105_InVitro.CB_2684,Aluminum Oxide,,,,,literature_mined,10.1073/pnas.0802878105,,,,a_10,
s_10.1073_FS_pnas.0802878105_InVitro.CB_2685,Aluminum Oxide,,,,,literature_mined,10.1073/pnas.0802878105,,,,a_10,
s_10.1073_FS_pnas.0802878105_InVitro.CB_2686,Aluminum Oxide,,,,,literature_mined,10.1073/pnas.0802878105,,,,a_10,
s_10.1073_FS_pnas.0802878105_InVitro.CB_2687,Aluminum Oxide,,,,,literature_mined,10.1073/pnas.0802878105,,,,a_10,
s_10.1073_FS_pnas.0802878105_InVitro.CB_2688,Aluminum Oxide,,,,,literature_mined,10.1073/pnas.0802878105,,,,a_10,
s_10.1073_FS_pnas.0802878105_InVitro.CB_2689,Aluminum Oxide,,,,,literature_mined,10.1073/pnas.0802878105,,,,a_10,
s_10.1073_FS_pnas.0802878105_InVitro.CB_2690,Aluminum Oxide,,,,,literature_mined,10.1073/pnas.0802878105,,,,a_10,
s_10.1073_FS_pnas.0802878105_InVitro.CB_2691,Aluminum Oxide,,,,,literature_mined,10.1073/pnas.0802878105,,,,a_10,
s_10.1073_FS_pnas.0802878105_InVitro.CB_2692,Aluminum Oxide,,,,,literature_mined,10.1073/pnas.0802878105,,,,a_10,
s_10.1073_FS_pnas.0802878105_InVitro.CB_2693,Aluminum Oxide,,,,,literature_mined,10.1073/pnas.0802878105,,,,a_10,
s_10.1073_FS_pnas.0802878105_InVitro.CB_2694,Aluminum Oxide,,,,,literature_mined,10.1073/pnas.0802878105,,,,a_10,
s_10.1073_FS_pnas.0802878105_InVitro.CB_2695,Aluminum Oxide,,,,,literature_mined,10.1073/pnas.0802878105,,,,a_10,
s_10.1073_FS_pnas.0802878105_InVitro.CB_2696,Aluminum Oxide,,,,,literature_mined,10.1073/pnas.0802878105,,,,a_10,
s_10.1073_FS_pnas.0802878105_InVitro.CB_2697,Aluminum Oxide,,,,,literature_mined,10.1073/pnas.0802878105,,,,a_10,
s_10.1073_FS_pnas.0802878105_InVitro.CB_2698,Aluminum Oxide,,,,,literature_mined,10.1073/pnas.0802878105,,,,a_10,
s_10.1073_FS_pnas.0802878105_InVitro.CB_2699,Aluminum Oxide,,,,,literature_mined,10.1073/pnas.0802878105,,,,a_10,
s_10.1073_FS_pnas.0802878105_InVitro.CB_2700,Aluminum Oxide,,,,,literature_mined,10.1073/pnas.0802878105,,,,a_10,
s_10.1073_FS_pnas.0802878105_InVitro.CB_2701,Aluminum Oxide,,,,,literature_mined,10.1073/pnas.0802878105,,,,a_10,
s_10.1073_FS_pnas.0802878105_InVitro.CB_2702,Aluminum Oxide,,,,,literature_mined,10.1073/pnas.0802878105,,,,a_10,
s_10.1073_FS_pnas.0802878105_InVitro.CB_2703,Aluminum Oxide,,,,,literature_mined,10.1073/pnas.0802878105,,,,a_10,
s_10.1073_FS_pnas.0802878105_InVitro.CB_2704,Aluminum Oxide,,,,,literature_mined,10.1073/pnas.0802878105,,,,a_10,
s_10.1073_FS_pnas.0802878105_InVitro.CB_2705,Aluminum Oxide,,,,,literature_mined,10.1073/pnas.0802878105,,,,a_10,
s_10.1073_FS_pnas.0802878105_InVitro.CB_2706,Aluminum Oxide,,,,,literature_mined,10.1073/pnas.0802878105,,,,a_10,
s_10.1073_FS_pnas.0802878105_InVitro.CB_2707,Aluminum Oxide,,,,,literature_mined,10.1073/pnas.0802878105,,,,a_10,
s_10.1073_FS_pnas.0802878105_InVitro.CB_2708,Aluminum Oxide,,,,,literature_mined,10.1073/pnas.0802878105,,,,a_10,
s_10.1073_FS_pnas.0802878105_InVitro.CB_2709,Aluminum Oxide,,,,,literature_mined,10.1073/pnas.0802878105,,,,a_10,
s_10.1073_FS_pnas.0802878105_InVitro.CB_2710,Aluminum Oxide,,,,,literature_mined,10.1073/pnas.0802878105,,,,a_10,
s_10.1073_FS_pnas.0802878105_InVitro.CB_2711,Aluminum Oxide,,,,,literature_mined,10.1073/pnas.0802878105,,,,a_10,
s_10.1073_FS_pnas.0802878105_InVitro.CB_2712,Aluminum Oxide,,,,,literature_mined,10.1073/pnas.0802878105,,,,a_10,
s_10.1073_FS_pnas.0802878105_InVitro.CB_2713,Aluminum Oxide,,,,,literature_mined,10.1073/pnas.0802878105,,,,a_10,
s_10.1073_FS_pnas.0802878105_InVitro.CB_2714,Aluminum Oxide,,,,,literature_mined,10.1073/pnas.0802878105,,,,a_10,
s_10.1073_FS_pnas.0802878105_InVitro.CB_2715,Aluminum Oxide,,,,,literature_mined,10.1073/pnas.0802878105,,,,a_10,
s_10.1073_FS_pnas.0802878105_InVitro.CB_2716,Aluminum Oxide,,,,,literature_mined,10.1073/pnas.0802878105,,,,a_10,
s_10.1073_FS_pnas.0802878105_InVitro.CB_2717,Aluminum Oxide,,,,,literature_mined,10.1073/pnas.0802878105,,,,a_10,
s_10.1073_FS_pnas.0802878105_InVitro.CB_2718,Aluminum Oxide,,,,,literature_mined,10.1073/pnas.0802878105,,,,a_10,
s_10.1073_FS_pnas.0802878105_InVitro.CB_2719,Aluminum Oxide,,,,,literature_mined,10.1073/pnas.0802878105,,,,a_10,
s_10.1073_FS_pnas.0802878105_InVitro.CB_2720,Aluminum Oxide,,,,,literature_mined,10.1073/pnas.0802878105,,,,a_10,
s_10.1073_FS_pnas.0802878105_InVitro.CB_2721,Aluminum Oxide,,,,,literature_mined,10.1073/pnas.0802878105,,,,a_10,
s_10.1073_FS_pnas.0802878105_InVitro.CB_2722,Aluminum Oxide,,,,,literature_mined,10.1073/pnas.0802878105,,,,a_10,
s_10.1073_FS_pnas.0802878105_InVitro.CB_2723,Aluminum Oxide,,,,,literature_mined,10.1073/pnas.0802878105,,,,a_10,
s_10.1073_FS_pnas.0802878105_InVitro.CB_2724,Aluminum Oxide,,,,,literature_mined,10.1073/pnas.0802878105,,,,a_10,
s_10.1073_FS_pnas.0802878105_InVitro.CB_2725,Aluminum Oxide,,,,,literature_mined,10.1073/pnas.0802878105,,,,a_10,
s_10.1073_FS_pnas.0802878105_InVitro.CB_2726,Aluminum Oxide,,,,,literature_mined,10.1073/pnas.0802878105,,,,a_10,
s_10.1073_FS_pnas.0802878105_InVitro.CB_2727,Aluminum Oxide,,,,,literature_mined,10.1073/pnas.0802878105,,,,a_10,
s_10.1073_FS_pnas.0802878105_InVitro.CB_2728,Aluminum Oxide,,,,,literature_mined,10.1073/pnas.0802878105,,,,a_10,
s_10.1073_FS_pnas.0802878105_InVitro.CB_2729,Aluminum Oxide,,,,,literature_mined,10.1073/pnas.0802878105,,,,a_10,
s_10.1073_FS_pnas.0802878105_InVitro.CB_2730,Aluminum Oxide,,,,,literature_mined,10.1073/pnas.0802878105,,,,a_10,
s_10.1073_FS_pnas.0802878105_InVitro.CB_2731,Aluminum Oxide,,,,,literature_mined,10.1073/pnas.0802878105,,,,a_10,
s_10.1073_FS_pnas.0802878105_InVitro.CB_2732,Aluminum Oxide,,,,,literature_mined,10.1073/pnas.0802878105,,,,a_10,
s_10.1073_FS_pnas.0802878105_InVitro.CB_2733,Aluminum Oxide,,,,,literature_mined,10.1073/pnas.0802878105,,,,a_10,
s_10.1073_FS_pnas.0802878105_InVitro.CB_2734,Aluminum Oxide,,,,,literature_mined,10.1073/pnas.0802878105,,,,a_10,
s_10.1073_FS_pnas.0802878105_InVitro.CB_2735,Aluminum Oxide,,,,,literature_mined,10.1073/pnas.0802878105,,,,a_10,
s_10.1073_FS_pnas.0802878105_InVitro.CB_2736,Aluminum Oxide,,,,,literature_mined,10.1073/pnas.0802878105,,,,a_10,
s_10.1073_FS_pnas.0802878105_InVitro.CB_2737,Aluminum Oxide,,,,,literature_mined,10.1073/pnas.0802878105,,,,a_10,
s_10.1073_FS_pnas.0802878105_InVitro.CB_2738,Aluminum Oxide,,,,,literature_mined,10.1073/pnas.0802878105,,,,a_10,
s_10.1073_FS_pnas.0802878105_InVitro.CB_2739,Aluminum Oxide,,,,,literature_mined,10.1073/pnas.0802878105,,,,a_10,
s_10.1073_FS_pnas.0802878105_InVitro.CB_2740,Aluminum Oxide,,,,,literature_mined,10.1073/pnas.0802878105,,,,a_10,
s_10.1073_FS_pnas.0802878105_InVitro.CB_2741,Aluminum Oxide,,,,,literature_mined,10.1073/pnas.0802878105,,,,a_10,
s_10.1073_FS_pnas.0802878105_InVitro.CB_2742,Aluminum Oxide,,,,,literature_mined,10.1073/pnas.0802878105,,,,a_10,
s_10.1073_FS_pnas.0802878105_InVitro.CB_2743,Aluminum Oxide,,,,,literature_mined,10.1073/pnas.0802878105,,,,a_10,
s_10.1073_FS_pnas.0802878105_InVitro.CB_2744,Aluminum Oxide,,,,,literature_mined,10.1073/pnas.0802878105,,,,a_10,
s_10.1073_FS_pnas.0802878105_InVitro.CB_2745,Aluminum Oxide,,,,,literature_mined,10.1073/pnas.0802878105,,,,a_10,
s_10.1073_FS_pnas.0802878105_InVitro.CB_2746,Aluminum Oxide,,,,,literature_mined,10.1073/pnas.0802878105,,,,a_10,
s_10.1073_FS_pnas.0802878105_InVitro.CB_2747,Aluminum Oxide,,,,,literature_mined,10.1073/pnas.0802878105,,,,a_10,
s_10.1073_FS_pnas.0802878105_InVitro.CB_2748,Aluminum Oxide,,,,,literature_mined,10.1073/pnas.0802878105,,,,a_10,
s_10.1073_FS_pnas.0802878105_InVitro.CB_2749,Aluminum Oxide,,,,,literature_mined,10.1073/pnas.0802878105,,,,a_10,
s_10.1073_FS_pnas.0802878105_InVitro.CB_2750,Aluminum Oxide,,,,,literature_mined,10.1073/pnas.0802878105,,,,a_10,
s_10.1073_FS_pnas.0802878105_InVitro.CB_2751,Aluminum Oxide,,,,,literature_mined,10.1073/pnas.0802878105,,,,a_10,
s_10.1073_FS_pnas.0802878105_InVitro.CB_2752,Aluminum Oxide,,,,,literature_mined,10.1073/pnas.0802878105,,,,a_10,
s_10.1073_FS_pnas.0802878105_InVitro.CB_2753,Aluminum Oxide,,,,,literature_mined,10.1073/pnas.0802878105,,,,a_10,
s_10.1073_FS_pnas.0802878105_InVitro.CB_2754,Aluminum Oxide,,,,,literature_mined,10.1073/pnas.0802878105,,,,a_10,
s_10.1073_FS_pnas.0802878105_InVitro.CB_2755,Aluminum Oxide,,,,,literature_mined,10.1073/pnas.0802878105,,,,a_10,
s_10.1073_FS_pnas.0802878105_InVitro.CB_2756,Aluminum Oxide,,,,,literature_mined,10.1073/pnas.0802878105,,,,a_10,
s_10.1073_FS_pnas.0802878105_InVitro.CB_2757,Aluminum Oxide,,,,,literature_mined,10.1073/pnas.0802878105,,,,a_10,
s_10.1073_FS_pnas.0802878105_InVitro.CB_2758,Aluminum Oxide,,,,,literature_mined,10.1073/pnas.0802878105,,,,a_10,
s_10.1073_FS_pnas.0802878105_InVitro.CB_2759,Aluminum Oxide,,,,,literature_mined,10.1073/pnas.0802878105,,,,a_10,
s_10.1073_FS_pnas.0802878105_InVitro.CB_2760,Aluminum Oxide,,,,,literature_mined,10.1073/pnas.0802878105,,,,a_10,
s_10.1073_FS_pnas.0802878105_InVitro.CB_2761,Aluminum Oxide,,,,,literature_mined,10.1073/pnas.0802878105,,,,a_10,
s_10.1073_FS_pnas.0802878105_InVitro.CB_2762,Aluminum Oxide,,,,,literature_mined,10.1073/pnas.0802878105,,,,a_10,
s_10.1073_FS_pnas.0802878105_InVitro.CB_2763,Aluminum Oxide,,,,,literature_mined,10.1073/pnas.0802878105,,,,a_10,
s_10.1073_FS_pnas.0802878105_InVitro.CB_2764,Aluminum Oxide,,,,,literature_mined,10.1073/pnas.0802878105,,,,a_10,
s_10.1073_FS_pnas.0802878105_InVitro.CB_2765,Aluminum Oxide,,,,,literature_mined,10.1073/pnas.0802878105,,,,a_10,
s_10.1073_FS_pnas.0802878105_InVitro.CB_2766,Aluminum Oxide,,,,,literature_mined,10.1073/pnas.0802878105,,,,a_10,
s_10.1073_FS_pnas.0802878105_InVitro.CB_2767,Aluminum Oxide,,,,,literature_mined,10.1073/pnas.0802878105,,,,a_10,
s_10.1073_FS_pnas.0802878105_InVitro.CB_2768,Aluminum Oxide,,,,,literature_mined,10.1073/pnas.0802878105,,,,a_10,
s_10.1073_FS_pnas.0802878105_InVitro.CB_2769,Aluminum Oxide,,,,,literature_mined,10.1073/pnas.0802878105,,,,a_10,
s_10.1073_FS_pnas.0802878105_InVitro.CB_2770,Aluminum Oxide,,,,,literature_mined,10.1073/pnas.0802878105,,,,a_10,
s_10.1073_FS_pnas.0802878105_InVitro.CB_2771,Aluminum Oxide,,,,,literature_mined,10.1073/pnas.0802878105,,,,a_10,
s_10.1073_FS_pnas.0802878105_InVitro.CB_2772,Aluminum Oxide,,,,,literature_mined,10.1073/pnas.0802878105,,,,a_10,
s_10.1073_FS_pnas.0802878105_InVitro.CB_2773,Aluminum Oxide,,,,,literature_mined,10.1073/pnas.0802878105,,,,a_10,
s_10.1073_FS_pnas.0802878105_InVitro.CB_2774,Aluminum Oxide,,,,,literature_mined,10.1073/pnas.0802878105,,,,a_10,
s_10.1073_FS_pnas.0802878105_InVitro.CB_2775,Aluminum Oxide,,,,,literature_mined,10.1073/pnas.0802878105,,,,a_10,
s_10.1073_FS_pnas.0802878105_InVitro.CB_2776,Aluminum Oxide,,,,,literature_mined,10.1073/pnas.0802878105,,,,a_10,
s_10.1073_FS_pnas.0802878105_InVitro.CB_2777,Aluminum Oxide,,,,,literature_mined,10.1073/pnas.0802878105,,,,a_10,
s_10.1073_FS_pnas.0802878105_InVitro.CB_2778,Aluminum Oxide,,,,,literature_mined,10.1073/pnas.0802878105,,,,a_10,
s_10.1073_FS_pnas.0802878105_InVitro.CB_2779,Aluminum Oxide,,,,,literature_mined,10.1073/pnas.0802878105,,,,a_10,
s_10.1073_FS_pnas.0802878105_InVitro.CB_2780,Aluminum Oxide,,,,,literature_mined,10.1073/pnas.0802878105,,,,a_10,
s_10.1073_FS_pnas.0802878105_InVitro.CB_2781,Aluminum Oxide,,,,,literature_mined,10.1073/pnas.0802878105,,,,a_10,
s_10.1073_FS_pnas.0802878105_InVitro.CB_2782,Aluminum Oxide,,,,,literature_mined,10.1073/pnas.0802878105,,,,a_10,
s_10.1073_FS_pnas.0802878105_InVitro.CB_2783,Aluminum Oxide,,,,,literature_mined,10.1073/pnas.0802878105,,,,a_10,
s_10.1073_FS_pnas.0802878105_InVitro.CB_2784,Aluminum Oxide,,,,,literature_mined,10.1073/pnas.0802878105,,,,a_10,
s_10.1073_FS_pnas.0802878105_InVitro.CB_2785,Aluminum Oxide,,,,,literature_mined,10.1073/pnas.0802878105,,,,a_10,
s_10.1073_FS_pnas.0802878105_InVitro.CB_2786,Aluminum Oxide,,,,,literature_mined,10.1073/pnas.0802878105,,,,a_10,
s_10.1073_FS_pnas.0802878105_InVitro.CB_2787,Aluminum Oxide,,,,,literature_mined,10.1073/pnas.0802878105,,,,a_10,
s_10.1073_FS_pnas.0802878105_InVitro.CB_2788,Aluminum Oxide,,,,,literature_mined,10.1073/pnas.0802878105,,,,a_10,
s_10.1073_FS_pnas.0802878105_InVitro.CB_2789,Aluminum Oxide,,,,,literature_mined,10.1073/pnas.0802878105,,,,a_10,
s_10.1073_FS_pnas.0802878105_InVitro.CB_2790,Aluminum Oxide,,,,,literature_mined,10.1073/pnas.0802878105,,,,a_10,
s_10.1073_FS_pnas.0802878105_InVitro.CB_2791,Aluminum Oxide,,,,,literature_mined,10.1073/pnas.0802878105,,,,a_10,
s_10.1073_FS_pnas.0802878105_InVitro.CB_2792,Aluminum Oxide,,,,,literature_mined,10.1073/pnas.0802878105,,,,a_10,
s_10.1073_FS_pnas.0802878105_InVitro.CB_2793,Aluminum Oxide,,,,,literature_mined,10.1073/pnas.0802878105,,,,a_10,
s_10.1073_FS_pnas.0802878105_InVitro.CB_2794,Aluminum Oxide,,,,,literature_mined,10.1073/pnas.0802878105,,,,a_10,
s_10.1073_FS_pnas.0802878105_InVitro.CB_2795,Aluminum Oxide,,,,,literature_mined,10.1073/pnas.0802878105,,,,a_10,
s_10.1073_FS_pnas.0802878105_InVitro.CB_2796,Aluminum Oxide,,,,,literature_mined,10.1073/pnas.0802878105,,,,a_10,
s_10.1073_FS_pnas.0802878105_InVitro.CB_2797,Aluminum Oxide,,,,,literature_mined,10.1073/pnas.0802878105,,,,a_10,
s_10.1073_FS_pnas.0802878105_InVitro.CB_2798,Aluminum Oxide,,,,,literature_mined,10.1073/pnas.0802878105,,,,a_10,
s_10.1073_FS_pnas.0802878105_InVitro.CB_2799,Aluminum Oxide,,,,,literature_mined,10.1073/pnas.0802878105,,,,a_10,
s_10.1073_FS_pnas.0802878105_InVitro.CB_2800,Aluminum Oxide,,,,,literature_mined,10.1073/pnas.0802878105,,,,a_10,
s_10.1073_FS_pnas.0802878105_InVitro.CB_2801,Aluminum Oxide,,,,,literature_mined,10.1073/pnas.0802878105,,,,a_10,
s_10.1073_FS_pnas.0802878105_InVitro.CB_2802,Aluminum Oxide,,,,,literature_mined,10.1073/pnas.0802878105,,,,a_10,
s_10.1073_FS_pnas.0802878105_InVitro.CB_2803,Aluminum Oxide,,,,,literature_mined,10.1073/pnas.0802878105,,,,a_10,
s_10.1073_FS_pnas.0802878105_InVitro.CB_2804,Aluminum Oxide,,,,,literature_mined,10.1073/pnas.0802878105,,,,a_10,
s_10.1073_FS_pnas.0802878105_InVitro.CB_2805,Aluminum Oxide,,,,,literature_mined,10.1073/pnas.0802878105,,,,a_10,
s_10.1073_FS_pnas.0802878105_InVitro.CB_2806,Aluminum Oxide,,,,,literature_mined,10.1073/pnas.0802878105,,,,a_10,
s_10.1073_FS_pnas.0802878105_InVitro.CB_2807,Aluminum Oxide,,,,,literature_mined,10.1073/pnas.0802878105,,,,a_10,
s_10.1073_FS_pnas.0802878105_InVitro.CB_2808,Aluminum Oxide,,,,,literature_mined,10.1073/pnas.0802878105,,,,a_10,
s_10.1073_FS_pnas.0802878105_InVitro.CB_2809,Aluminum Oxide,,,,,literature_mined,10.1073/pnas.0802878105,,,,a_10,
s_10.1073_FS_pnas.0802878105_InVitro.CB_2810,Aluminum Oxide,,,,,literature_mined,10.1073/pnas.0802878105,,,,a_10,
s_10.1073_FS_pnas.0802878105_InVitro.CB_2811,Aluminum Oxide,,,,,literature_mined,10.1073/pnas.0802878105,,,,a_10,
s_10.1073_FS_pnas.0802878105_InVitro.CB_2812,Aluminum Oxide,,,,,literature_mined,10.1073/pnas.0802878105,,,,a_10,
s_10.1073_FS_pnas.0802878105_InVitro.CB_2813,Aluminum Oxide,,,,,literature_mined,10.1073/pnas.0802878105,,,,a_10,
s_10.1073_FS_pnas.0802878105_InVitro.CB_2814,Aluminum Oxide,,,,,literature_mined,10.1073/pnas.0802878105,,,,a_10,
s_10.1073_FS_pnas.0802878105_InVitro.CB_2815,Aluminum Oxide,,,,,literature_mined,10.1073/pnas.0802878105,,,,a_10,
s_10.1073_FS_pnas.0802878105_InVitro.CB_2816,Aluminum Oxide,,,,,literature_mined,10.1073/pnas.0802878105,,,,a_10,
s_10.1073_FS_pnas.0802878105_InVitro.CB_2817,Aluminum Oxide,,,,,literature_mined,10.1073/pnas.0802878105,,,,a_10,
s_10.1073_FS_pnas.0802878105_InVitro.CB_2818,Aluminum Oxide,,,,,literature_mined,10.1073/pnas.0802878105,,,,a_10,
s_10.1073_FS_pnas.0802878105_InVitro.CB_2819,Aluminum Oxide,,,,,literature_mined,10.1073/pnas.0802878105,,,,a_10,
s_10.1073_FS_pnas.0802878105_InVitro.CB_2820,Aluminum Oxide,,,,,literature_mined,10.1073/pnas.0802878105,,,,a_10,
s_10.1073_FS_pnas.0802878105_InVitro.CB_2821,Aluminum Oxide,,,,,literature_mined,10.1073/pnas.0802878105,,,,a_10,
s_10.1073_FS_pnas.0802878105_InVitro.CB_2822,Aluminum Oxide,,,,,literature_mined,10.1073/pnas.0802878105,,,,a_10,
s_10.1073_FS_pnas.0802878105_InVitro.CB_2823,Aluminum Oxide,,,,,literature_mined,10.1073/pnas.0802878105,,,,a_10,
s_10.1073_FS_pnas.0802878105_InVitro.CB_2824,Aluminum Oxide,,,,,literature_mined,10.1073/pnas.0802878105,,,,a_10,
s_10.1073_FS_pnas.0802878105_InVitro.CB_2825,Aluminum Oxide,,,,,literature_mined,10.1073/pnas.0802878105,,,,a_10,
s_10.1073_FS_pnas.0802878105_InVitro.CB_2826,Aluminum Oxide,,,,,literature_mined,10.1073/pnas.0802878105,,,,a_10,
s_10.1073_FS_pnas.0802878105_InVitro.CB_2827,Aluminum Oxide,,,,,literature_mined,10.1073/pnas.0802878105,,,,a_10,
s_10.1073_FS_pnas.0802878105_InVitro.CB_2828,Aluminum Oxide,,,,,literature_mined,10.1073/pnas.0802878105,,,,a_10,
s_10.1073_FS_pnas.0802878105_InVitro.CB_2829,Aluminum Oxide,,,,,literature_mined,10.1073/pnas.0802878105,,,,a_10,
s_10.1073_FS_pnas.0802878105_InVitro.CB_2830,Aluminum Oxide,,,,,literature_mined,10.1073/pnas.0802878105,,,,a_10,
s_10.1073_FS_pnas.0802878105_InVitro.CB_2831,Aluminum Oxide,,,,,literature_mined,10.1073/pnas.0802878105,,,,a_10,
s_10.1073_FS_pnas.0802878105_InVitro.CB_2832,Aluminum Oxide,,,,,literature_mined,10.1073/pnas.0802878105,,,,a_10,
s_10.1073_FS_pnas.0802878105_InVitro.CB_2833,Aluminum Oxide,,,,,literature_mined,10.1073/pnas.0802878105,,,,a_10,
s_10.1073_FS_pnas.0802878105_InVitro.CB_2834,Aluminum Oxide,,,,,literature_mined,10.1073/pnas.0802878105,,,,a_10,
s_10.1073_FS_pnas.0802878105_InVitro.CB_2835,Aluminum Oxide,,,,,literature_mined,10.1073/pnas.0802878105,,,,a_10,
s_10.1073_FS_pnas.0802878105_InVitro.CB_2836,Aluminum Oxide,,,,,literature_mined,10.1073/pnas.0802878105,,,,a_10,
s_10.1073_FS_pnas.0802878105_InVitro.CB_2837,Aluminum Oxide,,,,,literature_mined,10.1073/pnas.0802878105,,,,a_10,
s_10.1073_FS_pnas.0802878105_InVitro.CB_2838,Aluminum Oxide,,,,,literature_mined,10.1073/pnas.0802878105,,,,a_10,
s_10.1073_FS_pnas.0802878105_InVitro.CB_2839,Aluminum Oxide,,,,,literature_mined,10.1073/pnas.0802878105,,,,a_10,
s_10.1073_FS_pnas.0802878105_InVitro.CB_2840,Aluminum Oxide,,,,,literature_mined,10.1073/pnas.0802878105,,,,a_10,
s_10.1073_FS_pnas.0802878105_InVitro.CB_2841,Aluminum Oxide,,,,,literature_mined,10.1073/pnas.0802878105,,,,a_10,
s_10.1073_FS_pnas.0802878105_InVitro.CB_2842,Aluminum Oxide,,,,,literature_mined,10.1073/pnas.0802878105,,,,a_10,
s_10.1073_FS_pnas.0802878105_InVitro.CB_2843,Aluminum Oxide,,,,,literature_mined,10.1073/pnas.0802878105,,,,a_10,
s_10.1073_FS_pnas.0802878105_InVitro.CB_2844,Aluminum Oxide,,,,,literature_mined,10.1073/pnas.0802878105,,,,a_10,
s_10.1073_FS_pnas.0802878105_InVitro.CB_2845,Aluminum Oxide,,,,,literature_mined,10.1073/pnas.0802878105,,,,a_10,
s_10.1073_FS_pnas.0802878105_InVitro.CB_2846,Aluminum Oxide,,,,,literature_mined,10.1073/pnas.0802878105,,,,a_10,
s_10.1073_FS_pnas.0802878105_InVitro.CB_2847,Aluminum Oxide,,,,,literature_mined,10.1073/pnas.0802878105,,,,a_10,
s_10.1073_FS_pnas.0802878105_InVitro.CB_2848,Aluminum Oxide,,,,,literature_mined,10.1073/pnas.0802878105,,,,a_10,
s_10.1073_FS_pnas.0802878105_InVitro.CB_2849,Aluminum Oxide,,,,,literature_mined,10.1073/pnas.0802878105,,,,a_10,
s_10.1073_FS_pnas.0802878105_InVitro.CB_2850,Aluminum Oxide,,,,,literature_mined,10.1073/pnas.0802878105,,,,a_10,
s_10.1073_FS_pnas.0802878105_InVitro.CB_2851,Aluminum Oxide,,,,,literature_mined,10.1073/pnas.0802878105,,,,a_10,
s_10.1073_FS_pnas.0802878105_InVitro.CB_2852,Aluminum Oxide,,,,,literature_mined,10.1073/pnas.0802878105,,,,a_10,
s_10.1073_FS_pnas.0802878105_InVitro.CB_2853,Aluminum Oxide,,,,,literature_mined,10.1073/pnas.0802878105,,,,a_10,
s_10.1073_FS_pnas.0802878105_InVitro.CB_2854,Aluminum Oxide,,,,,literature_mined,10.1073/pnas.0802878105,,,,a_10,
s_10.1073_FS_pnas.0802878105_InVitro.CB_2855,Aluminum Oxide,,,,,literature_mined,10.1073/pnas.0802878105,,,,a_10,
s_10.1073_FS_pnas.0802878105_InVitro.CB_2856,Aluminum Oxide,,,,,literature_mined,10.1073/pnas.0802878105,,,,a_10,
s_10.1073_FS_pnas.0802878105_InVitro.CB_2857,Aluminum Oxide,,,,,literature_mined,10.1073/pnas.0802878105,,,,a_10,
s_10.1073_FS_pnas.0802878105_InVitro.CB_2858,Aluminum Oxide,,,,,literature_mined,10.1073/pnas.0802878105,,,,a_10,
s_10.1073_FS_pnas.0802878105_InVitro.CB_2859,Aluminum Oxide,,,,,literature_mined,10.1073/pnas.0802878105,,,,a_10,
s_10.1073_FS_pnas.0802878105_InVitro.CB_2860,Aluminum Oxide,,,,,literature_mined,10.1073/pnas.0802878105,,,,a_10,
s_10.1073_FS_pnas.0802878105_InVitro.CB_2861,Aluminum Oxide,,,,,literature_mined,10.1073/pnas.0802878105,,,,a_10,
s_10.1073_FS_pnas.0802878105_InVitro.CB_2862,Aluminum Oxide,,,,,literature_mined,10.1073/pnas.0802878105,,,,a_10,
s_10.1073_FS_pnas.0802878105_InVitro.CB_2863,Aluminum Oxide,,,,,literature_mined,10.1073/pnas.0802878105,,,,a_10,
s_10.1073_FS_pnas.0802878105_InVitro.CB_2864,Aluminum Oxide,,,,,literature_mined,10.1073/pnas.0802878105,,,,a_10,
s_10.1073_FS_pnas.0802878105_InVitro.CB_2865,Aluminum Oxide,,,,,literature_mined,10.1073/pnas.0802878105,,,,a_10,
s_10.1073_FS_pnas.0802878105_InVitro.CB_2866,Aluminum Oxide,,,,,literature_mined,10.1073/pnas.0802878105,,,,a_10,
s_10.1073_FS_pnas.0802878105_InVitro.CB_2867,Aluminum Oxide,,,,,literature_mined,10.1073/pnas.0802878105,,,,a_10,
s_10.1073_FS_pnas.0802878105_InVitro.CB_2868,Aluminum Oxide,,,,,literature_mined,10.1073/pnas.0802878105,,,,a_10,
s_10.1073_FS_pnas.0802878105_InVitro.CB_2869,Aluminum Oxide,,,,,literature_mined,10.1073/pnas.0802878105,,,,a_10,
s_10.1073_FS_pnas.0802878105_InVitro.CB_2870,Aluminum Oxide,,,,,literature_mined,10.1073/pnas.0802878105,,,,a_10,
s_10.1073_FS_pnas.0802878105_InVitro.CB_2871,Aluminum Oxide,,,,,literature_mined,10.1073/pnas.0802878105,,,,a_10,
s_10.1073_FS_pnas.0802878105_InVitro.CB_2872,Aluminum Oxide,,,,,literature_mined,10.1073/pnas.0802878105,,,,a_10,
s_10.1073_FS_pnas.0802878105_InVitro.CB_2873,Aluminum Oxide,,,,,literature_mined,10.1073/pnas.0802878105,,,,a_10,
s_10.1073_FS_pnas.0802878105_InVitro.CB_2874,Aluminum Oxide,,,,,literature_mined,10.1073/pnas.0802878105,,,,a_10,
s_10.1073_FS_pnas.0802878105_InVitro.CB_2875,Aluminum Oxide,,,,,literature_mined,10.1073/pnas.0802878105,,,,a_10,
s_10.1073_FS_pnas.0802878105_InVitro.CB_2876,Aluminum Oxide,,,,,literature_mined,10.1073/pnas.0802878105,,,,a_10,
s_10.1073_FS_pnas.0802878105_InVitro.CB_2877,Aluminum Oxide,,,,,literature_mined,10.1073/pnas.0802878105,,,,a_10,
s_10.1073_FS_pnas.0802878105_InVitro.CB_2878,Aluminum Oxide,,,,,literature_mined,10.1073/pnas.0802878105,,,,a_10,
s_10.1073_FS_pnas.0802878105_InVitro.CB_2879,Aluminum Oxide,,,,,literature_mined,10.1073/pnas.0802878105,,,,a_10,
s_10.1073_FS_pnas.0802878105_InVitro.CB_2880,Aluminum Oxide,,,,,literature_mined,10.1073/pnas.0802878105,,,,a_10,
s_10.1073_FS_pnas.0802878105_InVitro.CB_2881,Aluminum Oxide,,,,,literature_mined,10.1073/pnas.0802878105,,,,a_10,
s_10.1073_FS_pnas.0802878105_InVitro.CB_2882,Aluminum Oxide,,,,,literature_mined,10.1073/pnas.0802878105,,,,a_10,
s_10.1073_FS_pnas.0802878105_InVitro.CB_2883,Aluminum Oxide,,,,,literature_mined,10.1073/pnas.0802878105,,,,a_10,
s_10.1073_FS_pnas.0802878105_InVitro.CB_2884,Aluminum Oxide,,,,,literature_mined,10.1073/pnas.0802878105,,,,a_10,
s_10.1073_FS_pnas.0802878105_InVitro.CB_2885,Aluminum Oxide,,,,,literature_mined,10.1073/pnas.0802878105,,,,a_10,
s_10.1073_FS_pnas.0802878105_InVitro.CB_2886,Aluminum Oxide,,,,,literature_mined,10.1073/pnas.0802878105,,,,a_10,
s_10.1073_FS_pnas.0802878105_InVitro.CB_2887,Aluminum Oxide,,,,,literature_mined,10.1073/pnas.0802878105,,,,a_10,
s_10.1073_FS_pnas.0802878105_InVitro.CB_2888,Aluminum Oxide,,,,,literature_mined,10.1073/pnas.0802878105,,,,a_10,
s_10.1073_FS_pnas.0802878105_InVitro.CB_2889,Aluminum Oxide,,,,,literature_mined,10.1073/pnas.0802878105,,,,a_10,
s_10.1073_FS_pnas.0802878105_InVitro.CB_2890,Aluminum Oxide,,,,,literature_mined,10.1073/pnas.0802878105,,,,a_10,
s_10.1073_FS_pnas.0802878105_InVitro.CB_2891,Aluminum Oxide,,,,,literature_mined,10.1073/pnas.0802878105,,,,a_10,
s_10.1073_FS_pnas.0802878105_InVitro.CB_2892,Aluminum Oxide,,,,,literature_mined,10.1073/pnas.0802878105,,,,a_10,
s_10.1073_FS_pnas.0802878105_InVitro.CB_2893,Aluminum Oxide,,,,,literature_mined,10.1073/pnas.0802878105,,,,a_10,
s_10.1073_FS_pnas.0802878105_InVitro.CB_2894,Aluminum Oxide,,,,,literature_mined,10.1073/pnas.0802878105,,,,a_10,
s_10.1073_FS_pnas.0802878105_InVitro.CB_2895,Aluminum Oxide,,,,,literature_mined,10.1073/pnas.0802878105,,,,a_10,
s_10.1073_FS_pnas.0802878105_InVitro.CB_2896,Aluminum Oxide,,,,,literature_mined,10.1073/pnas.0802878105,,,,a_10,
s_10.1073_FS_pnas.0802878105_InVitro.CB_2897,Aluminum Oxide,,,,,literature_mined,10.1073/pnas.0802878105,,,,a_10,
s_10.1073_FS_pnas.0802878105_InVitro.CB_2898,Aluminum Oxide,,,,,literature_mined,10.1073/pnas.0802878105,,,,a_10,
s_10.1073_FS_pnas.0802878105_InVitro.CB_2899,Aluminum Oxide,,,,,literature_mined,10.1073/pnas.0802878105,,,,a_10,
s_10.1073_FS_pnas.0802878105_InVitro.CB_2900,Aluminum Oxide,,,,,literature_mined,10.1073/pnas.0802878105,,,,a_10,
s_10.1073_FS_pnas.0802878105_InVitro.CB_2901,Aluminum Oxide,,,,,literature_mined,10.1073/pnas.0802878105,,,,a_10,
s_10.1073_FS_pnas.0802878105_InVitro.CB_2902,Aluminum Oxide,,,,,literature_mined,10.1073/pnas.0802878105,,,,a_10,
s_10.1073_FS_pnas.0802878105_InVitro.CB_2903,Aluminum Oxide,,,,,literature_mined,10.1073/pnas.0802878105,,,,a_10,
s_10.1073_FS_pnas.0802878105_InVitro.CB_2904,Aluminum Oxide,,,,,literature_mined,10.1073/pnas.0802878105,,,,a_10,
s_10.1073_FS_pnas.0802878105_InVitro.CB_2905,Aluminum Oxide,,,,,literature_mined,10.1073/pnas.0802878105,,,,a_10,
s_10.1073_FS_pnas.0802878105_InVitro.CB_2906,Aluminum Oxide,,,,,literature_mined,10.1073/pnas.0802878105,,,,a_10,
s_10.1073_FS_pnas.0802878105_InVitro.CB_2907,Aluminum Oxide,,,,,literature_mined,10.1073/pnas.0802878105,,,,a_10,
s_10.1073_FS_pnas.0802878105_InVitro.CB_2908,Aluminum Oxide,,,,,literature_mined,10.1073/pnas.0802878105,,,,a_10,
s_10.1073_FS_pnas.0802878105_InVitro.CB_2909,Aluminum Oxide,,,,,literature_mined,10.1073/pnas.0802878105,,,,a_10,
s_10.1073_FS_pnas.0802878105_InVitro.CB_2910,Aluminum Oxide,,,,,literature_mined,10.1073/pnas.0802878105,,,,a_10,
s_10.1073_FS_pnas.0802878105_InVitro.CB_2911,Aluminum Oxide,,,,,literature_mined,10.1073/pnas.0802878105,,,,a_10,
s_10.1073_FS_pnas.0802878105_InVitro.CB_2912,Aluminum Oxide,,,,,literature_mined,10.1073/pnas.0802878105,,,,a_10,
s_10.1073_FS_pnas.0802878105_InVitro.CB_2913,Aluminum Oxide,,,,,literature_mined,10.1073/pnas.0802878105,,,,a_10,
s_10.1073_FS_pnas.0802878105_InVitro.CB_2914,Aluminum Oxide,,,,,literature_mined,10.1073/pnas.0802878105,,,,a_10,
s_10.1073_FS_pnas.0802878105_InVitro.CB_2915,Aluminum Oxide,,,,,literature_mined,10.1073/pnas.0802878105,,,,a_10,
s_10.1073_FS_pnas.0802878105_InVitro.CB_2916,Aluminum Oxide,,,,,literature_mined,10.1073/pnas.0802878105,,,,a_10,
s_10.1073_FS_pnas.0802878105_InVitro.CB_2917,Aluminum Oxide,,,,,literature_mined,10.1073/pnas.0802878105,,,,a_10,
s_10.1073_FS_pnas.0802878105_InVitro.CB_2918,Aluminum Oxide,,,,,literature_mined,10.1073/pnas.0802878105,,,,a_10,
s_10.1073_FS_pnas.0802878105_InVitro.CB_2919,Aluminum Oxide,,,,,literature_mined,10.1073/pnas.0802878105,,,,a_10,
s_10.1073_FS_pnas.0802878105_InVitro.CB_2920,Aluminum Oxide,,,,,literature_mined,10.1073/pnas.0802878105,,,,a_10,
s_10.1073_FS_pnas.0802878105_InVitro.CB_2921,Aluminum Oxide,,,,,literature_mined,10.1073/pnas.0802878105,,,,a_10,
s_10.1073_FS_pnas.0802878105_InVitro.CB_2922,Aluminum Oxide,,,,,literature_mined,10.1073/pnas.0802878105,,,,a_10,
s_10.1073_FS_pnas.0802878105_InVitro.CB_2923,Aluminum Oxide,,,,,literature_mined,10.1073/pnas.0802878105,,,,a_10,
s_10.1073_FS_pnas.0802878105_InVitro.CB_2924,Aluminum Oxide,,,,,literature_mined,10.1073/pnas.0802878105,,,,a_10,
s_10.1073_FS_pnas.0802878105_InVitro.CB_2925,Aluminum Oxide,,,,,literature_mined,10.1073/pnas.0802878105,,,,a_10,
s_10.1073_FS_pnas.0802878105_InVitro.CB_2926,Aluminum Oxide,,,,,literature_mined,10.1073/pnas.0802878105,,,,a_10,
s_10.1073_FS_pnas.0802878105_InVitro.CB_2927,Aluminum Oxide,,,,,literature_mined,10.1073/pnas.0802878105,,,,a_10,
s_10.1073_FS_pnas.0802878105_InVitro.CB_2928,Aluminum Oxide,,,,,literature_mined,10.1073/pnas.0802878105,,,,a_10,
s_10.1073_FS_pnas.0802878105_InVitro.CB_2929,Aluminum Oxide,,,,,literature_mined,10.1073/pnas.0802878105,,,,a_10,
s_10.1073_FS_pnas.0802878105_InVitro.CB_2930,Aluminum Oxide,,,,,literature_mined,10.1073/pnas.0802878105,,,,a_10,
s_10.1073_FS_pnas.0802878105_InVitro.CB_2931,Aluminum Oxide,,,,,literature_mined,10.1073/pnas.0802878105,,,,a_10,
s_10.1073_FS_pnas.0802878105_InVitro.CB_2932,Aluminum Oxide,,,,,literature_mined,10.1073/pnas.0802878105,,,,a_10,
s_10.1073_FS_pnas.0802878105_InVitro.CB_2933,Aluminum Oxide,,,,,literature_mined,10.1073/pnas.0802878105,,,,a_10,
s_10.1073_FS_pnas.0802878105_InVitro.CB_2934,Aluminum Oxide,,,,,literature_mined,10.1073/pnas.0802878105,,,,a_10,
s_10.1073_FS_pnas.0802878105_InVitro.CB_2935,Aluminum Oxide,,,,,literature_mined,10.1073/pnas.0802878105,,,,a_10,
s_10.1073_FS_pnas.0802878105_InVitro.CB_2936,Aluminum Oxide,,,,,literature_mined,10.1073/pnas.0802878105,,,,a_10,
s_10.1073_FS_pnas.0802878105_InVitro.CB_2937,Aluminum Oxide,,,,,literature_mined,10.1073/pnas.0802878105,,,,a_10,
s_10.1073_FS_pnas.0802878105_InVitro.CB_2938,Aluminum Oxide,,,,,literature_mined,10.1073/pnas.0802878105,,,,a_10,
s_10.1073_FS_pnas.0802878105_InVitro.CB_2939,Aluminum Oxide,,,,,literature_mined,10.1073/pnas.0802878105,,,,a_10,
s_10.1073_FS_pnas.0802878105_InVitro.CB_2940,Aluminum Oxide,,,,,literature_mined,10.1073/pnas.0802878105,,,,a_10,
s_10.1073_FS_pnas.0802878105_InVitro.CB_2941,Aluminum Oxide,,,,,literature_mined,10.1073/pnas.0802878105,,,,a_10,
s_10.1073_FS_pnas.0802878105_InVitro.CB_2942,Aluminum Oxide,,,,,literature_mined,10.1073/pnas.0802878105,,,,a_10,
s_10.1073_FS_pnas.0802878105_InVitro.CB_2943,Aluminum Oxide,,,,,literature_mined,10.1073/pnas.0802878105,,,,a_10,
s_10.1073_FS_pnas.0802878105_InVitro.CB_2944,Aluminum Oxide,,,,,literature_mined,10.1073/pnas.0802878105,,,,a_10,
s_10.1073_FS_pnas.0802878105_InVitro.CB_2945,Aluminum Oxide,,,,,literature_mined,10.1073/pnas.0802878105,,,,a_10,
s_10.1073_FS_pnas.0802878105_InVitro.CB_2946,Aluminum Oxide,,,,,literature_mined,10.1073/pnas.0802878105,,,,a_10,
s_10.1073_FS_pnas.0802878105_InVitro.CB_2947,Aluminum Oxide,,,,,literature_mined,10.1073/pnas.0802878105,,,,a_10,
s_10.1073_FS_pnas.0802878105_InVitro.CB_2948,Aluminum Oxide,,,,,literature_mined,10.1073/pnas.0802878105,,,,a_10,
s_10.1073_FS_pnas.0802878105_InVitro.CB_2949,Aluminum Oxide,,,,,literature_mined,10.1073/pnas.0802878105,,,,a_10,
s_10.1073_FS_pnas.0802878105_InVitro.CB_2950,Aluminum Oxide,,,,,literature_mined,10.1073/pnas.0802878105,,,,a_10,
s_10.1073_FS_pnas.0802878105_InVitro.CB_2951,Aluminum Oxide,,,,,literature_mined,10.1073/pnas.0802878105,,,,a_10,
s_10.1073_FS_pnas.0802878105_InVitro.CB_2952,Aluminum Oxide,,,,,literature_mined,10.1073/pnas.0802878105,,,,a_10,
s_10.1073_FS_pnas.0802878105_InVitro.CB_2953,Aluminum Oxide,,,,,literature_mined,10.1073/pnas.0802878105,,,,a_10,
s_10.1073_FS_pnas.0802878105_InVitro.CB_2954,Aluminum Oxide,,,,,literature_mined,10.1073/pnas.0802878105,,,,a_10,
s_10.1073_FS_pnas.0802878105_InVitro.CB_2955,Aluminum Oxide,,,,,literature_mined,10.1073/pnas.0802878105,,,,a_10,
s_10.1073_FS_pnas.0802878105_InVitro.CB_2956,Aluminum Oxide,,,,,literature_mined,10.1073/pnas.0802878105,,,,a_10,
s_10.1073_FS_pnas.0802878105_InVitro.CB_2957,Aluminum Oxide,,,,,literature_mined,10.1073/pnas.0802878105,,,,a_10,
s_10.1073_FS_pnas.0802878105_InVitro.CB_2958,Aluminum Oxide,,,,,literature_mined,10.1073/pnas.0802878105,,,,a_10,
s_10.1073_FS_pnas.0802878105_InVitro.CB_2959,Aluminum Oxide,,,,,literature_mined,10.1073/pnas.0802878105,,,,a_10,
s_10.1073_FS_pnas.0802878105_InVitro.CB_2960,Aluminum Oxide,,,,,literature_mined,10.1073/pnas.0802878105,,,,a_10,
s_10.1073_FS_pnas.0802878105_InVitro.CB_2961,Aluminum Oxide,,,,,literature_mined,10.1073/pnas.0802878105,,,,a_10,
s_10.1073_FS_pnas.0802878105_InVitro.CB_2962,Aluminum Oxide,,,,,literature_mined,10.1073/pnas.0802878105,,,,a_10,
s_10.1073_FS_pnas.0802878105_InVitro.CB_2963,Aluminum Oxide,,,,,literature_mined,10.1073/pnas.0802878105,,,,a_10,
s_10.1073_FS_pnas.0802878105_InVitro.CB_2964,Aluminum Oxide,,,,,literature_mined,10.1073/pnas.0802878105,,,,a_10,
s_10.1073_FS_pnas.0802878105_InVitro.CB_2965,Aluminum Oxide,,,,,literature_mined,10.1073/pnas.0802878105,,,,a_10,
s_10.1073_FS_pnas.0802878105_InVitro.CB_2966,Aluminum Oxide,,,,,literature_mined,10.1073/pnas.0802878105,,,,a_10,
s_10.1073_FS_pnas.0802878105_InVitro.CB_2967,Aluminum Oxide,,,,,literature_mined,10.1073/pnas.0802878105,,,,a_10,
s_10.1073_FS_pnas.0802878105_InVitro.CB_2968,Aluminum Oxide,,,,,literature_mined,10.1073/pnas.0802878105,,,,a_10,
s_10.1073_FS_pnas.0802878105_InVitro.CB_2969,Aluminum Oxide,,,,,literature_mined,10.1073/pnas.0802878105,,,,a_10,
s_10.1073_FS_pnas.0802878105_InVitro.CB_2970,Aluminum Oxide,,,,,literature_mined,10.1073/pnas.0802878105,,,,a_10,
s_10.1073_FS_pnas.0802878105_InVitro.CB_2971,Aluminum Oxide,,,,,literature_mined,10.1073/pnas.0802878105,,,,a_10,
s_10.1073_FS_pnas.0802878105_InVitro.CB_2972,Aluminum Oxide,,,,,literature_mined,10.1073/pnas.0802878105,,,,a_10,
s_10.1073_FS_pnas.0802878105_InVitro.CB_2973,Aluminum Oxide,,,,,literature_mined,10.1073/pnas.0802878105,,,,a_10,
s_10.1073_FS_pnas.0802878105_InVitro.CB_2974,Aluminum Oxide,,,,,literature_mined,10.1073/pnas.0802878105,,,,a_10,
s_10.1073_FS_pnas.0802878105_InVitro.CB_2975,Aluminum Oxide,,,,,literature_mined,10.1073/pnas.0802878105,,,,a_10,
s_10.1073_FS_pnas.0802878105_InVitro.CB_2976,Aluminum Oxide,,,,,literature_mined,10.1073/pnas.0802878105,,,,a_10,
s_10.1073_FS_pnas.0802878105_InVitro.CB_2977,Aluminum Oxide,,,,,literature_mined,10.1073/pnas.0802878105,,,,a_10,
s_10.1073_FS_pnas.0802878105_InVitro.CB_2978,Aluminum Oxide,,,,,literature_mined,10.1073/pnas.0802878105,,,,a_10,
s_10.1073_FS_pnas.0802878105_InVitro.CB_2979,Aluminum Oxide,,,,,literature_mined,10.1073/pnas.0802878105,,,,a_10,
s_10.1073_FS_pnas.0802878105_InVitro.CB_2980,Aluminum Oxide,,,,,literature_mined,10.1073/pnas.0802878105,,,,a_10,
s_10.1073_FS_pnas.0802878105_InVitro.CB_2981,Aluminum Oxide,,,,,literature_mined,10.1073/pnas.0802878105,,,,a_10,
s_10.1073_FS_pnas.0802878105_InVitro.CB_2982,Aluminum Oxide,,,,,literature_mined,10.1073/pnas.0802878105,,,,a_10,
s_10.1073_FS_pnas.0802878105_InVitro.CB_2983,Aluminum Oxide,,,,,literature_mined,10.1073/pnas.0802878105,,,,a_10,
s_10.1073_FS_pnas.0802878105_InVitro.CB_2984,Aluminum Oxide,,,,,literature_mined,10.1073/pnas.0802878105,,,,a_10,
s_10.1073_FS_pnas.0802878105_InVitro.CB_2985,Aluminum Oxide,,,,,literature_mined,10.1073/pnas.0802878105,,,,a_10,
s_10.1073_FS_pnas.0802878105_InVitro.CB_2986,Aluminum Oxide,,,,,literature_mined,10.1073/pnas.0802878105,,,,a_10,
s_10.1073_FS_pnas.0802878105_InVitro.CB_2987,Aluminum Oxide,,,,,literature_mined,10.1073/pnas.0802878105,,,,a_10,
s_10.1073_FS_pnas.0802878105_InVitro.CB_2988,Aluminum Oxide,,,,,literature_mined,10.1073/pnas.0802878105,,,,a_10,
s_10.1073_FS_pnas.0802878105_InVitro.CB_2989,Aluminum Oxide,,,,,literature_mined,10.1073/pnas.0802878105,,,,a_10,
s_10.1073_FS_pnas.0802878105_InVitro.CB_2990,Aluminum Oxide,,,,,literature_mined,10.1073/pnas.0802878105,,,,a_10,
s_10.1073_FS_pnas.0802878105_InVitro.CB_2991,Aluminum Oxide,,,,,literature_mined,10.1073/pnas.0802878105,,,,a_10,
s_10.1073_FS_pnas.0802878105_InVitro.CB_2992,Aluminum Oxide,,,,,literature_mined,10.1073/pnas.0802878105,,,,a_10,
s_10.1073_FS_pnas.0802878105_InVitro.CB_2993,Aluminum Oxide,,,,,literature_mined,10.1073/pnas.0802878105,,,,a_10,
s_10.1073_FS_pnas.0802878105_InVitro.CB_2994,Aluminum Oxide,,,,,literature_mined,10.1073/pnas.0802878105,,,,a_10,
s_10.1073_FS_pnas.0802878105_InVitro.CB_2995,Aluminum Oxide,,,,,literature_mined,10.1073/pnas.0802878105,,,,a_10,
s_10.1073_FS_pnas.0802878105_InVitro.CB_2996,Aluminum Oxide,,,,,literature_mined,10.1073/pnas.0802878105,,,,a_10,
s_10.1073_FS_pnas.0802878105_InVitro.CB_2997,Aluminum Oxide,,,,,literature_mined,10.1073/pnas.0802878105,,,,a_10,
s_10.1073_FS_pnas.0802878105_InVitro.CB_2998,Aluminum Oxide,,,,,literature_mined,10.1073/pnas.0802878105,,,,a_10,
s_10.1073_FS_pnas.0802878105_InVitro.CB_2999,Aluminum Oxide,,,,,literature_mined,10.1073/pnas.0802878105,,,,a_10,
s_10.1073_FS_pnas.0802878105_InVitro.CB_3000,Aluminum Oxide,,,,,literature_mined,10.1073/pnas.0802878105,,,,a_10,
s_10.1073_FS_pnas.0802878105_InVitro.CB_3001,Aluminum Oxide,,,,,literature_mined,10.1073/pnas.0802878105,,,,a_10,
s_10.1073_FS_pnas.0802878105_InVitro.CB_3002,Aluminum Oxide,,,,,literature_mined,10.1073/pnas.0802878105,,,,a_10,
s_10.1073_FS_pnas.0802878105_InVitro.CB_3003,Aluminum Oxide,,,,,literature_mined,10.1073/pnas.0802878105,,,,a_10,
s_10.1073_FS_pnas.0802878105_InVitro.CB_3004,Aluminum Oxide,,,,,literature_mined,10.1073/pnas.0802878105,,,,a_10,
s_10.1073_FS_pnas.0802878105_InVitro.CB_3005,Aluminum Oxide,,,,,literature_mined,10.1073/pnas.0802878105,,,,a_10,
s_10.1073_FS_pnas.0802878105_InVitro.CB_3006,Aluminum Oxide,,,,,literature_mined,10.1073/pnas.0802878105,,,,a_10,
s_10.1073_FS_pnas.0802878105_InVitro.CB_3007,Aluminum Oxide,,,,,literature_mined,10.1073/pnas.0802878105,,,,a_10,
s_10.1073_FS_pnas.0802878105_InVitro.CB_3008,Aluminum Oxide,,,,,literature_mined,10.1073/pnas.0802878105,,,,a_10,
s_10.1073_FS_pnas.0802878105_InVitro.CB_3009,Aluminum Oxide,,,,,literature_mined,10.1073/pnas.0802878105,,,,a_10,
s_10.1073_FS_pnas.0802878105_InVitro.CB_3010,Aluminum Oxide,,,,,literature_mined,10.1073/pnas.0802878105,,,,a_10,
s_10.1073_FS_pnas.0802878105_InVitro.CB_3011,Aluminum Oxide,,,,,literature_mined,10.1073/pnas.0802878105,,,,a_10,
s_10.1073_FS_pnas.0802878105_InVitro.CB_3012,Aluminum Oxide,,,,,literature_mined,10.1073/pnas.0802878105,,,,a_10,
s_10.1073_FS_pnas.0802878105_InVitro.CB_3013,Aluminum Oxide,,,,,literature_mined,10.1073/pnas.0802878105,,,,a_10,
s_10.1073_FS_pnas.0802878105_InVitro.CB_3014,Aluminum Oxide,,,,,literature_mined,10.1073/pnas.0802878105,,,,a_10,
s_10.1073_FS_pnas.0802878105_InVitro.CB_3015,Aluminum Oxide,,,,,literature_mined,10.1073/pnas.0802878105,,,,a_10,
s_10.1073_FS_pnas.0802878105_InVitro.CB_3016,Aluminum Oxide,,,,,literature_mined,10.1073/pnas.0802878105,,,,a_10,
s_10.1073_FS_pnas.0802878105_InVitro.CB_3017,Aluminum Oxide,,,,,literature_mined,10.1073/pnas.0802878105,,,,a_10,
s_10.1073_FS_pnas.0802878105_InVitro.CB_3018,Aluminum Oxide,,,,,literature_mined,10.1073/pnas.0802878105,,,,a_10,
s_10.1073_FS_pnas.0802878105_InVitro.CB_3019,Aluminum Oxide,,,,,literature_mined,10.1073/pnas.0802878105,,,,a_10,
s_10.1073_FS_pnas.0802878105_InVitro.CB_3020,Aluminum Oxide,,,,,literature_mined,10.1073/pnas.0802878105,,,,a_10,
s_10.1073_FS_pnas.0802878105_InVitro.CB_3021,Aluminum Oxide,,,,,literature_mined,10.1073/pnas.0802878105,,,,a_10,
s_10.1073_FS_pnas.0802878105_InVitro.CB_3022,Aluminum Oxide,,,,,literature_mined,10.1073/pnas.0802878105,,,,a_10,
s_10.1073_FS_pnas.0802878105_InVitro.CB_3023,Aluminum Oxide,,,,,literature_mined,10.1073/pnas.0802878105,,,,a_10,
s_10.1073_FS_pnas.0802878105_InVitro.CB_3024,Aluminum Oxide,,,,,literature_mined,10.1073/pnas.0802878105,,,,a_10,
s_10.1073_FS_pnas.0802878105_InVitro.CB_3025,Aluminum Oxide,,,,,literature_mined,10.1073/pnas.0802878105,,,,a_10,
s_10.1073_FS_pnas.0802878105_InVitro.CB_3026,Aluminum Oxide,,,,,literature_mined,10.1073/pnas.0802878105,,,,a_10,
s_10.1073_FS_pnas.0802878105_InVitro.CB_3027,Aluminum Oxide,,,,,literature_mined,10.1073/pnas.0802878105,,,,a_10,
s_10.1073_FS_pnas.0802878105_InVitro.CB_3028,Aluminum Oxide,,,,,literature_mined,10.1073/pnas.0802878105,,,,a_10,
s_10.1073_FS_pnas.0802878105_InVitro.CB_3029,Aluminum Oxide,,,,,literature_mined,10.1073/pnas.0802878105,,,,a_10,
s_10.1073_FS_pnas.0802878105_InVitro.CB_3030,Aluminum Oxide,,,,,literature_mined,10.1073/pnas.0802878105,,,,a_10,
s_10.1073_FS_pnas.0802878105_InVitro.CB_3031,Aluminum Oxide,,,,,literature_mined,10.1073/pnas.0802878105,,,,a_10,
s_10.1073_FS_pnas.0802878105_InVitro.CB_3032,Aluminum Oxide,,,,,literature_mined,10.1073/pnas.0802878105,,,,a_10,
s_10.1073_FS_pnas.0802878105_InVitro.CB_3033,Aluminum Oxide,,,,,literature_mined,10.1073/pnas.0802878105,,,,a_10,
s_10.1073_FS_pnas.0802878105_InVitro.CB_3034,Aluminum Oxide,,,,,literature_mined,10.1073/pnas.0802878105,,,,a_10,
s_10.1073_FS_pnas.0802878105_InVitro.CB_3035,Aluminum Oxide,,,,,literature_mined,10.1073/pnas.0802878105,,,,a_10,
s_10.1073_FS_pnas.0802878105_InVitro.CB_3036,Aluminum Oxide,,,,,literature_mined,10.1073/pnas.0802878105,,,,a_10,
s_10.1073_FS_pnas.0802878105_InVitro.CB_3037,Aluminum Oxide,,,,,literature_mined,10.1073/pnas.0802878105,,,,a_10,
s_10.1073_FS_pnas.0802878105_InVitro.CB_3038,Aluminum Oxide,,,,,literature_mined,10.1073/pnas.0802878105,,,,a_10,
s_10.1073_FS_pnas.0802878105_InVitro.CB_3039,Aluminum Oxide,,,,,literature_mined,10.1073/pnas.0802878105,,,,a_10,
s_10.1073_FS_pnas.0802878105_InVitro.CB_3040,Aluminum Oxide,,,,,literature_mined,10.1073/pnas.0802878105,,,,a_10,
s_10.1073_FS_pnas.0802878105_InVitro.CB_3041,Aluminum Oxide,,,,,literature_mined,10.1073/pnas.0802878105,,,,a_10,
s_10.1073_FS_pnas.0802878105_InVitro.CB_3042,Aluminum Oxide,,,,,literature_mined,10.1073/pnas.0802878105,,,,a_10,
s_10.1073_FS_pnas.0802878105_InVitro.CB_3043,Aluminum Oxide,,,,,literature_mined,10.1073/pnas.0802878105,,,,a_10,
s_10.1073_FS_pnas.0802878105_InVitro.CB_3044,Aluminum Oxide,,,,,literature_mined,10.1073/pnas.0802878105,,,,a_10,
s_10.1073_FS_pnas.0802878105_InVitro.CB_3045,Aluminum Oxide,,,,,literature_mined,10.1073/pnas.0802878105,,,,a_10,
s_10.1073_FS_pnas.0802878105_InVitro.CB_3046,Aluminum Oxide,,,,,literature_mined,10.1073/pnas.0802878105,,,,a_10,
s_10.1073_FS_pnas.0802878105_InVitro.CB_3047,Aluminum Oxide,,,,,literature_mined,10.1073/pnas.0802878105,,,,a_10,
s_10.1073_FS_pnas.0802878105_InVitro.CB_3048,Aluminum Oxide,,,,,literature_mined,10.1073/pnas.0802878105,,,,a_10,
s_10.1073_FS_pnas.0802878105_InVitro.CB_3049,Aluminum Oxide,,,,,literature_mined,10.1073/pnas.0802878105,,,,a_10,
s_10.1073_FS_pnas.0802878105_InVitro.CB_3050,Aluminum Oxide,,,,,literature_mined,10.1073/pnas.0802878105,,,,a_10,
s_10.1073_FS_pnas.0802878105_InVitro.CB_3051,Aluminum Oxide,,,,,literature_mined,10.1073/pnas.0802878105,,,,a_10,
s_10.1073_FS_pnas.0802878105_InVitro.CB_3052,Aluminum Oxide,,,,,literature_mined,10.1073/pnas.0802878105,,,,a_10,
s_10.1073_FS_pnas.0802878105_InVitro.CB_3053,Aluminum Oxide,,,,,literature_mined,10.1073/pnas.0802878105,,,,a_10,
s_10.1073_FS_pnas.0802878105_InVitro.CB_3054,Aluminum Oxide,,,,,literature_mined,10.1073/pnas.0802878105,,,,a_10,
s_10.1073_FS_pnas.0802878105_InVitro.CB_3055,Aluminum Oxide,,,,,literature_mined,10.1073/pnas.0802878105,,,,a_10,
s_10.1073_FS_pnas.0802878105_InVitro.CB_3056,Aluminum Oxide,,,,,literature_mined,10.1073/pnas.0802878105,,,,a_10,
s_10.1073_FS_pnas.0802878105_InVitro.CB_3057,Aluminum Oxide,,,,,literature_mined,10.1073/pnas.0802878105,,,,a_10,
s_10.1073_FS_pnas.0802878105_InVitro.CB_3058,Aluminum Oxide,,,,,literature_mined,10.1073/pnas.0802878105,,,,a_10,
s_10.1073_FS_pnas.0802878105_InVitro.CB_3059,Aluminum Oxide,,,,,literature_mined,10.1073/pnas.0802878105,,,,a_10,
s_10.1073_FS_pnas.0802878105_InVitro.CB_3060,Aluminum Oxide,,,,,literature_mined,10.1073/pnas.0802878105,,,,a_10,
s_10.1073_FS_pnas.0802878105_InVitro.CB_3061,Aluminum Oxide,,,,,literature_mined,10.1073/pnas.0802878105,,,,a_10,
s_10.1073_FS_pnas.0802878105_InVitro.CB_3062,Aluminum Oxide,,,,,literature_mined,10.1073/pnas.0802878105,,,,a_10,
s_10.1073_FS_pnas.0802878105_InVitro.CB_3063,Aluminum Oxide,,,,,literature_mined,10.1073/pnas.0802878105,,,,a_10,
s_10.1073_FS_pnas.0802878105_InVitro.CB_3064,Aluminum Oxide,,,,,literature_mined,10.1073/pnas.0802878105,,,,a_10,
s_10.1073_FS_pnas.0802878105_InVitro.CB_3065,Aluminum Oxide,,,,,literature_mined,10.1073/pnas.0802878105,,,,a_10,
s_10.1073_FS_pnas.0802878105_InVitro.CB_3066,Aluminum Oxide,,,,,literature_mined,10.1073/pnas.0802878105,,,,a_10,
s_10.1073_FS_pnas.0802878105_InVitro.CB_3067,Aluminum Oxide,,,,,literature_mined,10.1073/pnas.0802878105,,,,a_10,
s_10.1073_FS_pnas.0802878105_InVitro.CB_3068,Aluminum Oxide,,,,,literature_mined,10.1073/pnas.0802878105,,,,a_10,
s_10.1073_FS_pnas.0802878105_InVitro.CB_3069,Aluminum Oxide,,,,,literature_mined,10.1073/pnas.0802878105,,,,a_10,
s_10.1073_FS_pnas.0802878105_InVitro.CB_3070,Aluminum Oxide,,,,,literature_mined,10.1073/pnas.0802878105,,,,a_10,
s_10.1073_FS_pnas.0802878105_InVitro.CB_3071,Aluminum Oxide,,,,,literature_mined,10.1073/pnas.0802878105,,,,a_10,
s_10.1073_FS_pnas.0802878105_InVitro.CB_3072,Aluminum Oxide,,,,,literature_mined,10.1073/pnas.0802878105,,,,a_10,
s_10.1073_FS_pnas.0802878105_InVitro.CB_3073,Aluminum Oxide,,,,,literature_mined,10.1073/pnas.0802878105,,,,a_10,
s_10.1073_FS_pnas.0802878105_InVitro.CB_3074,Aluminum Oxide,,,,,literature_mined,10.1073/pnas.0802878105,,,,a_10,
s_10.1073_FS_pnas.0802878105_InVitro.CB_3075,Aluminum Oxide,,,,,literature_mined,10.1073/pnas.0802878105,,,,a_10,
s_10.1073_FS_pnas.0802878105_InVitro.CB_3076,Aluminum Oxide,,,,,literature_mined,10.1073/pnas.0802878105,,,,a_10,
s_10.1073_FS_pnas.0802878105_InVitro.CB_3077,Aluminum Oxide,,,,,literature_mined,10.1073/pnas.0802878105,,,,a_10,
s_10.1073_FS_pnas.0802878105_InVitro.CB_3078,Aluminum Oxide,,,,,literature_mined,10.1073/pnas.0802878105,,,,a_10,
s_10.1073_FS_pnas.0802878105_InVitro.CB_3079,Aluminum Oxide,,,,,literature_mined,10.1073/pnas.0802878105,,,,a_10,
s_10.1073_FS_pnas.0802878105_InVitro.CB_3080,Aluminum Oxide,,,,,literature_mined,10.1073/pnas.0802878105,,,,a_10,
s_10.1073_FS_pnas.0802878105_InVitro.CB_3081,Aluminum Oxide,,,,,literature_mined,10.1073/pnas.0802878105,,,,a_10,
s_10.1073_FS_pnas.0802878105_InVitro.CB_3082,Aluminum Oxide,,,,,literature_mined,10.1073/pnas.0802878105,,,,a_10,
s_10.1073_FS_pnas.0802878105_InVitro.CB_3083,Aluminum Oxide,,,,,literature_mined,10.1073/pnas.0802878105,,,,a_10,
s_10.1073_FS_pnas.0802878105_InVitro.CB_3084,Aluminum Oxide,,,,,literature_mined,10.1073/pnas.0802878105,,,,a_10,
s_10.1073_FS_pnas.0802878105_InVitro.CB_3085,Aluminum Oxide,,,,,literature_mined,10.1073/pnas.0802878105,,,,a_10,
s_10.1073_FS_pnas.0802878105_InVitro.CB_3086,Aluminum Oxide,,,,,literature_mined,10.1073/pnas.0802878105,,,,a_10,
s_10.1073_FS_pnas.0802878105_InVitro.CB_3087,Aluminum Oxide,,,,,literature_mined,10.1073/pnas.0802878105,,,,a_10,
s_10.1073_FS_pnas.0802878105_InVitro.CB_3088,Aluminum Oxide,,,,,literature_mined,10.1073/pnas.0802878105,,,,a_10,
s_10.1073_FS_pnas.0802878105_InVitro.CB_3089,Aluminum Oxide,,,,,literature_mined,10.1073/pnas.0802878105,,,,a_10,
s_10.1073_FS_pnas.0802878105_InVitro.CB_3090,Aluminum Oxide,,,,,literature_mined,10.1073/pnas.0802878105,,,,a_10,
s_10.1073_FS_pnas.0802878105_InVitro.CB_3091,Aluminum Oxide,,,,,literature_mined,10.1073/pnas.0802878105,,,,a_10,
s_10.1073_FS_pnas.0802878105_InVitro.CB_3092,Aluminum Oxide,,,,,literature_mined,10.1073/pnas.0802878105,,,,a_10,
s_10.1073_FS_pnas.0802878105_InVitro.CB_3093,Aluminum Oxide,,,,,literature_mined,10.1073/pnas.0802878105,,,,a_10,
s_10.1073_FS_pnas.0802878105_InVitro.CB_3094,Aluminum Oxide,,,,,literature_mined,10.1073/pnas.0802878105,,,,a_10,
s_10.1073_FS_pnas.0802878105_InVitro.CB_3095,Aluminum Oxide,,,,,literature_mined,10.1073/pnas.0802878105,,,,a_10,
s_10.1073_FS_pnas.0802878105_InVitro.CB_3096,Aluminum Oxide,,,,,literature_mined,10.1073/pnas.0802878105,,,,a_10,
s_10.1073_FS_pnas.0802878105_InVitro.CB_3097,Aluminum Oxide,,,,,literature_mined,10.1073/pnas.0802878105,,,,a_10,
s_10.1073_FS_pnas.0802878105_InVitro.CB_3098,Aluminum Oxide,,,,,literature_mined,10.1073/pnas.0802878105,,,,a_10,
s_10.1073_FS_pnas.0802878105_InVitro.CB_3099,Aluminum Oxide,,,,,literature_mined,10.1073/pnas.0802878105,,,,a_10,
s_10.1073_FS_pnas.0802878105_InVitro.CB_3100,Aluminum Oxide,,,,,literature_mined,10.1073/pnas.0802878105,,,,a_10,
s_10.1073_FS_pnas.0802878105_InVitro.CB_3101,Aluminum Oxide,,,,,literature_mined,10.1073/pnas.0802878105,,,,a_10,
s_10.1073_FS_pnas.0802878105_InVitro.CB_3102,Aluminum Oxide,,,,,literature_mined,10.1073/pnas.0802878105,,,,a_10,
s_10.1073_FS_pnas.0802878105_InVitro.CB_3103,Aluminum Oxide,,,,,literature_mined,10.1073/pnas.0802878105,,,,a_10,
s_10.1073_FS_pnas.0802878105_InVitro.CB_3104,Aluminum Oxide,,,,,literature_mined,10.1073/pnas.0802878105,,,,a_10,
s_10.1073_FS_pnas.0802878105_InVitro.CB_3105,Aluminum Oxide,,,,,literature_mined,10.1073/pnas.0802878105,,,,a_10,
s_10.1073_FS_pnas.0802878105_InVitro.CB_3106,Aluminum Oxide,,,,,literature_mined,10.1073/pnas.0802878105,,,,a_10,
s_10.1073_FS_pnas.0802878105_InVitro.CB_3107,Aluminum Oxide,,,,,literature_mined,10.1073/pnas.0802878105,,,,a_10,
s_10.1073_FS_pnas.0802878105_InVitro.CB_3108,Aluminum Oxide,,,,,literature_mined,10.1073/pnas.0802878105,,,,a_10,
s_10.1073_FS_pnas.0802878105_InVitro.CB_3109,Aluminum Oxide,,,,,literature_mined,10.1073/pnas.0802878105,,,,a_10,
s_10.1073_FS_pnas.0802878105_InVitro.CB_3110,Aluminum Oxide,,,,,literature_mined,10.1073/pnas.0802878105,,,,a_10,
s_10.1073_FS_pnas.0802878105_InVitro.CB_3111,Aluminum Oxide,,,,,literature_mined,10.1073/pnas.0802878105,,,,a_10,
s_10.1073_FS_pnas.0802878105_InVitro.CB_3112,Aluminum Oxide,,,,,literature_mined,10.1073/pnas.0802878105,,,,a_10,
s_10.1073_FS_pnas.0802878105_InVitro.CB_3113,Aluminum Oxide,,,,,literature_mined,10.1073/pnas.0802878105,,,,a_10,
s_10.1073_FS_pnas.0802878105_InVitro.CB_3114,Aluminum Oxide,,,,,literature_mined,10.1073/pnas.0802878105,,,,a_10,
s_10.1073_FS_pnas.0802878105_InVitro.CB_3115,Aluminum Oxide,,,,,literature_mined,10.1073/pnas.0802878105,,,,a_10,
s_10.1073_FS_pnas.0802878105_InVitro.CB_3116,Aluminum Oxide,,,,,literature_mined,10.1073/pnas.0802878105,,,,a_10,
s_10.1073_FS_pnas.0802878105_InVitro.CB_3117,Aluminum Oxide,,,,,literature_mined,10.1073/pnas.0802878105,,,,a_10,
s_10.1073_FS_pnas.0802878105_InVitro.CB_3118,Aluminum Oxide,,,,,literature_mined,10.1073/pnas.0802878105,,,,a_10,
s_10.1073_FS_pnas.0802878105_InVitro.CB_3119,Aluminum Oxide,,,,,literature_mined,10.1073/pnas.0802878105,,,,a_10,
s_10.1073_FS_pnas.0802878105_InVitro.CB_3120,Aluminum Oxide,,,,,literature_mined,10.1073/pnas.0802878105,,,,a_10,
s_10.1073_FS_pnas.0802878105_InVitro.CB_3121,Aluminum Oxide,,,,,literature_mined,10.1073/pnas.0802878105,,,,a_10,
s_10.1073_FS_pnas.0802878105_InVitro.CB_3122,Aluminum Oxide,,,,,literature_mined,10.1073/pnas.0802878105,,,,a_10,
s_10.1073_FS_pnas.0802878105_InVitro.CB_3123,Aluminum Oxide,,,,,literature_mined,10.1073/pnas.0802878105,,,,a_10,
s_10.1073_FS_pnas.0802878105_InVitro.CB_3124,Aluminum Oxide,,,,,literature_mined,10.1073/pnas.0802878105,,,,a_10,
s_10.1073_FS_pnas.0802878105_InVitro.CB_3125,Aluminum Oxide,,,,,literature_mined,10.1073/pnas.0802878105,,,,a_10,
s_10.1073_FS_pnas.0802878105_InVitro.CB_3126,Aluminum Oxide,,,,,literature_mined,10.1073/pnas.0802878105,,,,a_10,
s_10.1073_FS_pnas.0802878105_InVitro.CB_3127,Aluminum Oxide,,,,,literature_mined,10.1073/pnas.0802878105,,,,a_10,
s_10.1073_FS_pnas.0802878105_InVitro.CB_3128,Aluminum Oxide,,,,,literature_mined,10.1073/pnas.0802878105,,,,a_10,
s_10.1073_FS_pnas.0802878105_InVitro.CB_3129,Aluminum Oxide,,,,,literature_mined,10.1073/pnas.0802878105,,,,a_10,
s_10.1073_FS_pnas.0802878105_InVitro.CB_3130,Aluminum Oxide,,,,,literature_mined,10.1073/pnas.0802878105,,,,a_10,
s_10.1073_FS_pnas.0802878105_InVitro.CB_3131,Aluminum Oxide,,,,,literature_mined,10.1073/pnas.0802878105,,,,a_10,
s_10.1073_FS_pnas.0802878105_InVitro.CB_3132,Aluminum Oxide,,,,,literature_mined,10.1073/pnas.0802878105,,,,a_10,
s_10.1073_FS_pnas.0802878105_InVitro.CB_3133,Aluminum Oxide,,,,,literature_mined,10.1073/pnas.0802878105,,,,a_10,
s_10.1073_FS_pnas.0802878105_InVitro.CB_3134,Aluminum Oxide,,,,,literature_mined,10.1073/pnas.0802878105,,,,a_10,
s_10.1073_FS_pnas.0802878105_InVitro.CB_3135,Aluminum Oxide,,,,,literature_mined,10.1073/pnas.0802878105,,,,a_10,
s_10.1073_FS_pnas.0802878105_InVitro.CB_3136,Aluminum Oxide,,,,,literature_mined,10.1073/pnas.0802878105,,,,a_10,
s_10.1073_FS_pnas.0802878105_InVitro.CB_3137,Aluminum Oxide,,,,,literature_mined,10.1073/pnas.0802878105,,,,a_10,
s_10.1073_FS_pnas.0802878105_InVitro.CB_3138,Aluminum Oxide,,,,,literature_mined,10.1073/pnas.0802878105,,,,a_10,
s_10.1073_FS_pnas.0802878105_InVitro.CB_3139,Aluminum Oxide,,,,,literature_mined,10.1073/pnas.0802878105,,,,a_10,
s_10.1073_FS_pnas.0802878105_InVitro.CB_3140,Aluminum Oxide,,,,,literature_mined,10.1073/pnas.0802878105,,,,a_10,
s_10.1073_FS_pnas.0802878105_InVitro.CB_3141,Aluminum Oxide,,,,,literature_mined,10.1073/pnas.0802878105,,,,a_10,
s_10.1073_FS_pnas.0802878105_InVitro.CB_3142,Aluminum Oxide,,,,,literature_mined,10.1073/pnas.0802878105,,,,a_10,
s_10.1073_FS_pnas.0802878105_InVitro.CB_3143,Aluminum Oxide,,,,,literature_mined,10.1073/pnas.0802878105,,,,a_10,
s_10.1073_FS_pnas.0802878105_InVitro.CB_3144,Aluminum Oxide,,,,,literature_mined,10.1073/pnas.0802878105,,,,a_10,
s_10.1073_FS_pnas.0802878105_InVitro.CB_3145,Aluminum Oxide,,,,,literature_mined,10.1073/pnas.0802878105,,,,a_10,
s_10.1073_FS_pnas.0802878105_InVitro.CB_3146,Aluminum Oxide,,,,,literature_mined,10.1073/pnas.0802878105,,,,a_10,
s_10.1073_FS_pnas.0802878105_InVitro.CB_3147,Aluminum Oxide,,,,,literature_mined,10.1073/pnas.0802878105,,,,a_10,
s_10.1073_FS_pnas.0802878105_InVitro.CB_3148,Aluminum Oxide,,,,,literature_mined,10.1073/pnas.0802878105,,,,a_10,
s_10.1073_FS_pnas.0802878105_InVitro.CB_3149,Aluminum Oxide,,,,,literature_mined,10.1073/pnas.0802878105,,,,a_10,
s_10.1073_FS_pnas.0802878105_InVitro.CB_3150,Aluminum Oxide,,,,,literature_mined,10.1073/pnas.0802878105,,,,a_10,
s_10.1073_FS_pnas.0802878105_InVitro.CB_3151,Aluminum Oxide,,,,,literature_mined,10.1073/pnas.0802878105,,,,a_10,
s_10.1073_FS_pnas.0802878105_InVitro.CB_3152,Aluminum Oxide,,,,,literature_mined,10.1073/pnas.0802878105,,,,a_10,
s_10.1073_FS_pnas.0802878105_InVitro.CB_3153,Aluminum Oxide,,,,,literature_mined,10.1073/pnas.0802878105,,,,a_10,
s_10.1073_FS_pnas.0802878105_InVitro.CB_3154,Aluminum Oxide,,,,,literature_mined,10.1073/pnas.0802878105,,,,a_10,
s_10.1073_FS_pnas.0802878105_InVitro.CB_3155,Aluminum Oxide,,,,,literature_mined,10.1073/pnas.0802878105,,,,a_10,
s_10.1073_FS_pnas.0802878105_InVitro.CB_3156,Aluminum Oxide,,,,,literature_mined,10.1073/pnas.0802878105,,,,a_10,
s_10.1073_FS_pnas.0802878105_InVitro.CB_3157,Aluminum Oxide,,,,,literature_mined,10.1073/pnas.0802878105,,,,a_10,
s_10.1073_FS_pnas.0802878105_InVitro.CB_3158,Aluminum Oxide,,,,,literature_mined,10.1073/pnas.0802878105,,,,a_10,
s_10.1073_FS_pnas.0802878105_InVitro.CB_3159,Aluminum Oxide,,,,,literature_mined,10.1073/pnas.0802878105,,,,a_10,
s_10.1073_FS_pnas.0802878105_InVitro.CB_3160,Aluminum Oxide,,,,,literature_mined,10.1073/pnas.0802878105,,,,a_10,
s_10.1073_FS_pnas.0802878105_InVitro.CB_3161,Aluminum Oxide,,,,,literature_mined,10.1073/pnas.0802878105,,,,a_10,
s_10.1073_FS_pnas.0802878105_InVitro.CB_3162,Aluminum Oxide,,,,,literature_mined,10.1073/pnas.0802878105,,,,a_10,
s_10.1073_FS_pnas.0802878105_InVitro.CB_3163,Aluminum Oxide,,,,,literature_mined,10.1073/pnas.0802878105,,,,a_10,
s_10.1073_FS_pnas.0802878105_InVitro.CB_3164,Aluminum Oxide,,,,,literature_mined,10.1073/pnas.0802878105,,,,a_10,
s_10.1073_FS_pnas.0802878105_InVitro.CB_3165,Aluminum Oxide,,,,,literature_mined,10.1073/pnas.0802878105,,,,a_10,
s_10.1073_FS_pnas.0802878105_InVitro.CB_3166,Aluminum Oxide,,,,,literature_mined,10.1073/pnas.0802878105,,,,a_10,
s_10.1073_FS_pnas.0802878105_InVitro.CB_3167,Aluminum Oxide,,,,,literature_mined,10.1073/pnas.0802878105,,,,a_10,
s_10.1073_FS_pnas.0802878105_InVitro.CB_3168,Aluminum Oxide,,,,,literature_mined,10.1073/pnas.0802878105,,,,a_10,
s_10.1073_FS_pnas.0802878105_InVitro.CB_3169,Aluminum Oxide,,,,,literature_mined,10.1073/pnas.0802878105,,,,a_10,
s_10.1073_FS_pnas.0802878105_InVitro.CB_3170,Aluminum Oxide,,,,,literature_mined,10.1073/pnas.0802878105,,,,a_10,
s_10.1073_FS_pnas.0802878105_InVitro.CB_3171,Aluminum Oxide,,,,,literature_mined,10.1073/pnas.0802878105,,,,a_10,
s_10.1073_FS_pnas.0802878105_InVitro.CB_3172,Aluminum Oxide,,,,,literature_mined,10.1073/pnas.0802878105,,,,a_10,
s_10.1073_FS_pnas.0802878105_InVitro.CB_3173,Aluminum Oxide,,,,,literature_mined,10.1073/pnas.0802878105,,,,a_10,
s_10.1073_FS_pnas.0802878105_InVitro.CB_3174,Aluminum Oxide,,,,,literature_mined,10.1073/pnas.0802878105,,,,a_10,
s_10.1073_FS_pnas.0802878105_InVitro.CB_3175,Aluminum Oxide,,,,,literature_mined,10.1073/pnas.0802878105,,,,a_10,
s_10.1073_FS_pnas.0802878105_InVitro.CB_3176,Aluminum Oxide,,,,,literature_mined,10.1073/pnas.0802878105,,,,a_10,
s_10.1073_FS_pnas.0802878105_InVitro.CB_3177,Aluminum Oxide,,,,,literature_mined,10.1073/pnas.0802878105,,,,a_10,
s_10.1073_FS_pnas.0802878105_InVitro.CB_3178,Aluminum Oxide,,,,,literature_mined,10.1073/pnas.0802878105,,,,a_10,
s_10.1073_FS_pnas.0802878105_InVitro.CB_3179,Aluminum Oxide,,,,,literature_mined,10.1073/pnas.0802878105,,,,a_10,
s_10.1073_FS_pnas.0802878105_InVitro.CB_3180,Aluminum Oxide,,,,,literature_mined,10.1073/pnas.0802878105,,,,a_10,
s_10.1073_FS_pnas.0802878105_InVitro.CB_3181,Aluminum Oxide,,,,,literature_mined,10.1073/pnas.0802878105,,,,a_10,
s_10.1073_FS_pnas.0802878105_InVitro.CB_3182,Aluminum Oxide,,,,,literature_mined,10.1073/pnas.0802878105,,,,a_10,
s_10.1073_FS_pnas.0802878105_InVitro.CB_3183,Aluminum Oxide,,,,,literature_mined,10.1073/pnas.0802878105,,,,a_10,
s_10.1073_FS_pnas.0802878105_InVitro.CB_3184,Aluminum Oxide,,,,,literature_mined,10.1073/pnas.0802878105,,,,a_10,
s_10.1073_FS_pnas.0802878105_InVitro.CB_3185,Aluminum Oxide,,,,,literature_mined,10.1073/pnas.0802878105,,,,a_10,
s_10.1073_FS_pnas.0802878105_InVitro.CB_3186,Aluminum Oxide,,,,,literature_mined,10.1073/pnas.0802878105,,,,a_10,
s_10.1073_FS_pnas.0802878105_InVitro.CB_3187,Aluminum Oxide,,,,,literature_mined,10.1073/pnas.0802878105,,,,a_10,
s_10.1073_FS_pnas.0802878105_InVitro.CB_3188,Aluminum Oxide,,,,,literature_mined,10.1073/pnas.0802878105,,,,a_10,
s_10.1073_FS_pnas.0802878105_InVitro.CB_3189,Aluminum Oxide,,,,,literature_mined,10.1073/pnas.0802878105,,,,a_10,
s_10.1073_FS_pnas.0802878105_InVitro.CB_3190,Aluminum Oxide,,,,,literature_mined,10.1073/pnas.0802878105,,,,a_10,
s_10.1073_FS_pnas.0802878105_InVitro.CB_3191,Aluminum Oxide,,,,,literature_mined,10.1073/pnas.0802878105,,,,a_10,
s_10.1073_FS_pnas.0802878105_InVitro.CB_3192,Aluminum Oxide,,,,,literature_mined,10.1073/pnas.0802878105,,,,a_10,
s_10.1073_FS_pnas.0802878105_InVitro.CB_3193,Aluminum Oxide,,,,,literature_mined,10.1073/pnas.0802878105,,,,a_10,
s_10.1073_FS_pnas.0802878105_InVitro.CB_3194,Aluminum Oxide,,,,,literature_mined,10.1073/pnas.0802878105,,,,a_10,
s_10.1073_FS_pnas.0802878105_InVitro.CB_3195,Aluminum Oxide,,,,,literature_mined,10.1073/pnas.0802878105,,,,a_10,
s_10.1073_FS_pnas.0802878105_InVitro.CB_3196,Aluminum Oxide,,,,,literature_mined,10.1073/pnas.0802878105,,,,a_10,
s_10.1073_FS_pnas.0802878105_InVitro.CB_3197,Aluminum Oxide,,,,,literature_mined,10.1073/pnas.0802878105,,,,a_10,
s_10.1073_FS_pnas.0802878105_InVitro.CB_3198,Aluminum Oxide,,,,,literature_mined,10.1073/pnas.0802878105,,,,a_10,
s_10.1073_FS_pnas.0802878105_InVitro.CB_3199,Aluminum Oxide,,,,,literature_mined,10.1073/pnas.0802878105,,,,a_10,
s_10.1073_FS_pnas.0802878105_InVitro.CB_3200,Aluminum Oxide,,,,,literature_mined,10.1073/pnas.0802878105,,,,a_10,
s_10.1073_FS_pnas.0802878105_InVitro.CB_801,Aluminum Oxide,,,,,literature_mined,10.1073/pnas.0802878105,,,,a_10,
s_10.1073_FS_pnas.0802878105_InVitro.CB_802,Aluminum Oxide,,,,,literature_mined,10.1073/pnas.0802878105,,,,a_10,
s_10.1073_FS_pnas.0802878105_InVitro.CB_803,Aluminum Oxide,,,,,literature_mined,10.1073/pnas.0802878105,,,,a_10,
s_10.1073_FS_pnas.0802878105_InVitro.CB_804,Aluminum Oxide,,,,,literature_mined,10.1073/pnas.0802878105,,,,a_10,
s_10.1073_FS_pnas.0802878105_InVitro.CB_805,Aluminum Oxide,,,,,literature_mined,10.1073/pnas.0802878105,,,,a_10,
s_10.1073_FS_pnas.0802878105_InVitro.CB_806,Aluminum Oxide,,,,,literature_mined,10.1073/pnas.0802878105,,,,a_10,
s_10.1073_FS_pnas.0802878105_InVitro.CB_807,Aluminum Oxide,,,,,literature_mined,10.1073/pnas.0802878105,,,,a_10,
s_10.1073_FS_pnas.0802878105_InVitro.CB_808,Aluminum Oxide,,,,,literature_mined,10.1073/pnas.0802878105,,,,a_10,
s_10.1073_FS_pnas.0802878105_InVitro.CB_809,Aluminum Oxide,,,,,literature_mined,10.1073/pnas.0802878105,,,,a_10,
s_10.1073_FS_pnas.0802878105_InVitro.CB_810,Aluminum Oxide,,,,,literature_mined,10.1073/pnas.0802878105,,,,a_10,
s_10.1073_FS_pnas.0802878105_InVitro.CB_811,Aluminum Oxide,,,,,literature_mined,10.1073/pnas.0802878105,,,,a_10,
s_10.1073_FS_pnas.0802878105_InVitro.CB_812,Aluminum Oxide,,,,,literature_mined,10.1073/pnas.0802878105,,,,a_10,
s_10.1073_FS_pnas.0802878105_InVitro.CB_813,Aluminum Oxide,,,,,literature_mined,10.1073/pnas.0802878105,,,,a_10,
s_10.1073_FS_pnas.0802878105_InVitro.CB_814,Aluminum Oxide,,,,,literature_mined,10.1073/pnas.0802878105,,,,a_10,
s_10.1073_FS_pnas.0802878105_InVitro.CB_815,Aluminum Oxide,,,,,literature_mined,10.1073/pnas.0802878105,,,,a_10,
s_10.1073_FS_pnas.0802878105_InVitro.CB_816,Aluminum Oxide,,,,,literature_mined,10.1073/pnas.0802878105,,,,a_10,
s_10.1073_FS_pnas.0802878105_InVitro.CB_817,Aluminum Oxide,,,,,literature_mined,10.1073/pnas.0802878105,,,,a_10,
s_10.1073_FS_pnas.0802878105_InVitro.CB_818,Aluminum Oxide,,,,,literature_mined,10.1073/pnas.0802878105,,,,a_10,
s_10.1073_FS_pnas.0802878105_InVitro.CB_819,Aluminum Oxide,,,,,literature_mined,10.1073/pnas.0802878105,,,,a_10,
s_10.1073_FS_pnas.0802878105_InVitro.CB_820,Aluminum Oxide,,,,,literature_mined,10.1073/pnas.0802878105,,,,a_10,
s_10.1073_FS_pnas.0802878105_InVitro.CB_821,Aluminum Oxide,,,,,literature_mined,10.1073/pnas.0802878105,,,,a_10,
s_10.1073_FS_pnas.0802878105_InVitro.CB_822,Aluminum Oxide,,,,,literature_mined,10.1073/pnas.0802878105,,,,a_10,
s_10.1073_FS_pnas.0802878105_InVitro.CB_823,Aluminum Oxide,,,,,literature_mined,10.1073/pnas.0802878105,,,,a_10,
s_10.1073_FS_pnas.0802878105_InVitro.CB_824,Aluminum Oxide,,,,,literature_mined,10.1073/pnas.0802878105,,,,a_10,
s_10.1073_FS_pnas.0802878105_InVitro.CB_825,Aluminum Oxide,,,,,literature_mined,10.1073/pnas.0802878105,,,,a_10,
s_10.1073_FS_pnas.0802878105_InVitro.CB_826,Aluminum Oxide,,,,,literature_mined,10.1073/pnas.0802878105,,,,a_10,
s_10.1073_FS_pnas.0802878105_InVitro.CB_827,Aluminum Oxide,,,,,literature_mined,10.1073/pnas.0802878105,,,,a_10,
s_10.1073_FS_pnas.0802878105_InVitro.CB_828,Aluminum Oxide,,,,,literature_mined,10.1073/pnas.0802878105,,,,a_10,
s_10.1073_FS_pnas.0802878105_InVitro.CB_829,Aluminum Oxide,,,,,literature_mined,10.1073/pnas.0802878105,,,,a_10,
s_10.1073_FS_pnas.0802878105_InVitro.CB_830,Aluminum Oxide,,,,,literature_mined,10.1073/pnas.0802878105,,,,a_10,
s_10.1073_FS_pnas.0802878105_InVitro.CB_831,Aluminum Oxide,,,,,literature_mined,10.1073/pnas.0802878105,,,,a_10,
s_10.1073_FS_pnas.0802878105_InVitro.CB_832,Aluminum Oxide,,,,,literature_mined,10.1073/pnas.0802878105,,,,a_10,
s_10.1073_FS_pnas.0802878105_InVitro.CB_833,Aluminum Oxide,,,,,literature_mined,10.1073/pnas.0802878105,,,,a_10,
s_10.1073_FS_pnas.0802878105_InVitro.CB_834,Aluminum Oxide,,,,,literature_mined,10.1073/pnas.0802878105,,,,a_10,
s_10.1073_FS_pnas.0802878105_InVitro.CB_835,Aluminum Oxide,,,,,literature_mined,10.1073/pnas.0802878105,,,,a_10,
s_10.1073_FS_pnas.0802878105_InVitro.CB_836,Aluminum Oxide,,,,,literature_mined,10.1073/pnas.0802878105,,,,a_10,
s_10.1073_FS_pnas.0802878105_InVitro.CB_837,Aluminum Oxide,,,,,literature_mined,10.1073/pnas.0802878105,,,,a_10,
s_10.1073_FS_pnas.0802878105_InVitro.CB_838,Aluminum Oxide,,,,,literature_mined,10.1073/pnas.0802878105,,,,a_10,
s_10.1073_FS_pnas.0802878105_InVitro.CB_839,Aluminum Oxide,,,,,literature_mined,10.1073/pnas.0802878105,,,,a_10,
s_10.1073_FS_pnas.0802878105_InVitro.CB_840,Aluminum Oxide,,,,,literature_mined,10.1073/pnas.0802878105,,,,a_10,
s_10.1073_FS_pnas.0802878105_InVitro.CB_841,Aluminum Oxide,,,,,literature_mined,10.1073/pnas.0802878105,,,,a_10,
s_10.1073_FS_pnas.0802878105_InVitro.CB_842,Aluminum Oxide,,,,,literature_mined,10.1073/pnas.0802878105,,,,a_10,
s_10.1073_FS_pnas.0802878105_InVitro.CB_843,Aluminum Oxide,,,,,literature_mined,10.1073/pnas.0802878105,,,,a_10,
s_10.1073_FS_pnas.0802878105_InVitro.CB_844,Aluminum Oxide,,,,,literature_mined,10.1073/pnas.0802878105,,,,a_10,
s_10.1073_FS_pnas.0802878105_InVitro.CB_845,Aluminum Oxide,,,,,literature_mined,10.1073/pnas.0802878105,,,,a_10,
s_10.1073_FS_pnas.0802878105_InVitro.CB_846,Aluminum Oxide,,,,,literature_mined,10.1073/pnas.0802878105,,,,a_10,
s_10.1073_FS_pnas.0802878105_InVitro.CB_847,Aluminum Oxide,,,,,literature_mined,10.1073/pnas.0802878105,,,,a_10,
s_10.1073_FS_pnas.0802878105_InVitro.CB_848,Aluminum Oxide,,,,,literature_mined,10.1073/pnas.0802878105,,,,a_10,
s_10.1073_FS_pnas.0802878105_InVitro.CB_849,Aluminum Oxide,,,,,literature_mined,10.1073/pnas.0802878105,,,,a_10,
s_10.1073_FS_pnas.0802878105_InVitro.CB_850,Aluminum Oxide,,,,,literature_mined,10.1073/pnas.0802878105,,,,a_10,
s_10.1073_FS_pnas.0802878105_InVitro.CB_851,Aluminum Oxide,,,,,literature_mined,10.1073/pnas.0802878105,,,,a_10,
s_10.1073_FS_pnas.0802878105_InVitro.CB_852,Aluminum Oxide,,,,,literature_mined,10.1073/pnas.0802878105,,,,a_10,
s_10.1073_FS_pnas.0802878105_InVitro.CB_853,Aluminum Oxide,,,,,literature_mined,10.1073/pnas.0802878105,,,,a_10,
s_10.1073_FS_pnas.0802878105_InVitro.CB_854,Aluminum Oxide,,,,,literature_mined,10.1073/pnas.0802878105,,,,a_10,
s_10.1073_FS_pnas.0802878105_InVitro.CB_855,Aluminum Oxide,,,,,literature_mined,10.1073/pnas.0802878105,,,,a_10,
s_10.1073_FS_pnas.0802878105_InVitro.CB_856,Aluminum Oxide,,,,,literature_mined,10.1073/pnas.0802878105,,,,a_10,
s_10.1073_FS_pnas.0802878105_InVitro.CB_857,Aluminum Oxide,,,,,literature_mined,10.1073/pnas.0802878105,,,,a_10,
s_10.1073_FS_pnas.0802878105_InVitro.CB_858,Aluminum Oxide,,,,,literature_mined,10.1073/pnas.0802878105,,,,a_10,
s_10.1073_FS_pnas.0802878105_InVitro.CB_859,Aluminum Oxide,,,,,literature_mined,10.1073/pnas.0802878105,,,,a_10,
s_10.1073_FS_pnas.0802878105_InVitro.CB_860,Aluminum Oxide,,,,,literature_mined,10.1073/pnas.0802878105,,,,a_10,
s_10.1073_FS_pnas.0802878105_InVitro.CB_861,Aluminum Oxide,,,,,literature_mined,10.1073/pnas.0802878105,,,,a_10,
s_10.1073_FS_pnas.0802878105_InVitro.CB_862,Aluminum Oxide,,,,,literature_mined,10.1073/pnas.0802878105,,,,a_10,
s_10.1073_FS_pnas.0802878105_InVitro.CB_863,Aluminum Oxide,,,,,literature_mined,10.1073/pnas.0802878105,,,,a_10,
s_10.1073_FS_pnas.0802878105_InVitro.CB_864,Aluminum Oxide,,,,,literature_mined,10.1073/pnas.0802878105,,,,a_10,
s_10.1073_FS_pnas.0802878105_InVitro.CB_865,Aluminum Oxide,,,,,literature_mined,10.1073/pnas.0802878105,,,,a_10,
s_10.1073_FS_pnas.0802878105_InVitro.CB_866,Aluminum Oxide,,,,,literature_mined,10.1073/pnas.0802878105,,,,a_10,
s_10.1073_FS_pnas.0802878105_InVitro.CB_867,Aluminum Oxide,,,,,literature_mined,10.1073/pnas.0802878105,,,,a_10,
s_10.1073_FS_pnas.0802878105_InVitro.CB_868,Aluminum Oxide,,,,,literature_mined,10.1073/pnas.0802878105,,,,a_10,
s_10.1073_FS_pnas.0802878105_InVitro.CB_869,Aluminum Oxide,,,,,literature_mined,10.1073/pnas.0802878105,,,,a_10,
s_10.1073_FS_pnas.0802878105_InVitro.CB_870,Aluminum Oxide,,,,,literature_mined,10.1073/pnas.0802878105,,,,a_10,
s_10.1073_FS_pnas.0802878105_InVitro.CB_871,Aluminum Oxide,,,,,literature_mined,10.1073/pnas.0802878105,,,,a_10,
s_10.1073_FS_pnas.0802878105_InVitro.CB_872,Aluminum Oxide,,,,,literature_mined,10.1073/pnas.0802878105,,,,a_10,
s_10.1073_FS_pnas.0802878105_InVitro.CB_873,Aluminum Oxide,,,,,literature_mined,10.1073/pnas.0802878105,,,,a_10,
s_10.1073_FS_pnas.0802878105_InVitro.CB_874,Aluminum Oxide,,,,,literature_mined,10.1073/pnas.0802878105,,,,a_10,
s_10.1073_FS_pnas.0802878105_InVitro.CB_875,Aluminum Oxide,,,,,literature_mined,10.1073/pnas.0802878105,,,,a_10,
s_10.1073_FS_pnas.0802878105_InVitro.CB_876,Aluminum Oxide,,,,,literature_mined,10.1073/pnas.0802878105,,,,a_10,
s_10.1073_FS_pnas.0802878105_InVitro.CB_877,Aluminum Oxide,,,,,literature_mined,10.1073/pnas.0802878105,,,,a_10,
s_10.1073_FS_pnas.0802878105_InVitro.CB_878,Aluminum Oxide,,,,,literature_mined,10.1073/pnas.0802878105,,,,a_10,
s_10.1073_FS_pnas.0802878105_InVitro.CB_879,Aluminum Oxide,,,,,literature_mined,10.1073/pnas.0802878105,,,,a_10,
s_10.1073_FS_pnas.0802878105_InVitro.CB_880,Aluminum Oxide,,,,,literature_mined,10.1073/pnas.0802878105,,,,a_10,
s_10.1073_FS_pnas.0802878105_InVitro.CB_881,Aluminum Oxide,,,,,literature_mined,10.1073/pnas.0802878105,,,,a_10,
s_10.1073_FS_pnas.0802878105_InVitro.CB_882,Aluminum Oxide,,,,,literature_mined,10.1073/pnas.0802878105,,,,a_10,
s_10.1073_FS_pnas.0802878105_InVitro.CB_883,Aluminum Oxide,,,,,literature_mined,10.1073/pnas.0802878105,,,,a_10,
s_10.1073_FS_pnas.0802878105_InVitro.CB_884,Aluminum Oxide,,,,,literature_mined,10.1073/pnas.0802878105,,,,a_10,
s_10.1073_FS_pnas.0802878105_InVitro.CB_885,Aluminum Oxide,,,,,literature_mined,10.1073/pnas.0802878105,,,,a_10,
s_10.1073_FS_pnas.0802878105_InVitro.CB_886,Aluminum Oxide,,,,,literature_mined,10.1073/pnas.0802878105,,,,a_10,
s_10.1073_FS_pnas.0802878105_InVitro.CB_887,Aluminum Oxide,,,,,literature_mined,10.1073/pnas.0802878105,,,,a_10,
s_10.1073_FS_pnas.0802878105_InVitro.CB_888,Aluminum Oxide,,,,,literature_mined,10.1073/pnas.0802878105,,,,a_10,
s_10.1073_FS_pnas.0802878105_InVitro.CB_889,Aluminum Oxide,,,,,literature_mined,10.1073/pnas.0802878105,,,,a_10,
s_10.1073_FS_pnas.0802878105_InVitro.CB_890,Aluminum Oxide,,,,,literature_mined,10.1073/pnas.0802878105,,,,a_10,
s_10.1073_FS_pnas.0802878105_InVitro.CB_891,Aluminum Oxide,,,,,literature_mined,10.1073/pnas.0802878105,,,,a_10,
s_10.1073_FS_pnas.0802878105_InVitro.CB_892,Aluminum Oxide,,,,,literature_mined,10.1073/pnas.0802878105,,,,a_10,
s_10.1073_FS_pnas.0802878105_InVitro.CB_893,Aluminum Oxide,,,,,literature_mined,10.1073/pnas.0802878105,,,,a_10,
s_10.1073_FS_pnas.0802878105_InVitro.CB_894,Aluminum Oxide,,,,,literature_mined,10.1073/pnas.0802878105,,,,a_10,
s_10.1073_FS_pnas.0802878105_InVitro.CB_895,Aluminum Oxide,,,,,literature_mined,10.1073/pnas.0802878105,,,,a_10,
s_10.1073_FS_pnas.0802878105_InVitro.CB_896,Aluminum Oxide,,,,,literature_mined,10.1073/pnas.0802878105,,,,a_10,
s_10.1073_FS_pnas.0802878105_InVitro.CB_897,Aluminum Oxide,,,,,literature_mined,10.1073/pnas.0802878105,,,,a_10,
s_10.1073_FS_pnas.0802878105_InVitro.CB_898,Aluminum Oxide,,,,,literature_mined,10.1073/pnas.0802878105,,,,a_10,
s_10.1073_FS_pnas.0802878105_InVitro.CB_899,Aluminum Oxide,,,,,literature_mined,10.1073/pnas.0802878105,,,,a_10,
s_10.1073_FS_pnas.0802878105_InVitro.CB_900,Aluminum Oxide,,,,,literature_mined,10.1073/pnas.0802878105,,,,a_10,
s_10.1073_FS_pnas.0802878105_InVitro.CB_901,Aluminum Oxide,,,,,literature_mined,10.1073/pnas.0802878105,,,,a_10,
s_10.1073_FS_pnas.0802878105_InVitro.CB_902,Aluminum Oxide,,,,,literature_mined,10.1073/pnas.0802878105,,,,a_10,
s_10.1073_FS_pnas.0802878105_InVitro.CB_903,Aluminum Oxide,,,,,literature_mined,10.1073/pnas.0802878105,,,,a_10,
s_10.1073_FS_pnas.0802878105_InVitro.CB_904,Aluminum Oxide,,,,,literature_mined,10.1073/pnas.0802878105,,,,a_10,
s_10.1073_FS_pnas.0802878105_InVitro.CB_905,Aluminum Oxide,,,,,literature_mined,10.1073/pnas.0802878105,,,,a_10,
s_10.1073_FS_pnas.0802878105_InVitro.CB_906,Aluminum Oxide,,,,,literature_mined,10.1073/pnas.0802878105,,,,a_10,
s_10.1073_FS_pnas.0802878105_InVitro.CB_907,Aluminum Oxide,,,,,literature_mined,10.1073/pnas.0802878105,,,,a_10,
s_10.1073_FS_pnas.0802878105_InVitro.CB_908,Aluminum Oxide,,,,,literature_mined,10.1073/pnas.0802878105,,,,a_10,
s_10.1073_FS_pnas.0802878105_InVitro.CB_909,Aluminum Oxide,,,,,literature_mined,10.1073/pnas.0802878105,,,,a_10,
s_10.1073_FS_pnas.0802878105_InVitro.CB_910,Aluminum Oxide,,,,,literature_mined,10.1073/pnas.0802878105,,,,a_10,
s_10.1073_FS_pnas.0802878105_InVitro.CB_911,Aluminum Oxide,,,,,literature_mined,10.1073/pnas.0802878105,,,,a_10,
s_10.1073_FS_pnas.0802878105_InVitro.CB_912,Aluminum Oxide,,,,,literature_mined,10.1073/pnas.0802878105,,,,a_10,
s_10.1073_FS_pnas.0802878105_InVitro.CB_913,Aluminum Oxide,,,,,literature_mined,10.1073/pnas.0802878105,,,,a_10,
s_10.1073_FS_pnas.0802878105_InVitro.CB_914,Aluminum Oxide,,,,,literature_mined,10.1073/pnas.0802878105,,,,a_10,
s_10.1073_FS_pnas.0802878105_InVitro.CB_915,Aluminum Oxide,,,,,literature_mined,10.1073/pnas.0802878105,,,,a_10,
s_10.1073_FS_pnas.0802878105_InVitro.CB_916,Aluminum Oxide,,,,,literature_mined,10.1073/pnas.0802878105,,,,a_10,
s_10.1073_FS_pnas.0802878105_InVitro.CB_917,Aluminum Oxide,,,,,literature_mined,10.1073/pnas.0802878105,,,,a_10,
s_10.1073_FS_pnas.0802878105_InVitro.CB_918,Aluminum Oxide,,,,,literature_mined,10.1073/pnas.0802878105,,,,a_10,
s_10.1073_FS_pnas.0802878105_InVitro.CB_919,Aluminum Oxide,,,,,literature_mined,10.1073/pnas.0802878105,,,,a_10,
s_10.1073_FS_pnas.0802878105_InVitro.CB_920,Aluminum Oxide,,,,,literature_mined,10.1073/pnas.0802878105,,,,a_10,
s_10.1073_FS_pnas.0802878105_InVitro.CB_921,Aluminum Oxide,,,,,literature_mined,10.1073/pnas.0802878105,,,,a_10,
s_10.1073_FS_pnas.0802878105_InVitro.CB_922,Aluminum Oxide,,,,,literature_mined,10.1073/pnas.0802878105,,,,a_10,
s_10.1073_FS_pnas.0802878105_InVitro.CB_923,Aluminum Oxide,,,,,literature_mined,10.1073/pnas.0802878105,,,,a_10,
s_10.1073_FS_pnas.0802878105_InVitro.CB_924,Aluminum Oxide,,,,,literature_mined,10.1073/pnas.0802878105,,,,a_10,
s_10.1073_FS_pnas.0802878105_InVitro.CB_925,Aluminum Oxide,,,,,literature_mined,10.1073/pnas.0802878105,,,,a_10,
s_10.1073_FS_pnas.0802878105_InVitro.CB_926,Aluminum Oxide,,,,,literature_mined,10.1073/pnas.0802878105,,,,a_10,
s_10.1073_FS_pnas.0802878105_InVitro.CB_927,Aluminum Oxide,,,,,literature_mined,10.1073/pnas.0802878105,,,,a_10,
s_10.1073_FS_pnas.0802878105_InVitro.CB_928,Aluminum Oxide,,,,,literature_mined,10.1073/pnas.0802878105,,,,a_10,
s_10.1073_FS_pnas.0802878105_InVitro.CB_929,Aluminum Oxide,,,,,literature_mined,10.1073/pnas.0802878105,,,,a_10,
s_10.1073_FS_pnas.0802878105_InVitro.CB_930,Aluminum Oxide,,,,,literature_mined,10.1073/pnas.0802878105,,,,a_10,
s_10.1073_FS_pnas.0802878105_InVitro.CB_931,Aluminum Oxide,,,,,literature_mined,10.1073/pnas.0802878105,,,,a_10,
s_10.1073_FS_pnas.0802878105_InVitro.CB_932,Aluminum Oxide,,,,,literature_mined,10.1073/pnas.0802878105,,,,a_10,
s_10.1073_FS_pnas.0802878105_InVitro.CB_933,Aluminum Oxide,,,,,literature_mined,10.1073/pnas.0802878105,,,,a_10,
s_10.1073_FS_pnas.0802878105_InVitro.CB_934,Aluminum Oxide,,,,,literature_mined,10.1073/pnas.0802878105,,,,a_10,
s_10.1073_FS_pnas.0802878105_InVitro.CB_935,Aluminum Oxide,,,,,literature_mined,10.1073/pnas.0802878105,,,,a_10,
s_10.1073_FS_pnas.0802878105_InVitro.CB_936,Aluminum Oxide,,,,,literature_mined,10.1073/pnas.0802878105,,,,a_10,
s_10.1073_FS_pnas.0802878105_InVitro.CB_937,Aluminum Oxide,,,,,literature_mined,10.1073/pnas.0802878105,,,,a_10,
s_10.1073_FS_pnas.0802878105_InVitro.CB_938,Aluminum Oxide,,,,,literature_mined,10.1073/pnas.0802878105,,,,a_10,
s_10.1073_FS_pnas.0802878105_InVitro.CB_939,Aluminum Oxide,,,,,literature_mined,10.1073/pnas.0802878105,,,,a_10,
s_10.1073_FS_pnas.0802878105_InVitro.CB_940,Aluminum Oxide,,,,,literature_mined,10.1073/pnas.0802878105,,,,a_10,
s_10.1073_FS_pnas.0802878105_InVitro.CB_941,Aluminum Oxide,,,,,literature_mined,10.1073/pnas.0802878105,,,,a_10,
s_10.1073_FS_pnas.0802878105_InVitro.CB_942,Aluminum Oxide,,,,,literature_mined,10.1073/pnas.0802878105,,,,a_10,
s_10.1073_FS_pnas.0802878105_InVitro.CB_943,Aluminum Oxide,,,,,literature_mined,10.1073/pnas.0802878105,,,,a_10,
s_10.1073_FS_pnas.0802878105_InVitro.CB_944,Aluminum Oxide,,,,,literature_mined,10.1073/pnas.0802878105,,,,a_10,
s_10.1073_FS_pnas.0802878105_InVitro.CB_945,Aluminum Oxide,,,,,literature_mined,10.1073/pnas.0802878105,,,,a_10,
s_10.1073_FS_pnas.0802878105_InVitro.CB_946,Aluminum Oxide,,,,,literature_mined,10.1073/pnas.0802878105,,,,a_10,
s_10.1073_FS_pnas.0802878105_InVitro.CB_947,Aluminum Oxide,,,,,literature_mined,10.1073/pnas.0802878105,,,,a_10,
s_10.1073_FS_pnas.0802878105_InVitro.CB_948,Aluminum Oxide,,,,,literature_mined,10.1073/pnas.0802878105,,,,a_10,
s_10.1073_FS_pnas.0802878105_InVitro.CB_949,Aluminum Oxide,,,,,literature_mined,10.1073/pnas.0802878105,,,,a_10,
s_10.1073_FS_pnas.0802878105_InVitro.CB_950,Aluminum Oxide,,,,,literature_mined,10.1073/pnas.0802878105,,,,a_10,
s_10.1073_FS_pnas.0802878105_InVitro.CB_951,Aluminum Oxide,,,,,literature_mined,10.1073/pnas.0802878105,,,,a_10,
s_10.1073_FS_pnas.0802878105_InVitro.CB_952,Aluminum Oxide,,,,,literature_mined,10.1073/pnas.0802878105,,,,a_10,
s_10.1073_FS_pnas.0802878105_InVitro.CB_953,Aluminum Oxide,,,,,literature_mined,10.1073/pnas.0802878105,,,,a_10,
s_10.1073_FS_pnas.0802878105_InVitro.CB_954,Aluminum Oxide,,,,,literature_mined,10.1073/pnas.0802878105,,,,a_10,
s_10.1073_FS_pnas.0802878105_InVitro.CB_955,Aluminum Oxide,,,,,literature_mined,10.1073/pnas.0802878105,,,,a_10,
s_10.1073_FS_pnas.0802878105_InVitro.CB_956,Aluminum Oxide,,,,,literature_mined,10.1073/pnas.0802878105,,,,a_10,
s_10.1073_FS_pnas.0802878105_InVitro.CB_957,Aluminum Oxide,,,,,literature_mined,10.1073/pnas.0802878105,,,,a_10,
s_10.1073_FS_pnas.0802878105_InVitro.CB_958,Aluminum Oxide,,,,,literature_mined,10.1073/pnas.0802878105,,,,a_10,
s_10.1073_FS_pnas.0802878105_InVitro.CB_959,Aluminum Oxide,,,,,literature_mined,10.1073/pnas.0802878105,,,,a_10,
s_10.1073_FS_pnas.0802878105_InVitro.CB_960,Aluminum Oxide,,,,,literature_mined,10.1073/pnas.0802878105,,,,a_10,
s_10.1073_FS_pnas.0802878105_InVitro.CB_961,Aluminum Oxide,,,,,literature_mined,10.1073/pnas.0802878105,,,,a_10,
s_10.1073_FS_pnas.0802878105_InVitro.CB_962,Aluminum Oxide,,,,,literature_mined,10.1073/pnas.0802878105,,,,a_10,
s_10.1073_FS_pnas.0802878105_InVitro.CB_963,Aluminum Oxide,,,,,literature_mined,10.1073/pnas.0802878105,,,,a_10,
s_10.1073_FS_pnas.0802878105_InVitro.CB_964,Aluminum Oxide,,,,,literature_mined,10.1073/pnas.0802878105,,,,a_10,
s_10.1073_FS_pnas.0802878105_InVitro.CB_965,Aluminum Oxide,,,,,literature_mined,10.1073/pnas.0802878105,,,,a_10,
s_10.1073_FS_pnas.0802878105_InVitro.CB_966,Aluminum Oxide,,,,,literature_mined,10.1073/pnas.0802878105,,,,a_10,
s_10.1073_FS_pnas.0802878105_InVitro.CB_967,Aluminum Oxide,,,,,literature_mined,10.1073/pnas.0802878105,,,,a_10,
s_10.1073_FS_pnas.0802878105_InVitro.CB_968,Aluminum Oxide,,,,,literature_mined,10.1073/pnas.0802878105,,,,a_10,
s_10.1073_FS_pnas.0802878105_InVitro.CB_969,Aluminum Oxide,,,,,literature_mined,10.1073/pnas.0802878105,,,,a_10,
s_10.1073_FS_pnas.0802878105_InVitro.CB_970,Aluminum Oxide,,,,,literature_mined,10.1073/pnas.0802878105,,,,a_10,
s_10.1073_FS_pnas.0802878105_InVitro.CB_971,Aluminum Oxide,,,,,literature_mined,10.1073/pnas.0802878105,,,,a_10,
s_10.1073_FS_pnas.0802878105_InVitro.CB_972,Aluminum Oxide,,,,,literature_mined,10.1073/pnas.0802878105,,,,a_10,
s_10.1073_FS_pnas.0802878105_InVitro.CB_973,Aluminum Oxide,,,,,literature_mined,10.1073/pnas.0802878105,,,,a_10,
s_10.1073_FS_pnas.0802878105_InVitro.CB_974,Aluminum Oxide,,,,,literature_mined,10.1073/pnas.0802878105,,,,a_10,
s_10.1073_FS_pnas.0802878105_InVitro.CB_975,Aluminum Oxide,,,,,literature_mined,10.1073/pnas.0802878105,,,,a_10,
s_10.1073_FS_pnas.0802878105_InVitro.CB_976,Aluminum Oxide,,,,,literature_mined,10.1073/pnas.0802878105,,,,a_10,
s_10.1073_FS_pnas.0802878105_InVitro.CB_977,Aluminum Oxide,,,,,literature_mined,10.1073/pnas.0802878105,,,,a_10,
s_10.1073_FS_pnas.0802878105_InVitro.CB_978,Aluminum Oxide,,,,,literature_mined,10.1073/pnas.0802878105,,,,a_10,
s_10.1073_FS_pnas.0802878105_InVitro.CB_979,Aluminum Oxide,,,,,literature_mined,10.1073/pnas.0802878105,,,,a_10,
s_10.1073_FS_pnas.0802878105_InVitro.CB_980,Aluminum Oxide,,,,,literature_mined,10.1073/pnas.0802878105,,,,a_10,
s_10.1073_FS_pnas.0802878105_InVitro.CB_981,Aluminum Oxide,,,,,literature_mined,10.1073/pnas.0802878105,,,,a_10,
s_10.1073_FS_pnas.0802878105_InVitro.CB_982,Aluminum Oxide,,,,,literature_mined,10.1073/pnas.0802878105,,,,a_10,
s_10.1073_FS_pnas.0802878105_InVitro.CB_983,Aluminum Oxide,,,,,literature_mined,10.1073/pnas.0802878105,,,,a_10,
s_10.1073_FS_pnas.0802878105_InVitro.CB_984,Aluminum Oxide,,,,,literature_mined,10.1073/pnas.0802878105,,,,a_10,
s_10.1073_FS_pnas.0802878105_InVitro.CB_985,Aluminum Oxide,,,,,literature_mined,10.1073/pnas.0802878105,,,,a_10,
s_10.1073_FS_pnas.0802878105_InVitro.CB_986,Aluminum Oxide,,,,,literature_mined,10.1073/pnas.0802878105,,,,a_10,
s_10.1073_FS_pnas.0802878105_InVitro.CB_987,Aluminum Oxide,,,,,literature_mined,10.1073/pnas.0802878105,,,,a_10,
s_10.1073_FS_pnas.0802878105_InVitro.CB_988,Aluminum Oxide,,,,,literature_mined,10.1073/pnas.0802878105,,,,a_10,
s_10.1073_FS_pnas.0802878105_InVitro.CB_989,Aluminum Oxide,,,,,literature_mined,10.1073/pnas.0802878105,,,,a_10,
s_10.1073_FS_pnas.0802878105_InVitro.CB_990,Aluminum Oxide,,,,,literature_mined,10.1073/pnas.0802878105,,,,a_10,
s_10.1073_FS_pnas.0802878105_InVitro.CB_991,Aluminum Oxide,,,,,literature_mined,10.1073/pnas.0802878105,,,,a_10,
s_10.1073_FS_pnas.0802878105_InVitro.CB_992,Aluminum Oxide,,,,,literature_mined,10.1073/pnas.0802878105,,,,a_10,
s_10.1073_FS_pnas.0802878105_InVitro.CB_993,Aluminum Oxide,,,,,literature_mined,10.1073/pnas.0802878105,,,,a_10,
s_10.1073_FS_pnas.0802878105_InVitro.CB_994,Aluminum Oxide,,,,,literature_mined,10.1073/pnas.0802878105,,,,a_10,
s_10.1073_FS_pnas.0802878105_InVitro.CB_995,Aluminum Oxide,,,,,literature_mined,10.1073/pnas.0802878105,,,,a_10,
s_10.1073_FS_pnas.0802878105_InVitro.CB_996,Aluminum Oxide,,,,,literature_mined,10.1073/pnas.0802878105,,,,a_10,
s_10.1073_FS_pnas.0802878105_InVitro.CB_997,Aluminum Oxide,,,,,literature_mined,10.1073/pnas.0802878105,,,,a_10,
s_10.1073_FS_pnas.0802878105_InVitro.CB_998,Aluminum Oxide,,,,,literature_mined,10.1073/pnas.0802878105,,,,a_10,
s_10.1073_FS_pnas.0802878105_InVitro.CB_999,Aluminum Oxide,,,,,literature_mined,10.1073/pnas.0802878105,,,,a_10,
s_10.1073_FS_pnas.0802878105_InVitro.CB_1000,Aluminum Oxide,,,,,literature_mined,10.1073/pnas.0802878105,,,,a_10,
s_10.1073_FS_pnas.0802878105_InVitro.CB_1001,Aluminum Oxide,,,,,literature_mined,10.1073/pnas.0802878105,,,,a_10,
s_10.1073_FS_pnas.0802878105_InVitro.CB_1002,Aluminum Oxide,,,,,literature_mined,10.1073/pnas.0802878105,,,,a_10,
s_10.1073_FS_pnas.0802878105_InVitro.CB_1003,Aluminum Oxide,,,,,literature_mined,10.1073/pnas.0802878105,,,,a_10,
s_10.1073_FS_pnas.0802878105_InVitro.CB_1004,Aluminum Oxide,,,,,literature_mined,10.1073/pnas.0802878105,,,,a_10,
s_10.1073_FS_pnas.0802878105_InVitro.CB_1005,Aluminum Oxide,,,,,literature_mined,10.1073/pnas.0802878105,,,,a_10,
s_10.1073_FS_pnas.0802878105_InVitro.CB_1006,Aluminum Oxide,,,,,literature_mined,10.1073/pnas.0802878105,,,,a_10,
s_10.1073_FS_pnas.0802878105_InVitro.CB_1007,Aluminum Oxide,,,,,literature_mined,10.1073/pnas.0802878105,,,,a_10,
s_10.1073_FS_pnas.0802878105_InVitro.CB_1008,Aluminum Oxide,,,,,literature_mined,10.1073/pnas.0802878105,,,,a_10,
s_10.1073_FS_pnas.0802878105_InVitro.CB_1009,Aluminum Oxide,,,,,literature_mined,10.1073/pnas.0802878105,,,,a_10,
s_10.1073_FS_pnas.0802878105_InVitro.CB_1010,Aluminum Oxide,,,,,literature_mined,10.1073/pnas.0802878105,,,,a_10,
s_10.1073_FS_pnas.0802878105_InVitro.CB_1011,Aluminum Oxide,,,,,literature_mined,10.1073/pnas.0802878105,,,,a_10,
s_10.1073_FS_pnas.0802878105_InVitro.CB_1012,Aluminum Oxide,,,,,literature_mined,10.1073/pnas.0802878105,,,,a_10,
s_10.1073_FS_pnas.0802878105_InVitro.CB_1013,Aluminum Oxide,,,,,literature_mined,10.1073/pnas.0802878105,,,,a_10,
s_10.1073_FS_pnas.0802878105_InVitro.CB_1014,Aluminum Oxide,,,,,literature_mined,10.1073/pnas.0802878105,,,,a_10,
s_10.1073_FS_pnas.0802878105_InVitro.CB_1015,Aluminum Oxide,,,,,literature_mined,10.1073/pnas.0802878105,,,,a_10,
s_10.1073_FS_pnas.0802878105_InVitro.CB_1016,Aluminum Oxide,,,,,literature_mined,10.1073/pnas.0802878105,,,,a_10,
s_10.1073_FS_pnas.0802878105_InVitro.CB_1017,Aluminum Oxide,,,,,literature_mined,10.1073/pnas.0802878105,,,,a_10,
s_10.1073_FS_pnas.0802878105_InVitro.CB_1018,Aluminum Oxide,,,,,literature_mined,10.1073/pnas.0802878105,,,,a_10,
s_10.1073_FS_pnas.0802878105_InVitro.CB_1019,Aluminum Oxide,,,,,literature_mined,10.1073/pnas.0802878105,,,,a_10,
s_10.1073_FS_pnas.0802878105_InVitro.CB_1020,Aluminum Oxide,,,,,literature_mined,10.1073/pnas.0802878105,,,,a_10,
s_10.1073_FS_pnas.0802878105_InVitro.CB_1021,Aluminum Oxide,,,,,literature_mined,10.1073/pnas.0802878105,,,,a_10,
s_10.1073_FS_pnas.0802878105_InVitro.CB_1022,Aluminum Oxide,,,,,literature_mined,10.1073/pnas.0802878105,,,,a_10,
s_10.1073_FS_pnas.0802878105_InVitro.CB_1023,Aluminum Oxide,,,,,literature_mined,10.1073/pnas.0802878105,,,,a_10,
s_10.1073_FS_pnas.0802878105_InVitro.CB_1024,Aluminum Oxide,,,,,literature_mined,10.1073/pnas.0802878105,,,,a_10,
s_10.1073_FS_pnas.0802878105_InVitro.CB_1025,Aluminum Oxide,,,,,literature_mined,10.1073/pnas.0802878105,,,,a_10,
s_10.1073_FS_pnas.0802878105_InVitro.CB_1026,Aluminum Oxide,,,,,literature_mined,10.1073/pnas.0802878105,,,,a_10,
s_10.1073_FS_pnas.0802878105_InVitro.CB_1027,Aluminum Oxide,,,,,literature_mined,10.1073/pnas.0802878105,,,,a_10,
s_10.1073_FS_pnas.0802878105_InVitro.CB_1028,Aluminum Oxide,,,,,literature_mined,10.1073/pnas.0802878105,,,,a_10,
s_10.1073_FS_pnas.0802878105_InVitro.CB_1029,Aluminum Oxide,,,,,literature_mined,10.1073/pnas.0802878105,,,,a_10,
s_10.1073_FS_pnas.0802878105_InVitro.CB_1030,Aluminum Oxide,,,,,literature_mined,10.1073/pnas.0802878105,,,,a_10,
s_10.1073_FS_pnas.0802878105_InVitro.CB_1031,Aluminum Oxide,,,,,literature_mined,10.1073/pnas.0802878105,,,,a_10,
s_10.1073_FS_pnas.0802878105_InVitro.CB_1032,Aluminum Oxide,,,,,literature_mined,10.1073/pnas.0802878105,,,,a_10,
s_10.1073_FS_pnas.0802878105_InVitro.CB_1033,Aluminum Oxide,,,,,literature_mined,10.1073/pnas.0802878105,,,,a_10,
s_10.1073_FS_pnas.0802878105_InVitro.CB_1034,Aluminum Oxide,,,,,literature_mined,10.1073/pnas.0802878105,,,,a_10,
s_10.1073_FS_pnas.0802878105_InVitro.CB_1035,Aluminum Oxide,,,,,literature_mined,10.1073/pnas.0802878105,,,,a_10,
s_10.1073_FS_pnas.0802878105_InVitro.CB_1036,Aluminum Oxide,,,,,literature_mined,10.1073/pnas.0802878105,,,,a_10,
s_10.1073_FS_pnas.0802878105_InVitro.CB_1037,Aluminum Oxide,,,,,literature_mined,10.1073/pnas.0802878105,,,,a_10,
s_10.1073_FS_pnas.0802878105_InVitro.CB_1038,Aluminum Oxide,,,,,literature_mined,10.1073/pnas.0802878105,,,,a_10,
s_10.1073_FS_pnas.0802878105_InVitro.CB_1039,Aluminum Oxide,,,,,literature_mined,10.1073/pnas.0802878105,,,,a_10,
s_10.1073_FS_pnas.0802878105_InVitro.CB_1040,Aluminum Oxide,,,,,literature_mined,10.1073/pnas.0802878105,,,,a_10,
s_10.1073_FS_pnas.0802878105_InVitro.CB_1041,Aluminum Oxide,,,,,literature_mined,10.1073/pnas.0802878105,,,,a_10,
s_10.1073_FS_pnas.0802878105_InVitro.CB_1042,Aluminum Oxide,,,,,literature_mined,10.1073/pnas.0802878105,,,,a_10,
s_10.1073_FS_pnas.0802878105_InVitro.CB_1043,Aluminum Oxide,,,,,literature_mined,10.1073/pnas.0802878105,,,,a_10,
s_10.1073_FS_pnas.0802878105_InVitro.CB_1044,Aluminum Oxide,,,,,literature_mined,10.1073/pnas.0802878105,,,,a_10,
s_10.1073_FS_pnas.0802878105_InVitro.CB_1045,Aluminum Oxide,,,,,literature_mined,10.1073/pnas.0802878105,,,,a_10,
s_10.1073_FS_pnas.0802878105_InVitro.CB_1046,Aluminum Oxide,,,,,literature_mined,10.1073/pnas.0802878105,,,,a_10,
s_10.1073_FS_pnas.0802878105_InVitro.CB_1047,Aluminum Oxide,,,,,literature_mined,10.1073/pnas.0802878105,,,,a_10,
s_10.1073_FS_pnas.0802878105_InVitro.CB_1048,Aluminum Oxide,,,,,literature_mined,10.1073/pnas.0802878105,,,,a_10,
s_10.1073_FS_pnas.0802878105_InVitro.CB_1049,Aluminum Oxide,,,,,literature_mined,10.1073/pnas.0802878105,,,,a_10,
s_10.1073_FS_pnas.0802878105_InVitro.CB_1050,Aluminum Oxide,,,,,literature_mined,10.1073/pnas.0802878105,,,,a_10,
s_10.1073_FS_pnas.0802878105_InVitro.CB_1051,Aluminum Oxide,,,,,literature_mined,10.1073/pnas.0802878105,,,,a_10,
s_10.1073_FS_pnas.0802878105_InVitro.CB_1052,Aluminum Oxide,,,,,literature_mined,10.1073/pnas.0802878105,,,,a_10,
s_10.1073_FS_pnas.0802878105_InVitro.CB_1053,Aluminum Oxide,,,,,literature_mined,10.1073/pnas.0802878105,,,,a_10,
s_10.1073_FS_pnas.0802878105_InVitro.CB_1054,Aluminum Oxide,,,,,literature_mined,10.1073/pnas.0802878105,,,,a_10,
s_10.1073_FS_pnas.0802878105_InVitro.CB_1055,Aluminum Oxide,,,,,literature_mined,10.1073/pnas.0802878105,,,,a_10,
s_10.1073_FS_pnas.0802878105_InVitro.CB_1056,Aluminum Oxide,,,,,literature_mined,10.1073/pnas.0802878105,,,,a_10,
s_10.1073_FS_pnas.0802878105_InVitro.CB_1057,Aluminum Oxide,,,,,literature_mined,10.1073/pnas.0802878105,,,,a_10,
s_10.1073_FS_pnas.0802878105_InVitro.CB_1058,Aluminum Oxide,,,,,literature_mined,10.1073/pnas.0802878105,,,,a_10,
s_10.1073_FS_pnas.0802878105_InVitro.CB_1059,Aluminum Oxide,,,,,literature_mined,10.1073/pnas.0802878105,,,,a_10,
s_10.1073_FS_pnas.0802878105_InVitro.CB_1060,Aluminum Oxide,,,,,literature_mined,10.1073/pnas.0802878105,,,,a_10,
s_10.1073_FS_pnas.0802878105_InVitro.CB_1061,Aluminum Oxide,,,,,literature_mined,10.1073/pnas.0802878105,,,,a_10,
s_10.1073_FS_pnas.0802878105_InVitro.CB_1062,Aluminum Oxide,,,,,literature_mined,10.1073/pnas.0802878105,,,,a_10,
s_10.1073_FS_pnas.0802878105_InVitro.CB_1063,Aluminum Oxide,,,,,literature_mined,10.1073/pnas.0802878105,,,,a_10,
s_10.1073_FS_pnas.0802878105_InVitro.CB_1064,Aluminum Oxide,,,,,literature_mined,10.1073/pnas.0802878105,,,,a_10,
s_10.1073_FS_pnas.0802878105_InVitro.CB_1065,Aluminum Oxide,,,,,literature_mined,10.1073/pnas.0802878105,,,,a_10,
s_10.1073_FS_pnas.0802878105_InVitro.CB_1066,Aluminum Oxide,,,,,literature_mined,10.1073/pnas.0802878105,,,,a_10,
s_10.1073_FS_pnas.0802878105_InVitro.CB_1067,Aluminum Oxide,,,,,literature_mined,10.1073/pnas.0802878105,,,,a_10,
s_10.1073_FS_pnas.0802878105_InVitro.CB_1068,Aluminum Oxide,,,,,literature_mined,10.1073/pnas.0802878105,,,,a_10,
s_10.1073_FS_pnas.0802878105_InVitro.CB_1069,Aluminum Oxide,,,,,literature_mined,10.1073/pnas.0802878105,,,,a_10,
s_10.1073_FS_pnas.0802878105_InVitro.CB_1070,Aluminum Oxide,,,,,literature_mined,10.1073/pnas.0802878105,,,,a_10,
s_10.1073_FS_pnas.0802878105_InVitro.CB_1071,Aluminum Oxide,,,,,literature_mined,10.1073/pnas.0802878105,,,,a_10,
s_10.1073_FS_pnas.0802878105_InVitro.CB_1072,Aluminum Oxide,,,,,literature_mined,10.1073/pnas.0802878105,,,,a_10,
s_10.1073_FS_pnas.0802878105_InVitro.CB_1073,Aluminum Oxide,,,,,literature_mined,10.1073/pnas.0802878105,,,,a_10,
s_10.1073_FS_pnas.0802878105_InVitro.CB_1074,Aluminum Oxide,,,,,literature_mined,10.1073/pnas.0802878105,,,,a_10,
s_10.1073_FS_pnas.0802878105_InVitro.CB_1075,Aluminum Oxide,,,,,literature_mined,10.1073/pnas.0802878105,,,,a_10,
s_10.1073_FS_pnas.0802878105_InVitro.CB_1076,Aluminum Oxide,,,,,literature_mined,10.1073/pnas.0802878105,,,,a_10,
s_10.1073_FS_pnas.0802878105_InVitro.CB_1077,Aluminum Oxide,,,,,literature_mined,10.1073/pnas.0802878105,,,,a_10,
s_10.1073_FS_pnas.0802878105_InVitro.CB_1078,Aluminum Oxide,,,,,literature_mined,10.1073/pnas.0802878105,,,,a_10,
s_10.1073_FS_pnas.0802878105_InVitro.CB_1079,Aluminum Oxide,,,,,literature_mined,10.1073/pnas.0802878105,,,,a_10,
s_10.1073_FS_pnas.0802878105_InVitro.CB_1080,Aluminum Oxide,,,,,literature_mined,10.1073/pnas.0802878105,,,,a_10,
s_10.1073_FS_pnas.0802878105_InVitro.CB_1081,Aluminum Oxide,,,,,literature_mined,10.1073/pnas.0802878105,,,,a_10,
s_10.1073_FS_pnas.0802878105_InVitro.CB_1082,Aluminum Oxide,,,,,literature_mined,10.1073/pnas.0802878105,,,,a_10,
s_10.1073_FS_pnas.0802878105_InVitro.CB_1083,Aluminum Oxide,,,,,literature_mined,10.1073/pnas.0802878105,,,,a_10,
s_10.1073_FS_pnas.0802878105_InVitro.CB_1084,Aluminum Oxide,,,,,literature_mined,10.1073/pnas.0802878105,,,,a_10,
s_10.1073_FS_pnas.0802878105_InVitro.CB_1085,Aluminum Oxide,,,,,literature_mined,10.1073/pnas.0802878105,,,,a_10,
s_10.1073_FS_pnas.0802878105_InVitro.CB_1086,Aluminum Oxide,,,,,literature_mined,10.1073/pnas.0802878105,,,,a_10,
s_10.1073_FS_pnas.0802878105_InVitro.CB_1087,Aluminum Oxide,,,,,literature_mined,10.1073/pnas.0802878105,,,,a_10,
s_10.1073_FS_pnas.0802878105_InVitro.CB_1088,Aluminum Oxide,,,,,literature_mined,10.1073/pnas.0802878105,,,,a_10,
s_10.1073_FS_pnas.0802878105_InVitro.CB_1089,Aluminum Oxide,,,,,literature_mined,10.1073/pnas.0802878105,,,,a_10,
s_10.1073_FS_pnas.0802878105_InVitro.CB_1090,Aluminum Oxide,,,,,literature_mined,10.1073/pnas.0802878105,,,,a_10,
s_10.1073_FS_pnas.0802878105_InVitro.CB_1091,Aluminum Oxide,,,,,literature_mined,10.1073/pnas.0802878105,,,,a_10,
s_10.1073_FS_pnas.0802878105_InVitro.CB_1092,Aluminum Oxide,,,,,literature_mined,10.1073/pnas.0802878105,,,,a_10,
s_10.1073_FS_pnas.0802878105_InVitro.CB_1093,Aluminum Oxide,,,,,literature_mined,10.1073/pnas.0802878105,,,,a_10,
s_10.1073_FS_pnas.0802878105_InVitro.CB_1094,Aluminum Oxide,,,,,literature_mined,10.1073/pnas.0802878105,,,,a_10,
s_10.1073_FS_pnas.0802878105_InVitro.CB_1095,Aluminum Oxide,,,,,literature_mined,10.1073/pnas.0802878105,,,,a_10,
s_10.1073_FS_pnas.0802878105_InVitro.CB_1096,Aluminum Oxide,,,,,literature_mined,10.1073/pnas.0802878105,,,,a_10,
s_10.1073_FS_pnas.0802878105_InVitro.CB_1097,Aluminum Oxide,,,,,literature_mined,10.1073/pnas.0802878105,,,,a_10,
s_10.1073_FS_pnas.0802878105_InVitro.CB_1098,Aluminum Oxide,,,,,literature_mined,10.1073/pnas.0802878105,,,,a_10,
s_10.1073_FS_pnas.0802878105_InVitro.CB_1099,Aluminum Oxide,,,,,literature_mined,10.1073/pnas.0802878105,,,,a_10,
s_10.1073_FS_pnas.0802878105_InVitro.CB_1100,Aluminum Oxide,,,,,literature_mined,10.1073/pnas.0802878105,,,,a_10,
s_10.1073_FS_pnas.0802878105_InVitro.CB_1101,Aluminum Oxide,,,,,literature_mined,10.1073/pnas.0802878105,,,,a_10,
s_10.1073_FS_pnas.0802878105_InVitro.CB_1102,Aluminum Oxide,,,,,literature_mined,10.1073/pnas.0802878105,,,,a_10,
s_10.1073_FS_pnas.0802878105_InVitro.CB_1103,Aluminum Oxide,,,,,literature_mined,10.1073/pnas.0802878105,,,,a_10,
s_10.1073_FS_pnas.0802878105_InVitro.CB_1104,Aluminum Oxide,,,,,literature_mined,10.1073/pnas.0802878105,,,,a_10,
s_10.1073_FS_pnas.0802878105_InVitro.CB_1105,Aluminum Oxide,,,,,literature_mined,10.1073/pnas.0802878105,,,,a_10,
s_10.1073_FS_pnas.0802878105_InVitro.CB_1106,Aluminum Oxide,,,,,literature_mined,10.1073/pnas.0802878105,,,,a_10,
s_10.1073_FS_pnas.0802878105_InVitro.CB_1107,Aluminum Oxide,,,,,literature_mined,10.1073/pnas.0802878105,,,,a_10,
s_10.1073_FS_pnas.0802878105_InVitro.CB_1108,Aluminum Oxide,,,,,literature_mined,10.1073/pnas.0802878105,,,,a_10,
s_10.1073_FS_pnas.0802878105_InVitro.CB_1109,Aluminum Oxide,,,,,literature_mined,10.1073/pnas.0802878105,,,,a_10,
s_10.1073_FS_pnas.0802878105_InVitro.CB_1110,Aluminum Oxide,,,,,literature_mined,10.1073/pnas.0802878105,,,,a_10,
s_10.1073_FS_pnas.0802878105_InVitro.CB_1111,Aluminum Oxide,,,,,literature_mined,10.1073/pnas.0802878105,,,,a_10,
s_10.1073_FS_pnas.0802878105_InVitro.CB_1112,Aluminum Oxide,,,,,literature_mined,10.1073/pnas.0802878105,,,,a_10,
s_10.1073_FS_pnas.0802878105_InVitro.CB_1113,Aluminum Oxide,,,,,literature_mined,10.1073/pnas.0802878105,,,,a_10,
s_10.1073_FS_pnas.0802878105_InVitro.CB_1114,Aluminum Oxide,,,,,literature_mined,10.1073/pnas.0802878105,,,,a_10,
s_10.1073_FS_pnas.0802878105_InVitro.CB_1115,Aluminum Oxide,,,,,literature_mined,10.1073/pnas.0802878105,,,,a_10,
s_10.1073_FS_pnas.0802878105_InVitro.CB_1116,Aluminum Oxide,,,,,literature_mined,10.1073/pnas.0802878105,,,,a_10,
s_10.1073_FS_pnas.0802878105_InVitro.CB_1117,Aluminum Oxide,,,,,literature_mined,10.1073/pnas.0802878105,,,,a_10,
s_10.1073_FS_pnas.0802878105_InVitro.CB_1118,Aluminum Oxide,,,,,literature_mined,10.1073/pnas.0802878105,,,,a_10,
s_10.1073_FS_pnas.0802878105_InVitro.CB_1119,Aluminum Oxide,,,,,literature_mined,10.1073/pnas.0802878105,,,,a_10,
s_10.1073_FS_pnas.0802878105_InVitro.CB_1120,Aluminum Oxide,,,,,literature_mined,10.1073/pnas.0802878105,,,,a_10,
s_10.1073_FS_pnas.0802878105_InVitro.CB_1121,Aluminum Oxide,,,,,literature_mined,10.1073/pnas.0802878105,,,,a_10,
s_10.1073_FS_pnas.0802878105_InVitro.CB_1122,Aluminum Oxide,,,,,literature_mined,10.1073/pnas.0802878105,,,,a_10,
s_10.1073_FS_pnas.0802878105_InVitro.CB_1123,Aluminum Oxide,,,,,literature_mined,10.1073/pnas.0802878105,,,,a_10,
s_10.1073_FS_pnas.0802878105_InVitro.CB_1124,Aluminum Oxide,,,,,literature_mined,10.1073/pnas.0802878105,,,,a_10,
s_10.1073_FS_pnas.0802878105_InVitro.CB_1125,Aluminum Oxide,,,,,literature_mined,10.1073/pnas.0802878105,,,,a_10,
s_10.1073_FS_pnas.0802878105_InVitro.CB_1126,Aluminum Oxide,,,,,literature_mined,10.1073/pnas.0802878105,,,,a_10,
s_10.1073_FS_pnas.0802878105_InVitro.CB_1127,Aluminum Oxide,,,,,literature_mined,10.1073/pnas.0802878105,,,,a_10,
s_10.1073_FS_pnas.0802878105_InVitro.CB_1128,Aluminum Oxide,,,,,literature_mined,10.1073/pnas.0802878105,,,,a_10,
s_10.1073_FS_pnas.0802878105_InVitro.CB_1129,Aluminum Oxide,,,,,literature_mined,10.1073/pnas.0802878105,,,,a_10,
s_10.1073_FS_pnas.0802878105_InVitro.CB_1130,Aluminum Oxide,,,,,literature_mined,10.1073/pnas.0802878105,,,,a_10,
s_10.1073_FS_pnas.0802878105_InVitro.CB_1131,Aluminum Oxide,,,,,literature_mined,10.1073/pnas.0802878105,,,,a_10,
s_10.1073_FS_pnas.0802878105_InVitro.CB_1132,Aluminum Oxide,,,,,literature_mined,10.1073/pnas.0802878105,,,,a_10,
s_10.1073_FS_pnas.0802878105_InVitro.CB_1133,Aluminum Oxide,,,,,literature_mined,10.1073/pnas.0802878105,,,,a_10,
s_10.1073_FS_pnas.0802878105_InVitro.CB_1134,Aluminum Oxide,,,,,literature_mined,10.1073/pnas.0802878105,,,,a_10,
s_10.1073_FS_pnas.0802878105_InVitro.CB_1135,Aluminum Oxide,,,,,literature_mined,10.1073/pnas.0802878105,,,,a_10,
s_10.1073_FS_pnas.0802878105_InVitro.CB_1136,Aluminum Oxide,,,,,literature_mined,10.1073/pnas.0802878105,,,,a_10,
s_10.1073_FS_pnas.0802878105_InVitro.CB_1137,Aluminum Oxide,,,,,literature_mined,10.1073/pnas.0802878105,,,,a_10,
s_10.1073_FS_pnas.0802878105_InVitro.CB_1138,Aluminum Oxide,,,,,literature_mined,10.1073/pnas.0802878105,,,,a_10,
s_10.1073_FS_pnas.0802878105_InVitro.CB_1139,Aluminum Oxide,,,,,literature_mined,10.1073/pnas.0802878105,,,,a_10,
s_10.1073_FS_pnas.0802878105_InVitro.CB_1140,Aluminum Oxide,,,,,literature_mined,10.1073/pnas.0802878105,,,,a_10,
s_10.1073_FS_pnas.0802878105_InVitro.CB_1141,Aluminum Oxide,,,,,literature_mined,10.1073/pnas.0802878105,,,,a_10,
s_10.1073_FS_pnas.0802878105_InVitro.CB_1142,Aluminum Oxide,,,,,literature_mined,10.1073/pnas.0802878105,,,,a_10,
s_10.1073_FS_pnas.0802878105_InVitro.CB_1143,Aluminum Oxide,,,,,literature_mined,10.1073/pnas.0802878105,,,,a_10,
s_10.1073_FS_pnas.0802878105_InVitro.CB_1144,Aluminum Oxide,,,,,literature_mined,10.1073/pnas.0802878105,,,,a_10,
s_10.1073_FS_pnas.0802878105_InVitro.CB_1145,Aluminum Oxide,,,,,literature_mined,10.1073/pnas.0802878105,,,,a_10,
s_10.1073_FS_pnas.0802878105_InVitro.CB_1146,Aluminum Oxide,,,,,literature_mined,10.1073/pnas.0802878105,,,,a_10,
s_10.1073_FS_pnas.0802878105_InVitro.CB_1147,Aluminum Oxide,,,,,literature_mined,10.1073/pnas.0802878105,,,,a_10,
s_10.1073_FS_pnas.0802878105_InVitro.CB_1148,Aluminum Oxide,,,,,literature_mined,10.1073/pnas.0802878105,,,,a_10,
s_10.1073_FS_pnas.0802878105_InVitro.CB_1149,Aluminum Oxide,,,,,literature_mined,10.1073/pnas.0802878105,,,,a_10,
s_10.1073_FS_pnas.0802878105_InVitro.CB_1150,Aluminum Oxide,,,,,literature_mined,10.1073/pnas.0802878105,,,,a_10,
s_10.1073_FS_pnas.0802878105_InVitro.CB_1151,Aluminum Oxide,,,,,literature_mined,10.1073/pnas.0802878105,,,,a_10,
s_10.1073_FS_pnas.0802878105_InVitro.CB_1152,Aluminum Oxide,,,,,literature_mined,10.1073/pnas.0802878105,,,,a_10,
s_10.1073_FS_pnas.0802878105_InVitro.CB_1153,Aluminum Oxide,,,,,literature_mined,10.1073/pnas.0802878105,,,,a_10,
s_10.1073_FS_pnas.0802878105_InVitro.CB_1154,Aluminum Oxide,,,,,literature_mined,10.1073/pnas.0802878105,,,,a_10,
s_10.1073_FS_pnas.0802878105_InVitro.CB_1155,Aluminum Oxide,,,,,literature_mined,10.1073/pnas.0802878105,,,,a_10,
s_10.1073_FS_pnas.0802878105_InVitro.CB_1156,Aluminum Oxide,,,,,literature_mined,10.1073/pnas.0802878105,,,,a_10,
s_10.1073_FS_pnas.0802878105_InVitro.CB_1157,Aluminum Oxide,,,,,literature_mined,10.1073/pnas.0802878105,,,,a_10,
s_10.1073_FS_pnas.0802878105_InVitro.CB_1158,Aluminum Oxide,,,,,literature_mined,10.1073/pnas.0802878105,,,,a_10,
s_10.1073_FS_pnas.0802878105_InVitro.CB_1159,Aluminum Oxide,,,,,literature_mined,10.1073/pnas.0802878105,,,,a_10,
s_10.1073_FS_pnas.0802878105_InVitro.CB_1160,Aluminum Oxide,,,,,literature_mined,10.1073/pnas.0802878105,,,,a_10,
s_10.1073_FS_pnas.0802878105_InVitro.CB_1161,Aluminum Oxide,,,,,literature_mined,10.1073/pnas.0802878105,,,,a_10,
s_10.1073_FS_pnas.0802878105_InVitro.CB_1162,Aluminum Oxide,,,,,literature_mined,10.1073/pnas.0802878105,,,,a_10,
s_10.1073_FS_pnas.0802878105_InVitro.CB_1163,Aluminum Oxide,,,,,literature_mined,10.1073/pnas.0802878105,,,,a_10,
s_10.1073_FS_pnas.0802878105_InVitro.CB_1164,Aluminum Oxide,,,,,literature_mined,10.1073/pnas.0802878105,,,,a_10,
s_10.1073_FS_pnas.0802878105_InVitro.CB_1165,Aluminum Oxide,,,,,literature_mined,10.1073/pnas.0802878105,,,,a_10,
s_10.1073_FS_pnas.0802878105_InVitro.CB_1166,Aluminum Oxide,,,,,literature_mined,10.1073/pnas.0802878105,,,,a_10,
s_10.1073_FS_pnas.0802878105_InVitro.CB_1167,Aluminum Oxide,,,,,literature_mined,10.1073/pnas.0802878105,,,,a_10,
s_10.1073_FS_pnas.0802878105_InVitro.CB_1168,Aluminum Oxide,,,,,literature_mined,10.1073/pnas.0802878105,,,,a_10,
s_10.1073_FS_pnas.0802878105_InVitro.CB_1169,Aluminum Oxide,,,,,literature_mined,10.1073/pnas.0802878105,,,,a_10,
s_10.1073_FS_pnas.0802878105_InVitro.CB_1170,Aluminum Oxide,,,,,literature_mined,10.1073/pnas.0802878105,,,,a_10,
s_10.1073_FS_pnas.0802878105_InVitro.CB_1171,Aluminum Oxide,,,,,literature_mined,10.1073/pnas.0802878105,,,,a_10,
s_10.1073_FS_pnas.0802878105_InVitro.CB_1172,Aluminum Oxide,,,,,literature_mined,10.1073/pnas.0802878105,,,,a_10,
s_10.1073_FS_pnas.0802878105_InVitro.CB_1173,Aluminum Oxide,,,,,literature_mined,10.1073/pnas.0802878105,,,,a_10,
s_10.1073_FS_pnas.0802878105_InVitro.CB_1174,Aluminum Oxide,,,,,literature_mined,10.1073/pnas.0802878105,,,,a_10,
s_10.1073_FS_pnas.0802878105_InVitro.CB_1175,Aluminum Oxide,,,,,literature_mined,10.1073/pnas.0802878105,,,,a_10,
s_10.1073_FS_pnas.0802878105_InVitro.CB_1176,Aluminum Oxide,,,,,literature_mined,10.1073/pnas.0802878105,,,,a_10,
s_10.1073_FS_pnas.0802878105_InVitro.CB_1177,Aluminum Oxide,,,,,literature_mined,10.1073/pnas.0802878105,,,,a_10,
s_10.1073_FS_pnas.0802878105_InVitro.CB_1178,Aluminum Oxide,,,,,literature_mined,10.1073/pnas.0802878105,,,,a_10,
s_10.1073_FS_pnas.0802878105_InVitro.CB_1179,Aluminum Oxide,,,,,literature_mined,10.1073/pnas.0802878105,,,,a_10,
s_10.1073_FS_pnas.0802878105_InVitro.CB_1180,Aluminum Oxide,,,,,literature_mined,10.1073/pnas.0802878105,,,,a_10,
s_10.1073_FS_pnas.0802878105_InVitro.CB_1181,Aluminum Oxide,,,,,literature_mined,10.1073/pnas.0802878105,,,,a_10,
s_10.1073_FS_pnas.0802878105_InVitro.CB_1182,Aluminum Oxide,,,,,literature_mined,10.1073/pnas.0802878105,,,,a_10,
s_10.1073_FS_pnas.0802878105_InVitro.CB_1183,Aluminum Oxide,,,,,literature_mined,10.1073/pnas.0802878105,,,,a_10,
s_10.1073_FS_pnas.0802878105_InVitro.CB_1184,Aluminum Oxide,,,,,literature_mined,10.1073/pnas.0802878105,,,,a_10,
s_10.1073_FS_pnas.0802878105_InVitro.CB_1185,Aluminum Oxide,,,,,literature_mined,10.1073/pnas.0802878105,,,,a_10,
s_10.1073_FS_pnas.0802878105_InVitro.CB_1186,Aluminum Oxide,,,,,literature_mined,10.1073/pnas.0802878105,,,,a_10,
s_10.1073_FS_pnas.0802878105_InVitro.CB_1187,Aluminum Oxide,,,,,literature_mined,10.1073/pnas.0802878105,,,,a_10,
s_10.1073_FS_pnas.0802878105_InVitro.CB_1188,Aluminum Oxide,,,,,literature_mined,10.1073/pnas.0802878105,,,,a_10,
s_10.1073_FS_pnas.0802878105_InVitro.CB_1189,Aluminum Oxide,,,,,literature_mined,10.1073/pnas.0802878105,,,,a_10,
s_10.1073_FS_pnas.0802878105_InVitro.CB_1190,Aluminum Oxide,,,,,literature_mined,10.1073/pnas.0802878105,,,,a_10,
s_10.1073_FS_pnas.0802878105_InVitro.CB_1191,Aluminum Oxide,,,,,literature_mined,10.1073/pnas.0802878105,,,,a_10,
s_10.1073_FS_pnas.0802878105_InVitro.CB_1192,Aluminum Oxide,,,,,literature_mined,10.1073/pnas.0802878105,,,,a_10,
s_10.1073_FS_pnas.0802878105_InVitro.CB_1193,Aluminum Oxide,,,,,literature_mined,10.1073/pnas.0802878105,,,,a_10,
s_10.1073_FS_pnas.0802878105_InVitro.CB_1194,Aluminum Oxide,,,,,literature_mined,10.1073/pnas.0802878105,,,,a_10,
s_10.1073_FS_pnas.0802878105_InVitro.CB_1195,Aluminum Oxide,,,,,literature_mined,10.1073/pnas.0802878105,,,,a_10,
s_10.1073_FS_pnas.0802878105_InVitro.CB_1196,Aluminum Oxide,,,,,literature_mined,10.1073/pnas.0802878105,,,,a_10,
s_10.1073_FS_pnas.0802878105_InVitro.CB_1197,Aluminum Oxide,,,,,literature_mined,10.1073/pnas.0802878105,,,,a_10,
s_10.1073_FS_pnas.0802878105_InVitro.CB_1198,Aluminum Oxide,,,,,literature_mined,10.1073/pnas.0802878105,,,,a_10,
s_10.1073_FS_pnas.0802878105_InVitro.CB_1199,Aluminum Oxide,,,,,literature_mined,10.1073/pnas.0802878105,,,,a_10,
s_10.1073_FS_pnas.0802878105_InVitro.CB_1200,Aluminum Oxide,,,,,literature_mined,10.1073/pnas.0802878105,,,,a_10,
s_10.1073_FS_pnas.0802878105_InVitro.CB_1201,Aluminum Oxide,,,,,literature_mined,10.1073/pnas.0802878105,,,,a_10,
s_10.1073_FS_pnas.0802878105_InVitro.CB_1202,Aluminum Oxide,,,,,literature_mined,10.1073/pnas.0802878105,,,,a_10,
s_10.1073_FS_pnas.0802878105_InVitro.CB_1203,Aluminum Oxide,,,,,literature_mined,10.1073/pnas.0802878105,,,,a_10,
s_10.1073_FS_pnas.0802878105_InVitro.CB_1204,Aluminum Oxide,,,,,literature_mined,10.1073/pnas.0802878105,,,,a_10,
s_10.1073_FS_pnas.0802878105_InVitro.CB_1205,Aluminum Oxide,,,,,literature_mined,10.1073/pnas.0802878105,,,,a_10,
s_10.1073_FS_pnas.0802878105_InVitro.CB_1206,Aluminum Oxide,,,,,literature_mined,10.1073/pnas.0802878105,,,,a_10,
s_10.1073_FS_pnas.0802878105_InVitro.CB_1207,Aluminum Oxide,,,,,literature_mined,10.1073/pnas.0802878105,,,,a_10,
s_10.1073_FS_pnas.0802878105_InVitro.CB_1208,Aluminum Oxide,,,,,literature_mined,10.1073/pnas.0802878105,,,,a_10,
s_10.1073_FS_pnas.0802878105_InVitro.CB_1209,Aluminum Oxide,,,,,literature_mined,10.1073/pnas.0802878105,,,,a_10,
s_10.1073_FS_pnas.0802878105_InVitro.CB_1210,Aluminum Oxide,,,,,literature_mined,10.1073/pnas.0802878105,,,,a_10,
s_10.1073_FS_pnas.0802878105_InVitro.CB_1211,Aluminum Oxide,,,,,literature_mined,10.1073/pnas.0802878105,,,,a_10,
s_10.1073_FS_pnas.0802878105_InVitro.CB_1212,Aluminum Oxide,,,,,literature_mined,10.1073/pnas.0802878105,,,,a_10,
s_10.1073_FS_pnas.0802878105_InVitro.CB_1213,Aluminum Oxide,,,,,literature_mined,10.1073/pnas.0802878105,,,,a_10,
s_10.1073_FS_pnas.0802878105_InVitro.CB_1214,Aluminum Oxide,,,,,literature_mined,10.1073/pnas.0802878105,,,,a_10,
s_10.1073_FS_pnas.0802878105_InVitro.CB_1215,Aluminum Oxide,,,,,literature_mined,10.1073/pnas.0802878105,,,,a_10,
s_10.1073_FS_pnas.0802878105_InVitro.CB_1216,Aluminum Oxide,,,,,literature_mined,10.1073/pnas.0802878105,,,,a_10,
s_10.1073_FS_pnas.0802878105_InVitro.CB_1217,Aluminum Oxide,,,,,literature_mined,10.1073/pnas.0802878105,,,,a_10,
s_10.1073_FS_pnas.0802878105_InVitro.CB_1218,Aluminum Oxide,,,,,literature_mined,10.1073/pnas.0802878105,,,,a_10,
s_10.1073_FS_pnas.0802878105_InVitro.CB_1219,Aluminum Oxide,,,,,literature_mined,10.1073/pnas.0802878105,,,,a_10,
s_10.1073_FS_pnas.0802878105_InVitro.CB_1220,Aluminum Oxide,,,,,literature_mined,10.1073/pnas.0802878105,,,,a_10,
s_10.1073_FS_pnas.0802878105_InVitro.CB_1221,Aluminum Oxide,,,,,literature_mined,10.1073/pnas.0802878105,,,,a_10,
s_10.1073_FS_pnas.0802878105_InVitro.CB_1222,Aluminum Oxide,,,,,literature_mined,10.1073/pnas.0802878105,,,,a_10,
s_10.1073_FS_pnas.0802878105_InVitro.CB_1223,Aluminum Oxide,,,,,literature_mined,10.1073/pnas.0802878105,,,,a_10,
s_10.1073_FS_pnas.0802878105_InVitro.CB_1224,Aluminum Oxide,,,,,literature_mined,10.1073/pnas.0802878105,,,,a_10,
s_10.1073_FS_pnas.0802878105_InVitro.CB_1225,Aluminum Oxide,,,,,literature_mined,10.1073/pnas.0802878105,,,,a_10,
s_10.1073_FS_pnas.0802878105_InVitro.CB_1226,Aluminum Oxide,,,,,literature_mined,10.1073/pnas.0802878105,,,,a_10,
s_10.1073_FS_pnas.0802878105_InVitro.CB_1227,Aluminum Oxide,,,,,literature_mined,10.1073/pnas.0802878105,,,,a_10,
s_10.1073_FS_pnas.0802878105_InVitro.CB_1228,Aluminum Oxide,,,,,literature_mined,10.1073/pnas.0802878105,,,,a_10,
s_10.1073_FS_pnas.0802878105_InVitro.CB_1229,Aluminum Oxide,,,,,literature_mined,10.1073/pnas.0802878105,,,,a_10,
s_10.1073_FS_pnas.0802878105_InVitro.CB_1230,Aluminum Oxide,,,,,literature_mined,10.1073/pnas.0802878105,,,,a_10,
s_10.1073_FS_pnas.0802878105_InVitro.CB_1231,Aluminum Oxide,,,,,literature_mined,10.1073/pnas.0802878105,,,,a_10,
s_10.1073_FS_pnas.0802878105_InVitro.CB_1232,Aluminum Oxide,,,,,literature_mined,10.1073/pnas.0802878105,,,,a_10,
s_10.1073_FS_pnas.0802878105_InVitro.CB_1233,Aluminum Oxide,,,,,literature_mined,10.1073/pnas.0802878105,,,,a_10,
s_10.1073_FS_pnas.0802878105_InVitro.CB_1234,Aluminum Oxide,,,,,literature_mined,10.1073/pnas.0802878105,,,,a_10,
s_10.1073_FS_pnas.0802878105_InVitro.CB_1235,Aluminum Oxide,,,,,literature_mined,10.1073/pnas.0802878105,,,,a_10,
s_10.1073_FS_pnas.0802878105_InVitro.CB_1236,Aluminum Oxide,,,,,literature_mined,10.1073/pnas.0802878105,,,,a_10,
s_10.1073_FS_pnas.0802878105_InVitro.CB_1237,Aluminum Oxide,,,,,literature_mined,10.1073/pnas.0802878105,,,,a_10,
s_10.1073_FS_pnas.0802878105_InVitro.CB_1238,Aluminum Oxide,,,,,literature_mined,10.1073/pnas.0802878105,,,,a_10,
s_10.1073_FS_pnas.0802878105_InVitro.CB_1239,Aluminum Oxide,,,,,literature_mined,10.1073/pnas.0802878105,,,,a_10,
s_10.1073_FS_pnas.0802878105_InVitro.CB_1240,Aluminum Oxide,,,,,literature_mined,10.1073/pnas.0802878105,,,,a_10,
s_10.1073_FS_pnas.0802878105_InVitro.CB_1241,Aluminum Oxide,,,,,literature_mined,10.1073/pnas.0802878105,,,,a_10,
s_10.1073_FS_pnas.0802878105_InVitro.CB_1242,Aluminum Oxide,,,,,literature_mined,10.1073/pnas.0802878105,,,,a_10,
s_10.1073_FS_pnas.0802878105_InVitro.CB_1243,Aluminum Oxide,,,,,literature_mined,10.1073/pnas.0802878105,,,,a_10,
s_10.1073_FS_pnas.0802878105_InVitro.CB_1244,Aluminum Oxide,,,,,literature_mined,10.1073/pnas.0802878105,,,,a_10,
s_10.1073_FS_pnas.0802878105_InVitro.CB_1245,Aluminum Oxide,,,,,literature_mined,10.1073/pnas.0802878105,,,,a_10,
s_10.1073_FS_pnas.0802878105_InVitro.CB_1246,Aluminum Oxide,,,,,literature_mined,10.1073/pnas.0802878105,,,,a_10,
s_10.1073_FS_pnas.0802878105_InVitro.CB_1247,Aluminum Oxide,,,,,literature_mined,10.1073/pnas.0802878105,,,,a_10,
s_10.1073_FS_pnas.0802878105_InVitro.CB_1248,Aluminum Oxide,,,,,literature_mined,10.1073/pnas.0802878105,,,,a_10,
s_10.1073_FS_pnas.0802878105_InVitro.CB_1249,Aluminum Oxide,,,,,literature_mined,10.1073/pnas.0802878105,,,,a_10,
s_10.1073_FS_pnas.0802878105_InVitro.CB_1250,Aluminum Oxide,,,,,literature_mined,10.1073/pnas.0802878105,,,,a_10,
s_10.1073_FS_pnas.0802878105_InVitro.CB_1251,Aluminum Oxide,,,,,literature_mined,10.1073/pnas.0802878105,,,,a_10,
s_10.1073_FS_pnas.0802878105_InVitro.CB_1252,Aluminum Oxide,,,,,literature_mined,10.1073/pnas.0802878105,,,,a_10,
s_10.1073_FS_pnas.0802878105_InVitro.CB_1253,Aluminum Oxide,,,,,literature_mined,10.1073/pnas.0802878105,,,,a_10,
s_10.1073_FS_pnas.0802878105_InVitro.CB_1254,Aluminum Oxide,,,,,literature_mined,10.1073/pnas.0802878105,,,,a_10,
s_10.1073_FS_pnas.0802878105_InVitro.CB_1255,Aluminum Oxide,,,,,literature_mined,10.1073/pnas.0802878105,,,,a_10,
s_10.1073_FS_pnas.0802878105_InVitro.CB_1256,Aluminum Oxide,,,,,literature_mined,10.1073/pnas.0802878105,,,,a_10,
s_10.1073_FS_pnas.0802878105_InVitro.CB_1257,Aluminum Oxide,,,,,literature_mined,10.1073/pnas.0802878105,,,,a_10,
s_10.1073_FS_pnas.0802878105_InVitro.CB_1258,Aluminum Oxide,,,,,literature_mined,10.1073/pnas.0802878105,,,,a_10,
s_10.1073_FS_pnas.0802878105_InVitro.CB_1259,Aluminum Oxide,,,,,literature_mined,10.1073/pnas.0802878105,,,,a_10,
s_10.1073_FS_pnas.0802878105_InVitro.CB_1260,Aluminum Oxide,,,,,literature_mined,10.1073/pnas.0802878105,,,,a_10,
s_10.1073_FS_pnas.0802878105_InVitro.CB_1261,Aluminum Oxide,,,,,literature_mined,10.1073/pnas.0802878105,,,,a_10,
s_10.1073_FS_pnas.0802878105_InVitro.CB_1262,Aluminum Oxide,,,,,literature_mined,10.1073/pnas.0802878105,,,,a_10,
s_10.1073_FS_pnas.0802878105_InVitro.CB_1263,Aluminum Oxide,,,,,literature_mined,10.1073/pnas.0802878105,,,,a_10,
s_10.1073_FS_pnas.0802878105_InVitro.CB_1264,Aluminum Oxide,,,,,literature_mined,10.1073/pnas.0802878105,,,,a_10,
s_10.1073_FS_pnas.0802878105_InVitro.CB_1265,Aluminum Oxide,,,,,literature_mined,10.1073/pnas.0802878105,,,,a_10,
s_10.1073_FS_pnas.0802878105_InVitro.CB_1266,Aluminum Oxide,,,,,literature_mined,10.1073/pnas.0802878105,,,,a_10,
s_10.1073_FS_pnas.0802878105_InVitro.CB_1267,Aluminum Oxide,,,,,literature_mined,10.1073/pnas.0802878105,,,,a_10,
s_10.1073_FS_pnas.0802878105_InVitro.CB_1268,Aluminum Oxide,,,,,literature_mined,10.1073/pnas.0802878105,,,,a_10,
s_10.1073_FS_pnas.0802878105_InVitro.CB_1269,Aluminum Oxide,,,,,literature_mined,10.1073/pnas.0802878105,,,,a_10,
s_10.1073_FS_pnas.0802878105_InVitro.CB_1270,Aluminum Oxide,,,,,literature_mined,10.1073/pnas.0802878105,,,,a_10,
s_10.1073_FS_pnas.0802878105_InVitro.CB_1271,Aluminum Oxide,,,,,literature_mined,10.1073/pnas.0802878105,,,,a_10,
s_10.1073_FS_pnas.0802878105_InVitro.CB_1272,Aluminum Oxide,,,,,literature_mined,10.1073/pnas.0802878105,,,,a_10,
s_10.1073_FS_pnas.0802878105_InVitro.CB_1273,Aluminum Oxide,,,,,literature_mined,10.1073/pnas.0802878105,,,,a_10,
s_10.1073_FS_pnas.0802878105_InVitro.CB_1274,Aluminum Oxide,,,,,literature_mined,10.1073/pnas.0802878105,,,,a_10,
s_10.1073_FS_pnas.0802878105_InVitro.CB_1275,Aluminum Oxide,,,,,literature_mined,10.1073/pnas.0802878105,,,,a_10,
s_10.1073_FS_pnas.0802878105_InVitro.CB_1276,Aluminum Oxide,,,,,literature_mined,10.1073/pnas.0802878105,,,,a_10,
s_10.1073_FS_pnas.0802878105_InVitro.CB_1277,Aluminum Oxide,,,,,literature_mined,10.1073/pnas.0802878105,,,,a_10,
s_10.1073_FS_pnas.0802878105_InVitro.CB_1278,Aluminum Oxide,,,,,literature_mined,10.1073/pnas.0802878105,,,,a_10,
s_10.1073_FS_pnas.0802878105_InVitro.CB_1279,Aluminum Oxide,,,,,literature_mined,10.1073/pnas.0802878105,,,,a_10,
s_10.1073_FS_pnas.0802878105_InVitro.CB_1280,Aluminum Oxide,,,,,literature_mined,10.1073/pnas.0802878105,,,,a_10,
s_10.1073_FS_pnas.0802878105_InVitro.CB_1281,Aluminum Oxide,,,,,literature_mined,10.1073/pnas.0802878105,,,,a_10,
s_10.1073_FS_pnas.0802878105_InVitro.CB_1282,Aluminum Oxide,,,,,literature_mined,10.1073/pnas.0802878105,,,,a_10,
s_10.1073_FS_pnas.0802878105_InVitro.CB_1283,Aluminum Oxide,,,,,literature_mined,10.1073/pnas.0802878105,,,,a_10,
s_10.1073_FS_pnas.0802878105_InVitro.CB_1284,Aluminum Oxide,,,,,literature_mined,10.1073/pnas.0802878105,,,,a_10,
s_10.1073_FS_pnas.0802878105_InVitro.CB_1285,Aluminum Oxide,,,,,literature_mined,10.1073/pnas.0802878105,,,,a_10,
s_10.1073_FS_pnas.0802878105_InVitro.CB_1286,Aluminum Oxide,,,,,literature_mined,10.1073/pnas.0802878105,,,,a_10,
s_10.1073_FS_pnas.0802878105_InVitro.CB_1287,Aluminum Oxide,,,,,literature_mined,10.1073/pnas.0802878105,,,,a_10,
s_10.1073_FS_pnas.0802878105_InVitro.CB_1288,Aluminum Oxide,,,,,literature_mined,10.1073/pnas.0802878105,,,,a_10,
s_10.1073_FS_pnas.0802878105_InVitro.CB_1289,Aluminum Oxide,,,,,literature_mined,10.1073/pnas.0802878105,,,,a_10,
s_10.1073_FS_pnas.0802878105_InVitro.CB_1290,Aluminum Oxide,,,,,literature_mined,10.1073/pnas.0802878105,,,,a_10,
s_10.1073_FS_pnas.0802878105_InVitro.CB_1291,Aluminum Oxide,,,,,literature_mined,10.1073/pnas.0802878105,,,,a_10,
s_10.1073_FS_pnas.0802878105_InVitro.CB_1292,Aluminum Oxide,,,,,literature_mined,10.1073/pnas.0802878105,,,,a_10,
s_10.1073_FS_pnas.0802878105_InVitro.CB_1293,Aluminum Oxide,,,,,literature_mined,10.1073/pnas.0802878105,,,,a_10,
s_10.1073_FS_pnas.0802878105_InVitro.CB_1294,Aluminum Oxide,,,,,literature_mined,10.1073/pnas.0802878105,,,,a_10,
s_10.1073_FS_pnas.0802878105_InVitro.CB_1295,Aluminum Oxide,,,,,literature_mined,10.1073/pnas.0802878105,,,,a_10,
s_10.1073_FS_pnas.0802878105_InVitro.CB_1296,Aluminum Oxide,,,,,literature_mined,10.1073/pnas.0802878105,,,,a_10,
s_10.1073_FS_pnas.0802878105_InVitro.CB_1297,Aluminum Oxide,,,,,literature_mined,10.1073/pnas.0802878105,,,,a_10,
s_10.1073_FS_pnas.0802878105_InVitro.CB_1298,Aluminum Oxide,,,,,literature_mined,10.1073/pnas.0802878105,,,,a_10,
s_10.1073_FS_pnas.0802878105_InVitro.CB_1299,Aluminum Oxide,,,,,literature_mined,10.1073/pnas.0802878105,,,,a_10,
s_10.1073_FS_pnas.0802878105_InVitro.CB_1300,Aluminum Oxide,,,,,literature_mined,10.1073/pnas.0802878105,,,,a_10,
s_10.1073_FS_pnas.0802878105_InVitro.CB_1301,Aluminum Oxide,,,,,literature_mined,10.1073/pnas.0802878105,,,,a_10,
s_10.1073_FS_pnas.0802878105_InVitro.CB_1302,Aluminum Oxide,,,,,literature_mined,10.1073/pnas.0802878105,,,,a_10,
s_10.1073_FS_pnas.0802878105_InVitro.CB_1303,Aluminum Oxide,,,,,literature_mined,10.1073/pnas.0802878105,,,,a_10,
s_10.1073_FS_pnas.0802878105_InVitro.CB_1304,Aluminum Oxide,,,,,literature_mined,10.1073/pnas.0802878105,,,,a_10,
s_10.1073_FS_pnas.0802878105_InVitro.CB_1305,Aluminum Oxide,,,,,literature_mined,10.1073/pnas.0802878105,,,,a_10,
s_10.1073_FS_pnas.0802878105_InVitro.CB_1306,Aluminum Oxide,,,,,literature_mined,10.1073/pnas.0802878105,,,,a_10,
s_10.1073_FS_pnas.0802878105_InVitro.CB_1307,Aluminum Oxide,,,,,literature_mined,10.1073/pnas.0802878105,,,,a_10,
s_10.1073_FS_pnas.0802878105_InVitro.CB_1308,Aluminum Oxide,,,,,literature_mined,10.1073/pnas.0802878105,,,,a_10,
s_10.1073_FS_pnas.0802878105_InVitro.CB_1309,Aluminum Oxide,,,,,literature_mined,10.1073/pnas.0802878105,,,,a_10,
s_10.1073_FS_pnas.0802878105_InVitro.CB_1310,Aluminum Oxide,,,,,literature_mined,10.1073/pnas.0802878105,,,,a_10,
s_10.1073_FS_pnas.0802878105_InVitro.CB_1311,Aluminum Oxide,,,,,literature_mined,10.1073/pnas.0802878105,,,,a_10,
s_10.1073_FS_pnas.0802878105_InVitro.CB_1312,Aluminum Oxide,,,,,literature_mined,10.1073/pnas.0802878105,,,,a_10,
s_10.1073_FS_pnas.0802878105_InVitro.CB_1313,Aluminum Oxide,,,,,literature_mined,10.1073/pnas.0802878105,,,,a_10,
s_10.1073_FS_pnas.0802878105_InVitro.CB_1314,Aluminum Oxide,,,,,literature_mined,10.1073/pnas.0802878105,,,,a_10,
s_10.1073_FS_pnas.0802878105_InVitro.CB_1315,Aluminum Oxide,,,,,literature_mined,10.1073/pnas.0802878105,,,,a_10,
s_10.1073_FS_pnas.0802878105_InVitro.CB_1316,Aluminum Oxide,,,,,literature_mined,10.1073/pnas.0802878105,,,,a_10,
s_10.1073_FS_pnas.0802878105_InVitro.CB_1317,Aluminum Oxide,,,,,literature_mined,10.1073/pnas.0802878105,,,,a_10,
s_10.1073_FS_pnas.0802878105_InVitro.CB_1318,Aluminum Oxide,,,,,literature_mined,10.1073/pnas.0802878105,,,,a_10,
s_10.1073_FS_pnas.0802878105_InVitro.CB_1319,Aluminum Oxide,,,,,literature_mined,10.1073/pnas.0802878105,,,,a_10,
s_10.1073_FS_pnas.0802878105_InVitro.CB_1320,Aluminum Oxide,,,,,literature_mined,10.1073/pnas.0802878105,,,,a_10,
s_10.1073_FS_pnas.0802878105_InVitro.CB_1321,Aluminum Oxide,,,,,literature_mined,10.1073/pnas.0802878105,,,,a_10,
s_10.1073_FS_pnas.0802878105_InVitro.CB_1322,Aluminum Oxide,,,,,literature_mined,10.1073/pnas.0802878105,,,,a_10,
s_10.1073_FS_pnas.0802878105_InVitro.CB_1323,Aluminum Oxide,,,,,literature_mined,10.1073/pnas.0802878105,,,,a_10,
s_10.1073_FS_pnas.0802878105_InVitro.CB_1324,Aluminum Oxide,,,,,literature_mined,10.1073/pnas.0802878105,,,,a_10,
s_10.1073_FS_pnas.0802878105_InVitro.CB_1325,Aluminum Oxide,,,,,literature_mined,10.1073/pnas.0802878105,,,,a_10,
s_10.1073_FS_pnas.0802878105_InVitro.CB_1326,Aluminum Oxide,,,,,literature_mined,10.1073/pnas.0802878105,,,,a_10,
s_10.1073_FS_pnas.0802878105_InVitro.CB_1327,Aluminum Oxide,,,,,literature_mined,10.1073/pnas.0802878105,,,,a_10,
s_10.1073_FS_pnas.0802878105_InVitro.CB_1328,Aluminum Oxide,,,,,literature_mined,10.1073/pnas.0802878105,,,,a_10,
s_10.1073_FS_pnas.0802878105_InVitro.CB_1329,Aluminum Oxide,,,,,literature_mined,10.1073/pnas.0802878105,,,,a_10,
s_10.1073_FS_pnas.0802878105_InVitro.CB_1330,Aluminum Oxide,,,,,literature_mined,10.1073/pnas.0802878105,,,,a_10,
s_10.1073_FS_pnas.0802878105_InVitro.CB_1331,Aluminum Oxide,,,,,literature_mined,10.1073/pnas.0802878105,,,,a_10,
s_10.1073_FS_pnas.0802878105_InVitro.CB_1332,Aluminum Oxide,,,,,literature_mined,10.1073/pnas.0802878105,,,,a_10,
s_10.1073_FS_pnas.0802878105_InVitro.CB_1333,Aluminum Oxide,,,,,literature_mined,10.1073/pnas.0802878105,,,,a_10,
s_10.1073_FS_pnas.0802878105_InVitro.CB_1334,Aluminum Oxide,,,,,literature_mined,10.1073/pnas.0802878105,,,,a_10,
s_10.1073_FS_pnas.0802878105_InVitro.CB_1335,Aluminum Oxide,,,,,literature_mined,10.1073/pnas.0802878105,,,,a_10,
s_10.1073_FS_pnas.0802878105_InVitro.CB_1336,Aluminum Oxide,,,,,literature_mined,10.1073/pnas.0802878105,,,,a_10,
s_10.1073_FS_pnas.0802878105_InVitro.CB_1337,Aluminum Oxide,,,,,literature_mined,10.1073/pnas.0802878105,,,,a_10,
s_10.1073_FS_pnas.0802878105_InVitro.CB_1338,Aluminum Oxide,,,,,literature_mined,10.1073/pnas.0802878105,,,,a_10,
s_10.1073_FS_pnas.0802878105_InVitro.CB_1339,Aluminum Oxide,,,,,literature_mined,10.1073/pnas.0802878105,,,,a_10,
s_10.1073_FS_pnas.0802878105_InVitro.CB_1340,Aluminum Oxide,,,,,literature_mined,10.1073/pnas.0802878105,,,,a_10,
s_10.1073_FS_pnas.0802878105_InVitro.CB_1341,Aluminum Oxide,,,,,literature_mined,10.1073/pnas.0802878105,,,,a_10,
s_10.1073_FS_pnas.0802878105_InVitro.CB_1342,Aluminum Oxide,,,,,literature_mined,10.1073/pnas.0802878105,,,,a_10,
s_10.1073_FS_pnas.0802878105_InVitro.CB_1343,Aluminum Oxide,,,,,literature_mined,10.1073/pnas.0802878105,,,,a_10,
s_10.1073_FS_pnas.0802878105_InVitro.CB_1344,Aluminum Oxide,,,,,literature_mined,10.1073/pnas.0802878105,,,,a_10,
s_10.1073_FS_pnas.0802878105_InVitro.CB_1345,Aluminum Oxide,,,,,literature_mined,10.1073/pnas.0802878105,,,,a_10,
s_10.1073_FS_pnas.0802878105_InVitro.CB_1346,Aluminum Oxide,,,,,literature_mined,10.1073/pnas.0802878105,,,,a_10,
s_10.1073_FS_pnas.0802878105_InVitro.CB_1347,Aluminum Oxide,,,,,literature_mined,10.1073/pnas.0802878105,,,,a_10,
s_10.1073_FS_pnas.0802878105_InVitro.CB_1348,Aluminum Oxide,,,,,literature_mined,10.1073/pnas.0802878105,,,,a_10,
s_10.1073_FS_pnas.0802878105_InVitro.CB_1349,Aluminum Oxide,,,,,literature_mined,10.1073/pnas.0802878105,,,,a_10,
s_10.1073_FS_pnas.0802878105_InVitro.CB_1350,Aluminum Oxide,,,,,literature_mined,10.1073/pnas.0802878105,,,,a_10,
s_10.1073_FS_pnas.0802878105_InVitro.CB_1351,Aluminum Oxide,,,,,literature_mined,10.1073/pnas.0802878105,,,,a_10,
s_10.1073_FS_pnas.0802878105_InVitro.CB_1352,Aluminum Oxide,,,,,literature_mined,10.1073/pnas.0802878105,,,,a_10,
s_10.1073_FS_pnas.0802878105_InVitro.CB_1353,Aluminum Oxide,,,,,literature_mined,10.1073/pnas.0802878105,,,,a_10,
s_10.1073_FS_pnas.0802878105_InVitro.CB_1354,Aluminum Oxide,,,,,literature_mined,10.1073/pnas.0802878105,,,,a_10,
s_10.1073_FS_pnas.0802878105_InVitro.CB_1355,Aluminum Oxide,,,,,literature_mined,10.1073/pnas.0802878105,,,,a_10,
s_10.1073_FS_pnas.0802878105_InVitro.CB_1356,Aluminum Oxide,,,,,literature_mined,10.1073/pnas.0802878105,,,,a_10,
s_10.1073_FS_pnas.0802878105_InVitro.CB_1357,Aluminum Oxide,,,,,literature_mined,10.1073/pnas.0802878105,,,,a_10,
s_10.1073_FS_pnas.0802878105_InVitro.CB_1358,Aluminum Oxide,,,,,literature_mined,10.1073/pnas.0802878105,,,,a_10,
s_10.1073_FS_pnas.0802878105_InVitro.CB_1359,Aluminum Oxide,,,,,literature_mined,10.1073/pnas.0802878105,,,,a_10,
s_10.1073_FS_pnas.0802878105_InVitro.CB_1360,Aluminum Oxide,,,,,literature_mined,10.1073/pnas.0802878105,,,,a_10,
s_10.1073_FS_pnas.0802878105_InVitro.CB_1361,Aluminum Oxide,,,,,literature_mined,10.1073/pnas.0802878105,,,,a_10,
s_10.1073_FS_pnas.0802878105_InVitro.CB_1362,Aluminum Oxide,,,,,literature_mined,10.1073/pnas.0802878105,,,,a_10,
s_10.1073_FS_pnas.0802878105_InVitro.CB_1363,Aluminum Oxide,,,,,literature_mined,10.1073/pnas.0802878105,,,,a_10,
s_10.1073_FS_pnas.0802878105_InVitro.CB_1364,Aluminum Oxide,,,,,literature_mined,10.1073/pnas.0802878105,,,,a_10,
s_10.1073_FS_pnas.0802878105_InVitro.CB_1365,Aluminum Oxide,,,,,literature_mined,10.1073/pnas.0802878105,,,,a_10,
s_10.1073_FS_pnas.0802878105_InVitro.CB_1366,Aluminum Oxide,,,,,literature_mined,10.1073/pnas.0802878105,,,,a_10,
s_10.1073_FS_pnas.0802878105_InVitro.CB_1367,Aluminum Oxide,,,,,literature_mined,10.1073/pnas.0802878105,,,,a_10,
s_10.1073_FS_pnas.0802878105_InVitro.CB_1368,Aluminum Oxide,,,,,literature_mined,10.1073/pnas.0802878105,,,,a_10,
s_10.1073_FS_pnas.0802878105_InVitro.CB_1369,Aluminum Oxide,,,,,literature_mined,10.1073/pnas.0802878105,,,,a_10,
s_10.1073_FS_pnas.0802878105_InVitro.CB_1370,Aluminum Oxide,,,,,literature_mined,10.1073/pnas.0802878105,,,,a_10,
s_10.1073_FS_pnas.0802878105_InVitro.CB_1371,Aluminum Oxide,,,,,literature_mined,10.1073/pnas.0802878105,,,,a_10,
s_10.1073_FS_pnas.0802878105_InVitro.CB_1372,Aluminum Oxide,,,,,literature_mined,10.1073/pnas.0802878105,,,,a_10,
s_10.1073_FS_pnas.0802878105_InVitro.CB_1373,Aluminum Oxide,,,,,literature_mined,10.1073/pnas.0802878105,,,,a_10,
s_10.1073_FS_pnas.0802878105_InVitro.CB_1374,Aluminum Oxide,,,,,literature_mined,10.1073/pnas.0802878105,,,,a_10,
s_10.1073_FS_pnas.0802878105_InVitro.CB_1375,Aluminum Oxide,,,,,literature_mined,10.1073/pnas.0802878105,,,,a_10,
s_10.1073_FS_pnas.0802878105_InVitro.CB_1376,Aluminum Oxide,,,,,literature_mined,10.1073/pnas.0802878105,,,,a_10,
s_10.1073_FS_pnas.0802878105_InVitro.CB_1377,Aluminum Oxide,,,,,literature_mined,10.1073/pnas.0802878105,,,,a_10,
s_10.1073_FS_pnas.0802878105_InVitro.CB_1378,Aluminum Oxide,,,,,literature_mined,10.1073/pnas.0802878105,,,,a_10,
s_10.1073_FS_pnas.0802878105_InVitro.CB_1379,Aluminum Oxide,,,,,literature_mined,10.1073/pnas.0802878105,,,,a_10,
s_10.1073_FS_pnas.0802878105_InVitro.CB_1380,Aluminum Oxide,,,,,literature_mined,10.1073/pnas.0802878105,,,,a_10,
s_10.1073_FS_pnas.0802878105_InVitro.CB_1381,Aluminum Oxide,,,,,literature_mined,10.1073/pnas.0802878105,,,,a_10,
s_10.1073_FS_pnas.0802878105_InVitro.CB_1382,Aluminum Oxide,,,,,literature_mined,10.1073/pnas.0802878105,,,,a_10,
s_10.1073_FS_pnas.0802878105_InVitro.CB_1383,Aluminum Oxide,,,,,literature_mined,10.1073/pnas.0802878105,,,,a_10,
s_10.1073_FS_pnas.0802878105_InVitro.CB_1384,Aluminum Oxide,,,,,literature_mined,10.1073/pnas.0802878105,,,,a_10,
s_10.1073_FS_pnas.0802878105_InVitro.CB_1385,Aluminum Oxide,,,,,literature_mined,10.1073/pnas.0802878105,,,,a_10,
s_10.1073_FS_pnas.0802878105_InVitro.CB_1386,Aluminum Oxide,,,,,literature_mined,10.1073/pnas.0802878105,,,,a_10,
s_10.1073_FS_pnas.0802878105_InVitro.CB_1387,Aluminum Oxide,,,,,literature_mined,10.1073/pnas.0802878105,,,,a_10,
s_10.1073_FS_pnas.0802878105_InVitro.CB_1388,Aluminum Oxide,,,,,literature_mined,10.1073/pnas.0802878105,,,,a_10,
s_10.1073_FS_pnas.0802878105_InVitro.CB_1389,Aluminum Oxide,,,,,literature_mined,10.1073/pnas.0802878105,,,,a_10,
s_10.1073_FS_pnas.0802878105_InVitro.CB_1390,Aluminum Oxide,,,,,literature_mined,10.1073/pnas.0802878105,,,,a_10,
s_10.1073_FS_pnas.0802878105_InVitro.CB_1391,Aluminum Oxide,,,,,literature_mined,10.1073/pnas.0802878105,,,,a_10,
s_10.1073_FS_pnas.0802878105_InVitro.CB_1392,Aluminum Oxide,,,,,literature_mined,10.1073/pnas.0802878105,,,,a_10,
s_10.1073_FS_pnas.0802878105_InVitro.CB_1393,Aluminum Oxide,,,,,literature_mined,10.1073/pnas.0802878105,,,,a_10,
s_10.1073_FS_pnas.0802878105_InVitro.CB_1394,Aluminum Oxide,,,,,literature_mined,10.1073/pnas.0802878105,,,,a_10,
s_10.1073_FS_pnas.0802878105_InVitro.CB_1395,Aluminum Oxide,,,,,literature_mined,10.1073/pnas.0802878105,,,,a_10,
s_10.1073_FS_pnas.0802878105_InVitro.CB_1396,Aluminum Oxide,,,,,literature_mined,10.1073/pnas.0802878105,,,,a_10,
s_10.1073_FS_pnas.0802878105_InVitro.CB_1397,Aluminum Oxide,,,,,literature_mined,10.1073/pnas.0802878105,,,,a_10,
s_10.1073_FS_pnas.0802878105_InVitro.CB_1398,Aluminum Oxide,,,,,literature_mined,10.1073/pnas.0802878105,,,,a_10,
s_10.1073_FS_pnas.0802878105_InVitro.CB_1399,Aluminum Oxide,,,,,literature_mined,10.1073/pnas.0802878105,,,,a_10,
s_10.1073_FS_pnas.0802878105_InVitro.CB_1400,Aluminum Oxide,,,,,literature_mined,10.1073/pnas.0802878105,,,,a_10,
s_10.1073_FS_pnas.0802878105_InVitro.CB_1401,Aluminum Oxide,,,,,literature_mined,10.1073/pnas.0802878105,,,,a_10,
s_10.1073_FS_pnas.0802878105_InVitro.CB_1402,Aluminum Oxide,,,,,literature_mined,10.1073/pnas.0802878105,,,,a_10,
s_10.1073_FS_pnas.0802878105_InVitro.CB_1403,Aluminum Oxide,,,,,literature_mined,10.1073/pnas.0802878105,,,,a_10,
s_10.1073_FS_pnas.0802878105_InVitro.CB_1404,Aluminum Oxide,,,,,literature_mined,10.1073/pnas.0802878105,,,,a_10,
s_10.1073_FS_pnas.0802878105_InVitro.CB_1405,Aluminum Oxide,,,,,literature_mined,10.1073/pnas.0802878105,,,,a_10,
s_10.1073_FS_pnas.0802878105_InVitro.CB_1406,Aluminum Oxide,,,,,literature_mined,10.1073/pnas.0802878105,,,,a_10,
s_10.1073_FS_pnas.0802878105_InVitro.CB_1407,Aluminum Oxide,,,,,literature_mined,10.1073/pnas.0802878105,,,,a_10,
s_10.1073_FS_pnas.0802878105_InVitro.CB_1408,Aluminum Oxide,,,,,literature_mined,10.1073/pnas.0802878105,,,,a_10,
s_10.1073_FS_pnas.0802878105_InVitro.CB_1409,Aluminum Oxide,,,,,literature_mined,10.1073/pnas.0802878105,,,,a_10,
s_10.1073_FS_pnas.0802878105_InVitro.CB_1410,Aluminum Oxide,,,,,literature_mined,10.1073/pnas.0802878105,,,,a_10,
s_10.1073_FS_pnas.0802878105_InVitro.CB_1411,Aluminum Oxide,,,,,literature_mined,10.1073/pnas.0802878105,,,,a_10,
s_10.1073_FS_pnas.0802878105_InVitro.CB_1412,Aluminum Oxide,,,,,literature_mined,10.1073/pnas.0802878105,,,,a_10,
s_10.1073_FS_pnas.0802878105_InVitro.CB_1413,Aluminum Oxide,,,,,literature_mined,10.1073/pnas.0802878105,,,,a_10,
s_10.1073_FS_pnas.0802878105_InVitro.CB_1414,Aluminum Oxide,,,,,literature_mined,10.1073/pnas.0802878105,,,,a_10,
s_10.1073_FS_pnas.0802878105_InVitro.CB_1415,Aluminum Oxide,,,,,literature_mined,10.1073/pnas.0802878105,,,,a_10,
s_10.1073_FS_pnas.0802878105_InVitro.CB_1416,Aluminum Oxide,,,,,literature_mined,10.1073/pnas.0802878105,,,,a_10,
s_10.1073_FS_pnas.0802878105_InVitro.CB_1417,Aluminum Oxide,,,,,literature_mined,10.1073/pnas.0802878105,,,,a_10,
s_10.1073_FS_pnas.0802878105_InVitro.CB_1418,Aluminum Oxide,,,,,literature_mined,10.1073/pnas.0802878105,,,,a_10,
s_10.1073_FS_pnas.0802878105_InVitro.CB_1419,Aluminum Oxide,,,,,literature_mined,10.1073/pnas.0802878105,,,,a_10,
s_10.1073_FS_pnas.0802878105_InVitro.CB_1420,Aluminum Oxide,,,,,literature_mined,10.1073/pnas.0802878105,,,,a_10,
s_10.1073_FS_pnas.0802878105_InVitro.CB_1421,Aluminum Oxide,,,,,literature_mined,10.1073/pnas.0802878105,,,,a_10,
s_10.1073_FS_pnas.0802878105_InVitro.CB_1422,Aluminum Oxide,,,,,literature_mined,10.1073/pnas.0802878105,,,,a_10,
s_10.1073_FS_pnas.0802878105_InVitro.CB_1423,Aluminum Oxide,,,,,literature_mined,10.1073/pnas.0802878105,,,,a_10,
s_10.1073_FS_pnas.0802878105_InVitro.CB_1424,Aluminum Oxide,,,,,literature_mined,10.1073/pnas.0802878105,,,,a_10,
s_10.1073_FS_pnas.0802878105_InVitro.CB_1425,Aluminum Oxide,,,,,literature_mined,10.1073/pnas.0802878105,,,,a_10,
s_10.1073_FS_pnas.0802878105_InVitro.CB_1426,Aluminum Oxide,,,,,literature_mined,10.1073/pnas.0802878105,,,,a_10,
s_10.1073_FS_pnas.0802878105_InVitro.CB_1427,Aluminum Oxide,,,,,literature_mined,10.1073/pnas.0802878105,,,,a_10,
s_10.1073_FS_pnas.0802878105_InVitro.CB_1428,Aluminum Oxide,,,,,literature_mined,10.1073/pnas.0802878105,,,,a_10,
s_10.1073_FS_pnas.0802878105_InVitro.CB_1429,Aluminum Oxide,,,,,literature_mined,10.1073/pnas.0802878105,,,,a_10,
s_10.1073_FS_pnas.0802878105_InVitro.CB_1430,Aluminum Oxide,,,,,literature_mined,10.1073/pnas.0802878105,,,,a_10,
s_10.1073_FS_pnas.0802878105_InVitro.CB_1431,Aluminum Oxide,,,,,literature_mined,10.1073/pnas.0802878105,,,,a_10,
s_10.1073_FS_pnas.0802878105_InVitro.CB_1432,Aluminum Oxide,,,,,literature_mined,10.1073/pnas.0802878105,,,,a_10,
s_10.1073_FS_pnas.0802878105_InVitro.CB_1433,Aluminum Oxide,,,,,literature_mined,10.1073/pnas.0802878105,,,,a_10,
s_10.1073_FS_pnas.0802878105_InVitro.CB_1434,Aluminum Oxide,,,,,literature_mined,10.1073/pnas.0802878105,,,,a_10,
s_10.1073_FS_pnas.0802878105_InVitro.CB_1435,Aluminum Oxide,,,,,literature_mined,10.1073/pnas.0802878105,,,,a_10,
s_10.1073_FS_pnas.0802878105_InVitro.CB_1436,Aluminum Oxide,,,,,literature_mined,10.1073/pnas.0802878105,,,,a_10,
s_10.1073_FS_pnas.0802878105_InVitro.CB_1437,Aluminum Oxide,,,,,literature_mined,10.1073/pnas.0802878105,,,,a_10,
s_10.1073_FS_pnas.0802878105_InVitro.CB_1438,Aluminum Oxide,,,,,literature_mined,10.1073/pnas.0802878105,,,,a_10,
s_10.1073_FS_pnas.0802878105_InVitro.CB_1439,Aluminum Oxide,,,,,literature_mined,10.1073/pnas.0802878105,,,,a_10,
s_10.1073_FS_pnas.0802878105_InVitro.CB_1440,Aluminum Oxide,,,,,literature_mined,10.1073/pnas.0802878105,,,,a_10,
s_10.1073_FS_pnas.0802878105_InVitro.CB_1441,Aluminum Oxide,,,,,literature_mined,10.1073/pnas.0802878105,,,,a_10,
s_10.1073_FS_pnas.0802878105_InVitro.CB_1442,Aluminum Oxide,,,,,literature_mined,10.1073/pnas.0802878105,,,,a_10,
s_10.1073_FS_pnas.0802878105_InVitro.CB_1443,Aluminum Oxide,,,,,literature_mined,10.1073/pnas.0802878105,,,,a_10,
s_10.1073_FS_pnas.0802878105_InVitro.CB_1444,Aluminum Oxide,,,,,literature_mined,10.1073/pnas.0802878105,,,,a_10,
s_10.1073_FS_pnas.0802878105_InVitro.CB_1445,Aluminum Oxide,,,,,literature_mined,10.1073/pnas.0802878105,,,,a_10,
s_10.1073_FS_pnas.0802878105_InVitro.CB_1446,Aluminum Oxide,,,,,literature_mined,10.1073/pnas.0802878105,,,,a_10,
s_10.1073_FS_pnas.0802878105_InVitro.CB_1447,Aluminum Oxide,,,,,literature_mined,10.1073/pnas.0802878105,,,,a_10,
s_10.1073_FS_pnas.0802878105_InVitro.CB_1448,Aluminum Oxide,,,,,literature_mined,10.1073/pnas.0802878105,,,,a_10,
s_10.1073_FS_pnas.0802878105_InVitro.CB_1449,Aluminum Oxide,,,,,literature_mined,10.1073/pnas.0802878105,,,,a_10,
s_10.1073_FS_pnas.0802878105_InVitro.CB_1450,Aluminum Oxide,,,,,literature_mined,10.1073/pnas.0802878105,,,,a_10,
s_10.1073_FS_pnas.0802878105_InVitro.CB_1451,Aluminum Oxide,,,,,literature_mined,10.1073/pnas.0802878105,,,,a_10,
s_10.1073_FS_pnas.0802878105_InVitro.CB_1452,Aluminum Oxide,,,,,literature_mined,10.1073/pnas.0802878105,,,,a_10,
s_10.1073_FS_pnas.0802878105_InVitro.CB_1453,Aluminum Oxide,,,,,literature_mined,10.1073/pnas.0802878105,,,,a_10,
s_10.1073_FS_pnas.0802878105_InVitro.CB_1454,Aluminum Oxide,,,,,literature_mined,10.1073/pnas.0802878105,,,,a_10,
s_10.1073_FS_pnas.0802878105_InVitro.CB_1455,Aluminum Oxide,,,,,literature_mined,10.1073/pnas.0802878105,,,,a_10,
s_10.1073_FS_pnas.0802878105_InVitro.CB_1456,Aluminum Oxide,,,,,literature_mined,10.1073/pnas.0802878105,,,,a_10,
s_10.1073_FS_pnas.0802878105_InVitro.CB_1457,Aluminum Oxide,,,,,literature_mined,10.1073/pnas.0802878105,,,,a_10,
s_10.1073_FS_pnas.0802878105_InVitro.CB_1458,Aluminum Oxide,,,,,literature_mined,10.1073/pnas.0802878105,,,,a_10,
s_10.1073_FS_pnas.0802878105_InVitro.CB_1459,Aluminum Oxide,,,,,literature_mined,10.1073/pnas.0802878105,,,,a_10,
s_10.1073_FS_pnas.0802878105_InVitro.CB_1460,Aluminum Oxide,,,,,literature_mined,10.1073/pnas.0802878105,,,,a_10,
s_10.1073_FS_pnas.0802878105_InVitro.CB_1461,Aluminum Oxide,,,,,literature_mined,10.1073/pnas.0802878105,,,,a_10,
s_10.1073_FS_pnas.0802878105_InVitro.CB_1462,Aluminum Oxide,,,,,literature_mined,10.1073/pnas.0802878105,,,,a_10,
s_10.1073_FS_pnas.0802878105_InVitro.CB_1463,Aluminum Oxide,,,,,literature_mined,10.1073/pnas.0802878105,,,,a_10,
s_10.1073_FS_pnas.0802878105_InVitro.CB_1464,Aluminum Oxide,,,,,literature_mined,10.1073/pnas.0802878105,,,,a_10,
s_10.1073_FS_pnas.0802878105_InVitro.CB_1465,Aluminum Oxide,,,,,literature_mined,10.1073/pnas.0802878105,,,,a_10,
s_10.1073_FS_pnas.0802878105_InVitro.CB_1466,Aluminum Oxide,,,,,literature_mined,10.1073/pnas.0802878105,,,,a_10,
s_10.1073_FS_pnas.0802878105_InVitro.CB_1467,Aluminum Oxide,,,,,literature_mined,10.1073/pnas.0802878105,,,,a_10,
s_10.1073_FS_pnas.0802878105_InVitro.CB_1468,Aluminum Oxide,,,,,literature_mined,10.1073/pnas.0802878105,,,,a_10,
s_10.1073_FS_pnas.0802878105_InVitro.CB_1469,Aluminum Oxide,,,,,literature_mined,10.1073/pnas.0802878105,,,,a_10,
s_10.1073_FS_pnas.0802878105_InVitro.CB_1470,Aluminum Oxide,,,,,literature_mined,10.1073/pnas.0802878105,,,,a_10,
s_10.1073_FS_pnas.0802878105_InVitro.CB_1471,Aluminum Oxide,,,,,literature_mined,10.1073/pnas.0802878105,,,,a_10,
s_10.1073_FS_pnas.0802878105_InVitro.CB_1472,Aluminum Oxide,,,,,literature_mined,10.1073/pnas.0802878105,,,,a_10,
s_10.1073_FS_pnas.0802878105_InVitro.CB_1473,Aluminum Oxide,,,,,literature_mined,10.1073/pnas.0802878105,,,,a_10,
s_10.1073_FS_pnas.0802878105_InVitro.CB_1474,Aluminum Oxide,,,,,literature_mined,10.1073/pnas.0802878105,,,,a_10,
s_10.1073_FS_pnas.0802878105_InVitro.CB_1475,Aluminum Oxide,,,,,literature_mined,10.1073/pnas.0802878105,,,,a_10,
s_10.1073_FS_pnas.0802878105_InVitro.CB_1476,Aluminum Oxide,,,,,literature_mined,10.1073/pnas.0802878105,,,,a_10,
s_10.1073_FS_pnas.0802878105_InVitro.CB_1477,Aluminum Oxide,,,,,literature_mined,10.1073/pnas.0802878105,,,,a_10,
s_10.1073_FS_pnas.0802878105_InVitro.CB_1478,Aluminum Oxide,,,,,literature_mined,10.1073/pnas.0802878105,,,,a_10,
s_10.1073_FS_pnas.0802878105_InVitro.CB_1479,Aluminum Oxide,,,,,literature_mined,10.1073/pnas.0802878105,,,,a_10,
s_10.1073_FS_pnas.0802878105_InVitro.CB_1480,Aluminum Oxide,,,,,literature_mined,10.1073/pnas.0802878105,,,,a_10,
s_10.1073_FS_pnas.0802878105_InVitro.CB_1481,Aluminum Oxide,,,,,literature_mined,10.1073/pnas.0802878105,,,,a_10,
s_10.1073_FS_pnas.0802878105_InVitro.CB_1482,Aluminum Oxide,,,,,literature_mined,10.1073/pnas.0802878105,,,,a_10,
s_10.1073_FS_pnas.0802878105_InVitro.CB_1483,Aluminum Oxide,,,,,literature_mined,10.1073/pnas.0802878105,,,,a_10,
s_10.1073_FS_pnas.0802878105_InVitro.CB_1484,Aluminum Oxide,,,,,literature_mined,10.1073/pnas.0802878105,,,,a_10,
s_10.1073_FS_pnas.0802878105_InVitro.CB_1485,Aluminum Oxide,,,,,literature_mined,10.1073/pnas.0802878105,,,,a_10,
s_10.1073_FS_pnas.0802878105_InVitro.CB_1486,Aluminum Oxide,,,,,literature_mined,10.1073/pnas.0802878105,,,,a_10,
s_10.1073_FS_pnas.0802878105_InVitro.CB_1487,Aluminum Oxide,,,,,literature_mined,10.1073/pnas.0802878105,,,,a_10,
s_10.1073_FS_pnas.0802878105_InVitro.CB_1488,Aluminum Oxide,,,,,literature_mined,10.1073/pnas.0802878105,,,,a_10,
s_10.1073_FS_pnas.0802878105_InVitro.CB_1489,Aluminum Oxide,,,,,literature_mined,10.1073/pnas.0802878105,,,,a_10,
s_10.1073_FS_pnas.0802878105_InVitro.CB_1490,Aluminum Oxide,,,,,literature_mined,10.1073/pnas.0802878105,,,,a_10,
s_10.1073_FS_pnas.0802878105_InVitro.CB_1491,Aluminum Oxide,,,,,literature_mined,10.1073/pnas.0802878105,,,,a_10,
s_10.1073_FS_pnas.0802878105_InVitro.CB_1492,Aluminum Oxide,,,,,literature_mined,10.1073/pnas.0802878105,,,,a_10,
s_10.1073_FS_pnas.0802878105_InVitro.CB_1493,Aluminum Oxide,,,,,literature_mined,10.1073/pnas.0802878105,,,,a_10,
s_10.1073_FS_pnas.0802878105_InVitro.CB_1494,Aluminum Oxide,,,,,literature_mined,10.1073/pnas.0802878105,,,,a_10,
s_10.1073_FS_pnas.0802878105_InVitro.CB_1495,Aluminum Oxide,,,,,literature_mined,10.1073/pnas.0802878105,,,,a_10,
s_10.1073_FS_pnas.0802878105_InVitro.CB_1496,Aluminum Oxide,,,,,literature_mined,10.1073/pnas.0802878105,,,,a_10,
s_10.1073_FS_pnas.0802878105_InVitro.CB_1497,Aluminum Oxide,,,,,literature_mined,10.1073/pnas.0802878105,,,,a_10,
s_10.1073_FS_pnas.0802878105_InVitro.CB_1498,Aluminum Oxide,,,,,literature_mined,10.1073/pnas.0802878105,,,,a_10,
s_10.1073_FS_pnas.0802878105_InVitro.CB_1499,Aluminum Oxide,,,,,literature_mined,10.1073/pnas.0802878105,,,,a_10,
s_10.1073_FS_pnas.0802878105_InVitro.CB_1500,Aluminum Oxide,,,,,literature_mined,10.1073/pnas.0802878105,,,,a_10,
s_10.1073_FS_pnas.0802878105_InVitro.CB_1501,Aluminum Oxide,,,,,literature_mined,10.1073/pnas.0802878105,,,,a_10,
s_10.1073_FS_pnas.0802878105_InVitro.CB_1502,Aluminum Oxide,,,,,literature_mined,10.1073/pnas.0802878105,,,,a_10,
s_10.1073_FS_pnas.0802878105_InVitro.CB_1503,Aluminum Oxide,,,,,literature_mined,10.1073/pnas.0802878105,,,,a_10,
s_10.1073_FS_pnas.0802878105_InVitro.CB_1504,Aluminum Oxide,,,,,literature_mined,10.1073/pnas.0802878105,,,,a_10,
s_10.1073_FS_pnas.0802878105_InVitro.CB_1505,Aluminum Oxide,,,,,literature_mined,10.1073/pnas.0802878105,,,,a_10,
s_10.1073_FS_pnas.0802878105_InVitro.CB_1506,Aluminum Oxide,,,,,literature_mined,10.1073/pnas.0802878105,,,,a_10,
s_10.1073_FS_pnas.0802878105_InVitro.CB_1507,Aluminum Oxide,,,,,literature_mined,10.1073/pnas.0802878105,,,,a_10,
s_10.1073_FS_pnas.0802878105_InVitro.CB_1508,Aluminum Oxide,,,,,literature_mined,10.1073/pnas.0802878105,,,,a_10,
s_10.1073_FS_pnas.0802878105_InVitro.CB_1509,Aluminum Oxide,,,,,literature_mined,10.1073/pnas.0802878105,,,,a_10,
s_10.1073_FS_pnas.0802878105_InVitro.CB_1510,Aluminum Oxide,,,,,literature_mined,10.1073/pnas.0802878105,,,,a_10,
s_10.1073_FS_pnas.0802878105_InVitro.CB_1511,Aluminum Oxide,,,,,literature_mined,10.1073/pnas.0802878105,,,,a_10,
s_10.1073_FS_pnas.0802878105_InVitro.CB_1512,Aluminum Oxide,,,,,literature_mined,10.1073/pnas.0802878105,,,,a_10,
s_10.1073_FS_pnas.0802878105_InVitro.CB_1513,Aluminum Oxide,,,,,literature_mined,10.1073/pnas.0802878105,,,,a_10,
s_10.1073_FS_pnas.0802878105_InVitro.CB_1514,Aluminum Oxide,,,,,literature_mined,10.1073/pnas.0802878105,,,,a_10,
s_10.1073_FS_pnas.0802878105_InVitro.CB_1515,Aluminum Oxide,,,,,literature_mined,10.1073/pnas.0802878105,,,,a_10,
s_10.1073_FS_pnas.0802878105_InVitro.CB_1516,Aluminum Oxide,,,,,literature_mined,10.1073/pnas.0802878105,,,,a_10,
s_10.1073_FS_pnas.0802878105_InVitro.CB_1517,Aluminum Oxide,,,,,literature_mined,10.1073/pnas.0802878105,,,,a_10,
s_10.1073_FS_pnas.0802878105_InVitro.CB_1518,Aluminum Oxide,,,,,literature_mined,10.1073/pnas.0802878105,,,,a_10,
s_10.1073_FS_pnas.0802878105_InVitro.CB_1519,Aluminum Oxide,,,,,literature_mined,10.1073/pnas.0802878105,,,,a_10,
s_10.1073_FS_pnas.0802878105_InVitro.CB_1520,Aluminum Oxide,,,,,literature_mined,10.1073/pnas.0802878105,,,,a_10,
s_10.1073_FS_pnas.0802878105_InVitro.CB_1521,Aluminum Oxide,,,,,literature_mined,10.1073/pnas.0802878105,,,,a_10,
s_10.1073_FS_pnas.0802878105_InVitro.CB_1522,Aluminum Oxide,,,,,literature_mined,10.1073/pnas.0802878105,,,,a_10,
s_10.1073_FS_pnas.0802878105_InVitro.CB_1523,Aluminum Oxide,,,,,literature_mined,10.1073/pnas.0802878105,,,,a_10,
s_10.1073_FS_pnas.0802878105_InVitro.CB_1524,Aluminum Oxide,,,,,literature_mined,10.1073/pnas.0802878105,,,,a_10,
s_10.1073_FS_pnas.0802878105_InVitro.CB_1525,Aluminum Oxide,,,,,literature_mined,10.1073/pnas.0802878105,,,,a_10,
s_10.1073_FS_pnas.0802878105_InVitro.CB_1526,Aluminum Oxide,,,,,literature_mined,10.1073/pnas.0802878105,,,,a_10,
s_10.1073_FS_pnas.0802878105_InVitro.CB_1527,Aluminum Oxide,,,,,literature_mined,10.1073/pnas.0802878105,,,,a_10,
s_10.1073_FS_pnas.0802878105_InVitro.CB_1528,Aluminum Oxide,,,,,literature_mined,10.1073/pnas.0802878105,,,,a_10,
s_10.1073_FS_pnas.0802878105_InVitro.CB_1529,Aluminum Oxide,,,,,literature_mined,10.1073/pnas.0802878105,,,,a_10,
s_10.1073_FS_pnas.0802878105_InVitro.CB_1530,Aluminum Oxide,,,,,literature_mined,10.1073/pnas.0802878105,,,,a_10,
s_10.1073_FS_pnas.0802878105_InVitro.CB_1531,Aluminum Oxide,,,,,literature_mined,10.1073/pnas.0802878105,,,,a_10,
s_10.1073_FS_pnas.0802878105_InVitro.CB_1532,Aluminum Oxide,,,,,literature_mined,10.1073/pnas.0802878105,,,,a_10,
s_10.1073_FS_pnas.0802878105_InVitro.CB_1533,Aluminum Oxide,,,,,literature_mined,10.1073/pnas.0802878105,,,,a_10,
s_10.1073_FS_pnas.0802878105_InVitro.CB_1534,Aluminum Oxide,,,,,literature_mined,10.1073/pnas.0802878105,,,,a_10,
s_10.1073_FS_pnas.0802878105_InVitro.CB_1535,Aluminum Oxide,,,,,literature_mined,10.1073/pnas.0802878105,,,,a_10,
s_10.1073_FS_pnas.0802878105_InVitro.CB_1536,Aluminum Oxide,,,,,literature_mined,10.1073/pnas.0802878105,,,,a_10,
s_10.1073_FS_pnas.0802878105_InVitro.CB_1537,Aluminum Oxide,,,,,literature_mined,10.1073/pnas.0802878105,,,,a_10,
s_10.1073_FS_pnas.0802878105_InVitro.CB_1538,Aluminum Oxide,,,,,literature_mined,10.1073/pnas.0802878105,,,,a_10,
s_10.1073_FS_pnas.0802878105_InVitro.CB_1539,Aluminum Oxide,,,,,literature_mined,10.1073/pnas.0802878105,,,,a_10,
s_10.1073_FS_pnas.0802878105_InVitro.CB_1540,Aluminum Oxide,,,,,literature_mined,10.1073/pnas.0802878105,,,,a_10,
s_10.1073_FS_pnas.0802878105_InVitro.CB_1541,Aluminum Oxide,,,,,literature_mined,10.1073/pnas.0802878105,,,,a_10,
s_10.1073_FS_pnas.0802878105_InVitro.CB_1542,Aluminum Oxide,,,,,literature_mined,10.1073/pnas.0802878105,,,,a_10,
s_10.1073_FS_pnas.0802878105_InVitro.CB_1543,Aluminum Oxide,,,,,literature_mined,10.1073/pnas.0802878105,,,,a_10,
s_10.1073_FS_pnas.0802878105_InVitro.CB_1544,Aluminum Oxide,,,,,literature_mined,10.1073/pnas.0802878105,,,,a_10,
s_10.1073_FS_pnas.0802878105_InVitro.CB_1545,Aluminum Oxide,,,,,literature_mined,10.1073/pnas.0802878105,,,,a_10,
s_10.1073_FS_pnas.0802878105_InVitro.CB_1546,Aluminum Oxide,,,,,literature_mined,10.1073/pnas.0802878105,,,,a_10,
s_10.1073_FS_pnas.0802878105_InVitro.CB_1547,Aluminum Oxide,,,,,literature_mined,10.1073/pnas.0802878105,,,,a_10,
s_10.1073_FS_pnas.0802878105_InVitro.CB_1548,Aluminum Oxide,,,,,literature_mined,10.1073/pnas.0802878105,,,,a_10,
s_10.1073_FS_pnas.0802878105_InVitro.CB_1549,Aluminum Oxide,,,,,literature_mined,10.1073/pnas.0802878105,,,,a_10,
s_10.1073_FS_pnas.0802878105_InVitro.CB_1550,Aluminum Oxide,,,,,literature_mined,10.1073/pnas.0802878105,,,,a_10,
s_10.1073_FS_pnas.0802878105_InVitro.CB_1551,Aluminum Oxide,,,,,literature_mined,10.1073/pnas.0802878105,,,,a_10,
s_10.1073_FS_pnas.0802878105_InVitro.CB_1552,Aluminum Oxide,,,,,literature_mined,10.1073/pnas.0802878105,,,,a_10,
s_10.1073_FS_pnas.0802878105_InVitro.CB_1553,Aluminum Oxide,,,,,literature_mined,10.1073/pnas.0802878105,,,,a_10,
s_10.1073_FS_pnas.0802878105_InVitro.CB_1554,Aluminum Oxide,,,,,literature_mined,10.1073/pnas.0802878105,,,,a_10,
s_10.1073_FS_pnas.0802878105_InVitro.CB_1555,Aluminum Oxide,,,,,literature_mined,10.1073/pnas.0802878105,,,,a_10,
s_10.1073_FS_pnas.0802878105_InVitro.CB_1556,Aluminum Oxide,,,,,literature_mined,10.1073/pnas.0802878105,,,,a_10,
s_10.1073_FS_pnas.0802878105_InVitro.CB_1557,Aluminum Oxide,,,,,literature_mined,10.1073/pnas.0802878105,,,,a_10,
s_10.1073_FS_pnas.0802878105_InVitro.CB_1558,Aluminum Oxide,,,,,literature_mined,10.1073/pnas.0802878105,,,,a_10,
s_10.1073_FS_pnas.0802878105_InVitro.CB_1559,Aluminum Oxide,,,,,literature_mined,10.1073/pnas.0802878105,,,,a_10,
s_10.1073_FS_pnas.0802878105_InVitro.CB_1560,Aluminum Oxide,,,,,literature_mined,10.1073/pnas.0802878105,,,,a_10,
s_10.1073_FS_pnas.0802878105_InVitro.CB_1561,Aluminum Oxide,,,,,literature_mined,10.1073/pnas.0802878105,,,,a_10,
s_10.1073_FS_pnas.0802878105_InVitro.CB_1562,Aluminum Oxide,,,,,literature_mined,10.1073/pnas.0802878105,,,,a_10,
s_10.1073_FS_pnas.0802878105_InVitro.CB_1563,Aluminum Oxide,,,,,literature_mined,10.1073/pnas.0802878105,,,,a_10,
s_10.1073_FS_pnas.0802878105_InVitro.CB_1564,Aluminum Oxide,,,,,literature_mined,10.1073/pnas.0802878105,,,,a_10,
s_10.1073_FS_pnas.0802878105_InVitro.CB_1565,Aluminum Oxide,,,,,literature_mined,10.1073/pnas.0802878105,,,,a_10,
s_10.1073_FS_pnas.0802878105_InVitro.CB_1566,Aluminum Oxide,,,,,literature_mined,10.1073/pnas.0802878105,,,,a_10,
s_10.1073_FS_pnas.0802878105_InVitro.CB_1567,Aluminum Oxide,,,,,literature_mined,10.1073/pnas.0802878105,,,,a_10,
s_10.1073_FS_pnas.0802878105_InVitro.CB_1568,Aluminum Oxide,,,,,literature_mined,10.1073/pnas.0802878105,,,,a_10,
s_10.1073_FS_pnas.0802878105_InVitro.CB_1569,Aluminum Oxide,,,,,literature_mined,10.1073/pnas.0802878105,,,,a_10,
s_10.1073_FS_pnas.0802878105_InVitro.CB_1570,Aluminum Oxide,,,,,literature_mined,10.1073/pnas.0802878105,,,,a_10,
s_10.1073_FS_pnas.0802878105_InVitro.CB_1571,Aluminum Oxide,,,,,literature_mined,10.1073/pnas.0802878105,,,,a_10,
s_10.1073_FS_pnas.0802878105_InVitro.CB_1572,Aluminum Oxide,,,,,literature_mined,10.1073/pnas.0802878105,,,,a_10,
s_10.1073_FS_pnas.0802878105_InVitro.CB_1573,Aluminum Oxide,,,,,literature_mined,10.1073/pnas.0802878105,,,,a_10,
s_10.1073_FS_pnas.0802878105_InVitro.CB_1574,Aluminum Oxide,,,,,literature_mined,10.1073/pnas.0802878105,,,,a_10,
s_10.1073_FS_pnas.0802878105_InVitro.CB_1575,Aluminum Oxide,,,,,literature_mined,10.1073/pnas.0802878105,,,,a_10,
s_10.1073_FS_pnas.0802878105_InVitro.CB_1576,Aluminum Oxide,,,,,literature_mined,10.1073/pnas.0802878105,,,,a_10,
s_10.1073_FS_pnas.0802878105_InVitro.CB_1577,Aluminum Oxide,,,,,literature_mined,10.1073/pnas.0802878105,,,,a_10,
s_10.1073_FS_pnas.0802878105_InVitro.CB_1578,Aluminum Oxide,,,,,literature_mined,10.1073/pnas.0802878105,,,,a_10,
s_10.1073_FS_pnas.0802878105_InVitro.CB_1579,Aluminum Oxide,,,,,literature_mined,10.1073/pnas.0802878105,,,,a_10,
s_10.1073_FS_pnas.0802878105_InVitro.CB_1580,Aluminum Oxide,,,,,literature_mined,10.1073/pnas.0802878105,,,,a_10,
s_10.1073_FS_pnas.0802878105_InVitro.CB_1581,Aluminum Oxide,,,,,literature_mined,10.1073/pnas.0802878105,,,,a_10,
s_10.1073_FS_pnas.0802878105_InVitro.CB_1582,Aluminum Oxide,,,,,literature_mined,10.1073/pnas.0802878105,,,,a_10,
s_10.1073_FS_pnas.0802878105_InVitro.CB_1583,Aluminum Oxide,,,,,literature_mined,10.1073/pnas.0802878105,,,,a_10,
s_10.1073_FS_pnas.0802878105_InVitro.CB_1584,Aluminum Oxide,,,,,literature_mined,10.1073/pnas.0802878105,,,,a_10,
s_10.1073_FS_pnas.0802878105_InVitro.CB_1585,Aluminum Oxide,,,,,literature_mined,10.1073/pnas.0802878105,,,,a_10,
s_10.1073_FS_pnas.0802878105_InVitro.CB_1586,Aluminum Oxide,,,,,literature_mined,10.1073/pnas.0802878105,,,,a_10,
s_10.1073_FS_pnas.0802878105_InVitro.CB_1587,Aluminum Oxide,,,,,literature_mined,10.1073/pnas.0802878105,,,,a_10,
s_10.1073_FS_pnas.0802878105_InVitro.CB_1588,Aluminum Oxide,,,,,literature_mined,10.1073/pnas.0802878105,,,,a_10,
s_10.1073_FS_pnas.0802878105_InVitro.CB_1589,Aluminum Oxide,,,,,literature_mined,10.1073/pnas.0802878105,,,,a_10,
s_10.1073_FS_pnas.0802878105_InVitro.CB_1590,Aluminum Oxide,,,,,literature_mined,10.1073/pnas.0802878105,,,,a_10,
s_10.1073_FS_pnas.0802878105_InVitro.CB_1591,Aluminum Oxide,,,,,literature_mined,10.1073/pnas.0802878105,,,,a_10,
s_10.1073_FS_pnas.0802878105_InVitro.CB_1592,Aluminum Oxide,,,,,literature_mined,10.1073/pnas.0802878105,,,,a_10,
s_10.1073_FS_pnas.0802878105_InVitro.CB_1593,Aluminum Oxide,,,,,literature_mined,10.1073/pnas.0802878105,,,,a_10,
s_10.1073_FS_pnas.0802878105_InVitro.CB_1594,Aluminum Oxide,,,,,literature_mined,10.1073/pnas.0802878105,,,,a_10,
s_10.1073_FS_pnas.0802878105_InVitro.CB_1595,Aluminum Oxide,,,,,literature_mined,10.1073/pnas.0802878105,,,,a_10,
s_10.1073_FS_pnas.0802878105_InVitro.CB_1596,Aluminum Oxide,,,,,literature_mined,10.1073/pnas.0802878105,,,,a_10,
s_10.1073_FS_pnas.0802878105_InVitro.CB_1597,Aluminum Oxide,,,,,literature_mined,10.1073/pnas.0802878105,,,,a_10,
s_10.1073_FS_pnas.0802878105_InVitro.CB_1598,Aluminum Oxide,,,,,literature_mined,10.1073/pnas.0802878105,,,,a_10,
s_10.1073_FS_pnas.0802878105_InVitro.CB_1599,Aluminum Oxide,,,,,literature_mined,10.1073/pnas.0802878105,,,,a_10,
s_10.1073_FS_pnas.0802878105_InVitro.CB_1600,Aluminum Oxide,,,,,literature_mined,10.1073/pnas.0802878105,,,,a_10,
s_10.1073_FS_pnas.0802878105_PC_51,Aluminum Oxide,,,,,literature_mined,10.1073/pnas.0802878105,,,,a_10,
s_10.1073_FS_pnas.0802878105_PC_52,Aluminum Oxide,,,,,literature_mined,10.1073/pnas.0802878105,,,,a_10,
s_10.1073_FS_pnas.0802878105_PC_53,Aluminum Oxide,,,,,literature_mined,10.1073/pnas.0802878105,,,,a_10,
s_10.1073_FS_pnas.0802878105_PC_54,Aluminum Oxide,,,,,literature_mined,10.1073/pnas.0802878105,,,,a_10,
s_10.1073_FS_pnas.0802878105_PC_55,Aluminum Oxide,,,,,literature_mined,10.1073/pnas.0802878105,,,,a_10,
s_10.1073_FS_pnas.0802878105_PC_56,Aluminum Oxide,,,,,literature_mined,10.1073/pnas.0802878105,,,,a_10,
s_10.1073_FS_pnas.0802878105_PC_57,Aluminum Oxide,,,,,literature_mined,10.1073/pnas.0802878105,,,,a_10,
s_10.1073_FS_pnas.0802878105_PC_58,Aluminum Oxide,,,,,literature_mined,10.1073/pnas.0802878105,,,,a_10,
s_10.1073_FS_pnas.0802878105_PC_59,Aluminum Oxide,,,,,literature_mined,10.1073/pnas.0802878105,,,,a_10,
s_10.1073_FS_pnas.0802878105_PC_60,Aluminum Oxide,,,,,literature_mined,10.1073/pnas.0802878105,,,,a_10,
s_10.1073_FS_pnas.0802878105_PC_61,Aluminum Oxide,,,,,literature_mined,10.1073/pnas.0802878105,,,,a_10,
s_10.1073_FS_pnas.0802878105_PC_62,Aluminum Oxide,,,,,literature_mined,10.1073/pnas.0802878105,,,,a_10,
s_10.1073_FS_pnas.0802878105_PC_63,Aluminum Oxide,,,,,literature_mined,10.1073/pnas.0802878105,,,,a_10,
s_10.1073_FS_pnas.0802878105_PC_64,Aluminum Oxide,,,,,literature_mined,10.1073/pnas.0802878105,,,,a_10,
s_10.1073_FS_pnas.0802878105_PC_65,Aluminum Oxide,,,,,literature_mined,10.1073/pnas.0802878105,,,,a_10,
s_10.1073_FS_pnas.0802878105_PC_66,Aluminum Oxide,,,,,literature_mined,10.1073/pnas.0802878105,,,,a_10,
s_10.1073_FS_pnas.0802878105_PC_67,Aluminum Oxide,,,,,literature_mined,10.1073/pnas.0802878105,,,,a_10,
s_10.1073_FS_pnas.0802878105_PC_68,Aluminum Oxide,,,,,literature_mined,10.1073/pnas.0802878105,,,,a_10,
s_10.1073_FS_pnas.0802878105_PC_69,Aluminum Oxide,,,,,literature_mined,10.1073/pnas.0802878105,,,,a_10,
s_10.1073_FS_pnas.0802878105_PC_70,Aluminum Oxide,,,,,literature_mined,10.1073/pnas.0802878105,,,,a_10,
s_10.1073_FS_pnas.0802878105_PC_71,Aluminum Oxide,,,,,literature_mined,10.1073/pnas.0802878105,,,,a_10,
s_10.1073_FS_pnas.0802878105_PC_72,Aluminum Oxide,,,,,literature_mined,10.1073/pnas.0802878105,,,,a_10,
s_10.1073_FS_pnas.0802878105_PC_73,Aluminum Oxide,,,,,literature_mined,10.1073/pnas.0802878105,,,,a_10,
s_10.1073_FS_pnas.0802878105_PC_74,Aluminum Oxide,,,,,literature_mined,10.1073/pnas.0802878105,,,,a_10,
s_10.1073_FS_pnas.0802878105_PC_75,Aluminum Oxide,,,,,literature_mined,10.1073/pnas.0802878105,,,,a_10,
s_10.1073_FS_pnas.0802878105_PC_76,Aluminum Oxide,,,,,literature_mined,10.1073/pnas.0802878105,,,,a_10,
s_10.1073_FS_pnas.0802878105_PC_77,Aluminum Oxide,,,,,literature_mined,10.1073/pnas.0802878105,,,,a_10,
s_10.1073_FS_pnas.0802878105_PC_78,Aluminum Oxide,,,,,literature_mined,10.1073/pnas.0802878105,,,,a_10,
s_10.1073_FS_pnas.0802878105_PC_79,Aluminum Oxide,,,,,literature_mined,10.1073/pnas.0802878105,,,,a_10,
s_10.1073_FS_pnas.0802878105_PC_80,Aluminum Oxide,,,,,literature_mined,10.1073/pnas.0802878105,,,,a_10,
s_10.1073_FS_pnas.0802878105_PC_81,Aluminum Oxide,,,,,literature_mined,10.1073/pnas.0802878105,,,,a_10,
s_10.1073_FS_pnas.0802878105_PC_82,Aluminum Oxide,,,,,literature_mined,10.1073/pnas.0802878105,,,,a_10,
s_10.1073_FS_pnas.0802878105_PC_83,Aluminum Oxide,,,,,literature_mined,10.1073/pnas.0802878105,,,,a_10,
s_10.1073_FS_pnas.0802878105_PC_84,Aluminum Oxide,,,,,literature_mined,10.1073/pnas.0802878105,,,,a_10,
s_10.1073_FS_pnas.0802878105_PC_85,Aluminum Oxide,,,,,literature_mined,10.1073/pnas.0802878105,,,,a_10,
s_10.1073_FS_pnas.0802878105_PC_86,Aluminum Oxide,,,,,literature_mined,10.1073/pnas.0802878105,,,,a_10,
s_10.1073_FS_pnas.0802878105_PC_87,Aluminum Oxide,,,,,literature_mined,10.1073/pnas.0802878105,,,,a_10,
s_10.1073_FS_pnas.0802878105_PC_88,Aluminum Oxide,,,,,literature_mined,10.1073/pnas.0802878105,,,,a_10,
s_10.1073_FS_pnas.0802878105_PC_89,Aluminum Oxide,,,,,literature_mined,10.1073/pnas.0802878105,,,,a_10,
s_10.1073_FS_pnas.0802878105_PC_90,Aluminum Oxide,,,,,literature_mined,10.1073/pnas.0802878105,,,,a_10,
s_10.1073_FS_pnas.0802878105_PC_91,Aluminum Oxide,,,,,literature_mined,10.1073/pnas.0802878105,,,,a_10,
s_10.1073_FS_pnas.0802878105_PC_92,Aluminum Oxide,,,,,literature_mined,10.1073/pnas.0802878105,,,,a_10,
s_10.1073_FS_pnas.0802878105_PC_93,Aluminum Oxide,,,,,literature_mined,10.1073/pnas.0802878105,,,,a_10,
s_10.1073_FS_pnas.0802878105_PC_94,Aluminum Oxide,,,,,literature_mined,10.1073/pnas.0802878105,,,,a_10,
s_10.1073_FS_pnas.0802878105_PC_95,Aluminum Oxide,,,,,literature_mined,10.1073/pnas.0802878105,,,,a_10,
s_10.1073_FS_pnas.0802878105_PC_96,Aluminum Oxide,,,,,literature_mined,10.1073/pnas.0802878105,,,,a_10,
s_10.1073_FS_pnas.0802878105_PC_97,Aluminum Oxide,,,,,literature_mined,10.1073/pnas.0802878105,,,,a_10,
s_10.1073_FS_pnas.0802878105_PC_98,Aluminum Oxide,,,,,literature_mined,10.1073/pnas.0802878105,,,,a_10,
s_10.1073_FS_pnas.0802878105_PC_99,Aluminum Oxide,,,,,literature_mined,10.1073/pnas.0802878105,,,,a_10,
s_10.1073_FS_pnas.0802878105_PC_100,Aluminum Oxide,,,,,literature_mined,10.1073/pnas.0802878105,,,,a_10,
s_10.1093_FS_toxsci_FS_kfm240_PC_1,Aluminum Oxide,,,,,literature_mined,10.1093/toxsci/kfm240,,,,a_10,
s_10.1093_FS_toxsci_FS_kfm240_PC_2,Aluminum Oxide,,,,,literature_mined,10.1093/toxsci/kfm240,,,,a_10,
s_10.1093_FS_toxsci_FS_kfm240_PC_3,Aluminum Oxide,,,,,literature_mined,10.1093/toxsci/kfm240,,,,a_10,
s_10.1093_FS_toxsci_FS_kfm240_PC_4,Aluminum Oxide,,,,,literature_mined,10.1093/toxsci/kfm240,,,,a_10,
s_10.1093_FS_toxsci_FS_kfm240_PC_5,Aluminum Oxide,,,,,literature_mined,10.1093/toxsci/kfm240,,,,a_10,
s_10.1093_FS_toxsci_FS_kfm240_PC_6,Aluminum Oxide,,,,,literature_mined,10.1093/toxsci/kfm240,,,,a_10,
s_10.1093_FS_toxsci_FS_kfm240_PC_7,Aluminum Oxide,,,,,literature_mined,10.1093/toxsci/kfm240,,,,a_10,
s_10.1093_FS_toxsci_FS_kfm240_PC_8,Aluminum Oxide,,,,,literature_mined,10.1093/toxsci/kfm240,,,,a_10,
s_10.1093_FS_toxsci_FS_kfm240_PC_9,Aluminum Oxide,,,,,literature_mined,10.1093/toxsci/kfm240,,,,a_10,
s_10.1093_FS_toxsci_FS_kfm240_PC_10,Aluminum Oxide,,,,,literature_mined,10.1093/toxsci/kfm240,,,,a_10,
s_10.1093_FS_toxsci_FS_kfm240_PC_11,Aluminum Oxide,,,,,literature_mined,10.1093/toxsci/kfm240,,,,a_10,
s_10.1093_FS_toxsci_FS_kfm240_PC_12,Aluminum Oxide,,,,,literature_mined,10.1093/toxsci/kfm240,,,,a_10,
s_10.1093_FS_toxsci_FS_kfm240_PC_13,Aluminum Oxide,,,,,literature_mined,10.1093/toxsci/kfm240,,,,a_10,
s_10.1093_FS_toxsci_FS_kfm240_PC_14,Aluminum Oxide,,,,,literature_mined,10.1093/toxsci/kfm240,,,,a_10,
s_10.1093_FS_toxsci_FS_kfm240_PC_15,Aluminum Oxide,,,,,literature_mined,10.1093/toxsci/kfm240,,,,a_10,
s_10.1093_FS_toxsci_FS_kfm240_PC_16,Aluminum Oxide,,,,,literature_mined,10.1093/toxsci/kfm240,,,,a_10,
s_10.1093_FS_toxsci_FS_kfm240_PC_17,Aluminum Oxide,,,,,literature_mined,10.1093/toxsci/kfm240,,,,a_10,
s_10.1093_FS_toxsci_FS_kfm240_PC_18,Aluminum Oxide,,,,,literature_mined,10.1093/toxsci/kfm240,,,,a_10,
s_10.1093_FS_toxsci_FS_kfm240_PC_19,Aluminum Oxide,,,,,literature_mined,10.1093/toxsci/kfm240,,,,a_10,
s_10.1093_FS_toxsci_FS_kfm240_PC_20,Aluminum Oxide,,,,,literature_mined,10.1093/toxsci/kfm240,,,,a_10,
s_10.1093_FS_toxsci_FS_kfm240_PC_21,Aluminum Oxide,,,,,literature_mined,10.1093/toxsci/kfm240,,,,a_10,
s_10.1093_FS_toxsci_FS_kfm240_PC_22,Aluminum Oxide,,,,,literature_mined,10.1093/toxsci/kfm240,,,,a_10,
s_10.1093_FS_toxsci_FS_kfm240_PC_23,Aluminum Oxide,,,,,literature_mined,10.1093/toxsci/kfm240,,,,a_10,
s_10.1093_FS_toxsci_FS_kfm240_PC_24,Aluminum Oxide,,,,,literature_mined,10.1093/toxsci/kfm240,,,,a_10,
s_10.1093_FS_toxsci_FS_kfm240_PC_25,Aluminum Oxide,,,,,literature_mined,10.1093/toxsci/kfm240,,,,a_10,
s_10.1093_FS_toxsci_FS_kfm240_PC_26,Aluminum Oxide,,,,,literature_mined,10.1093/toxsci/kfm240,,,,a_10,
s_10.1093_FS_toxsci_FS_kfm240_PC_27,Aluminum Oxide,,,,,literature_mined,10.1093/toxsci/kfm240,,,,a_10,
s_10.1093_FS_toxsci_FS_kfm240_PC_28,Aluminum Oxide,,,,,literature_mined,10.1093/toxsci/kfm240,,,,a_10,
s_10.1093_FS_toxsci_FS_kfm240_PC_29,Aluminum Oxide,,,,,literature_mined,10.1093/toxsci/kfm240,,,,a_10,
s_10.1093_FS_toxsci_FS_kfm240_PC_30,Aluminum Oxide,,,,,literature_mined,10.1093/toxsci/kfm240,,,,a_10,
s_10.1093_FS_toxsci_FS_kfm240_PC_31,Aluminum Oxide,,,,,literature_mined,10.1093/toxsci/kfm240,,,,a_10,
s_10.1093_FS_toxsci_FS_kfm240_PC_32,Aluminum Oxide,,,,,literature_mined,10.1093/toxsci/kfm240,,,,a_10,
s_10.1093_FS_toxsci_FS_kfm240_PC_33,Aluminum Oxide,,,,,literature_mined,10.1093/toxsci/kfm240,,,,a_10,
s_10.1093_FS_toxsci_FS_kfm240_PC_34,Aluminum Oxide,,,,,literature_mined,10.1093/toxsci/kfm240,,,,a_10,
s_10.1093_FS_toxsci_FS_kfm240_PC_35,Aluminum Oxide,,,,,literature_mined,10.1093/toxsci/kfm240,,,,a_10,
s_10.1093_FS_toxsci_FS_kfm240_PC_36,Aluminum Oxide,,,,,literature_mined,10.1093/toxsci/kfm240,,,,a_10,
s_10.1093_FS_toxsci_FS_kfm240_PC_37,Aluminum Oxide,,,,,literature_mined,10.1093/toxsci/kfm240,,,,a_10,
s_10.1093_FS_toxsci_FS_kfm240_PC_38,Aluminum Oxide,,,,,literature_mined,10.1093/toxsci/kfm240,,,,a_10,
s_10.1093_FS_toxsci_FS_kfm240_PC_39,Aluminum Oxide,,,,,literature_mined,10.1093/toxsci/kfm240,,,,a_10,
s_10.1093_FS_toxsci_FS_kfm240_PC_40,Aluminum Oxide,,,,,literature_mined,10.1093/toxsci/kfm240,,,,a_10,
s_10.1093_FS_toxsci_FS_kfm240_PC_41,Aluminum Oxide,,,,,literature_mined,10.1093/toxsci/kfm240,,,,a_10,
s_10.1093_FS_toxsci_FS_kfm240_PC_42,Aluminum Oxide,,,,,literature_mined,10.1093/toxsci/kfm240,,,,a_10,
s_10.1093_FS_toxsci_FS_kfm240_PC_43,Aluminum Oxide,,,,,literature_mined,10.1093/toxsci/kfm240,,,,a_10,
s_10.1093_FS_toxsci_FS_kfm240_PC_44,Aluminum Oxide,,,,,literature_mined,10.1093/toxsci/kfm240,,,,a_10,
s_10.1093_FS_toxsci_FS_kfm240_PC_45,Aluminum Oxide,,,,,literature_mined,10.1093/toxsci/kfm240,,,,a_10,
s_10.1093_FS_toxsci_FS_kfm240_PC_46,Aluminum Oxide,,,,,literature_mined,10.1093/toxsci/kfm240,,,,a_10,
s_10.1093_FS_toxsci_FS_kfm240_PC_47,Aluminum Oxide,,,,,literature_mined,10.1093/toxsci/kfm240,,,,a_10,
s_10.1093_FS_toxsci_FS_kfm240_PC_49,Aluminum Oxide,,,,,literature_mined,10.1093/toxsci/kfm240,,,,a_10,
s_10.1093_FS_toxsci_FS_kfm240_PC_50,Aluminum Oxide,,,,,literature_mined,10.1093/toxsci/kfm240,,,,a_10,
s_10.1093_FS_toxsci_FS_kfm240_PC_51,Aluminum Oxide,,,,,literature_mined,10.1093/toxsci/kfm240,,,,a_10,
s_10.1093_FS_toxsci_FS_kfm240_PC_52,Aluminum Oxide,,,,,literature_mined,10.1093/toxsci/kfm240,,,,a_10,
s_10.1093_FS_toxsci_FS_kfm240_PC_53,Aluminum Oxide,,,,,literature_mined,10.1093/toxsci/kfm240,,,,a_10,
s_10.1093_FS_toxsci_FS_kfm240_PC_54,Aluminum Oxide,,,,,literature_mined,10.1093/toxsci/kfm240,,,,a_10,
s_10.1093_FS_toxsci_FS_kfm240_PC_56,Aluminum Oxide,,,,,literature_mined,10.1093/toxsci/kfm240,,,,a_10,
s_10.1093_FS_toxsci_FS_kfm240_PC_57,Aluminum Oxide,,,,,literature_mined,10.1093/toxsci/kfm240,,,,a_10,
s_10.1093_FS_toxsci_FS_kfm240_PC_58,Aluminum Oxide,,,,,literature_mined,10.1093/toxsci/kfm240,,,,a_10,
s_10.1093_FS_toxsci_FS_kfm240_PC_59,Aluminum Oxide,,,,,literature_mined,10.1093/toxsci/kfm240,,,,a_10,
s_10.1093_FS_toxsci_FS_kfm240_PC_60,Aluminum Oxide,,,,,literature_mined,10.1093/toxsci/kfm240,,,,a_10,
s_10.1093_FS_toxsci_FS_kfm240_PC_61,Aluminum Oxide,,,,,literature_mined,10.1093/toxsci/kfm240,,,,a_10,
s_10.1093_FS_toxsci_FS_kfm240_PC_62,Aluminum Oxide,,,,,literature_mined,10.1093/toxsci/kfm240,,,,a_10,
s_10.1093_FS_toxsci_FS_kfm240_PC_63,Aluminum Oxide,,,,,literature_mined,10.1093/toxsci/kfm240,,,,a_10,
s_10.1093_FS_toxsci_FS_kfm240_PC_64,Aluminum Oxide,,,,,literature_mined,10.1093/toxsci/kfm240,,,,a_10,
s_10.1093_FS_toxsci_FS_kfm240_PC_65,Aluminum Oxide,,,,,literature_mined,10.1093/toxsci/kfm240,,,,a_10,
s_10.1093_FS_toxsci_FS_kfm240_PC_66,Aluminum Oxide,,,,,literature_mined,10.1093/toxsci/kfm240,,,,a_10,
s_10.1093_FS_toxsci_FS_kfm240_PC_67,Aluminum Oxide,,,,,literature_mined,10.1093/toxsci/kfm240,,,,a_10,
s_10.1093_FS_toxsci_FS_kfm240_PC_68,Aluminum Oxide,,,,,literature_mined,10.1093/toxsci/kfm240,,,,a_10,
s_10.1093_FS_toxsci_FS_kfm240_PC_69,Aluminum Oxide,,,,,literature_mined,10.1093/toxsci/kfm240,,,,a_10,
s_10.1093_FS_toxsci_FS_kfm240_PC_70,Aluminum Oxide,,,,,literature_mined,10.1093/toxsci/kfm240,,,,a_10,
s_10.1093_FS_toxsci_FS_kfm240_PC_71,Aluminum Oxide,,,,,literature_mined,10.1093/toxsci/kfm240,,,,a_10,
s_10.1093_FS_toxsci_FS_kfm240_PC_72,Aluminum Oxide,,,,,literature_mined,10.1093/toxsci/kfm240,,,,a_10,
s_10.1093_FS_toxsci_FS_kfm240_PC_73,Aluminum Oxide,,,,,literature_mined,10.1093/toxsci/kfm240,,,,a_10,
s_10.1093_FS_toxsci_FS_kfm240_PC_74,Aluminum Oxide,,,,,literature_mined,10.1093/toxsci/kfm240,,,,a_10,
s_10.1093_FS_toxsci_FS_kfm240_PC_75,Aluminum Oxide,,,,,literature_mined,10.1093/toxsci/kfm240,,,,a_10,
s_10.1093_FS_toxsci_FS_kfm240_PC_76,Aluminum Oxide,,,,,literature_mined,10.1093/toxsci/kfm240,,,,a_10,
s_10.1093_FS_toxsci_FS_kfm240_PC_77,Aluminum Oxide,,,,,literature_mined,10.1093/toxsci/kfm240,,,,a_10,
s_10.1093_FS_toxsci_FS_kfm240_PC_78,Aluminum Oxide,,,,,literature_mined,10.1093/toxsci/kfm240,,,,a_10,
s_10.1093_FS_toxsci_FS_kfm240_PC_79,Aluminum Oxide,,,,,literature_mined,10.1093/toxsci/kfm240,,,,a_10,
s_10.1093_FS_toxsci_FS_kfm240_PC_80,Aluminum Oxide,,,,,literature_mined,10.1093/toxsci/kfm240,,,,a_10,
s_10.1093_FS_toxsci_FS_kfm240_PC_81,Aluminum Oxide,,,,,literature_mined,10.1093/toxsci/kfm240,,,,a_10,
s_10.1093_FS_toxsci_FS_kfm240_PC_82,Aluminum Oxide,,,,,literature_mined,10.1093/toxsci/kfm240,,,,a_10,
s_10.1093_FS_toxsci_FS_kfm240_PC_83,Aluminum Oxide,,,,,literature_mined,10.1093/toxsci/kfm240,,,,a_10,
s_10.1093_FS_toxsci_FS_kfm240_PC_84,Aluminum Oxide,,,,,literature_mined,10.1093/toxsci/kfm240,,,,a_10,
s_10.1093_FS_toxsci_FS_kfm240_PC_85,Aluminum Oxide,,,,,literature_mined,10.1093/toxsci/kfm240,,,,a_10,
s_10.1093_FS_toxsci_FS_kfm240_PC_86,Aluminum Oxide,,,,,literature_mined,10.1093/toxsci/kfm240,,,,a_10,
s_10.1093_FS_toxsci_FS_kfm240_PC_87,Aluminum Oxide,,,,,literature_mined,10.1093/toxsci/kfm240,,,,a_10,
s_10.1093_FS_toxsci_FS_kfm240_PC_88,Aluminum Oxide,,,,,literature_mined,10.1093/toxsci/kfm240,,,,a_10,
s_10.1093_FS_toxsci_FS_kfm240_PC_89,Aluminum Oxide,,,,,literature_mined,10.1093/toxsci/kfm240,,,,a_10,
s_10.1093_FS_toxsci_FS_kfm240_PC_90,Aluminum Oxide,,,,,literature_mined,10.1093/toxsci/kfm240,,,,a_10,
s_10.1093_FS_toxsci_FS_kfm240_PC_91,Aluminum Oxide,,,,,literature_mined,10.1093/toxsci/kfm240,,,,a_10,
s_10.1093_FS_toxsci_FS_kfm240_PC_92,Aluminum Oxide,,,,,literature_mined,10.1093/toxsci/kfm240,,,,a_10,
s_10.1093_FS_toxsci_FS_kfm240_PC_93,Aluminum Oxide,,,,,literature_mined,10.1093/toxsci/kfm240,,,,a_10,
s_10.1093_FS_toxsci_FS_kfm240_PC_94,Aluminum Oxide,,,,,literature_mined,10.1093/toxsci/kfm240,,,,a_10,
s_10.1093_FS_toxsci_FS_kfm240_PC_95,Aluminum Oxide,,,,,literature_mined,10.1093/toxsci/kfm240,,,,a_10,
s_10.1093_FS_toxsci_FS_kfm240_PC_96,Aluminum Oxide,,,,,literature_mined,10.1093/toxsci/kfm240,,,,a_10,
s_10.1093_FS_toxsci_FS_kfm240_PC_97,Aluminum Oxide,,,,,literature_mined,10.1093/toxsci/kfm240,,,,a_10,
s_10.1093_FS_toxsci_FS_kfm240_PC_98,Aluminum Oxide,,,,,literature_mined,10.1093/toxsci/kfm240,,,,a_10,
s_10.1093_FS_toxsci_FS_kfm240_PC_48,Aluminum Oxide,,,,,literature_mined,10.1093/toxsci/kfm240,,,,a_10,
s_10.1093_FS_toxsci_FS_kfm240_PC_55,Aluminum Oxide,,,,,literature_mined,10.1093/toxsci/kfm240,,,,a_10,
s_10.1093_FS_toxsci_FS_kfm240_PC_209,Aluminum Oxide,,,,,literature_mined,10.1093/toxsci/kfm240,,,,a_10,
s_10.1093_FS_toxsci_FS_kfm240_PC_239,Aluminum Oxide,,,,,literature_mined,10.1093/toxsci/kfm240,,,,a_10,
s_10.1093_FS_toxsci_FS_kfm240_PC_241,Aluminum Oxide,,,,,literature_mined,10.1093/toxsci/kfm240,,,,a_10,
s_10.1093_FS_toxsci_FS_kfm240_PC_210,Aluminum Oxide,,,,,literature_mined,10.1093/toxsci/kfm240,,,,a_10,
s_10.1093_FS_toxsci_FS_kfm240_PC_240,Aluminum Oxide,,,,,literature_mined,10.1093/toxsci/kfm240,,,,a_10,
s_10.1093_FS_toxsci_FS_kfm240_PC_242,Aluminum Oxide,,,,,literature_mined,10.1093/toxsci/kfm240,,,,a_10,
s_10.1093_FS_toxsci_FS_kfm240_PC_212,Aluminum Oxide,,,,,literature_mined,10.1093/toxsci/kfm240,,,,a_10,
s_10.1093_FS_toxsci_FS_kfm240_PC_244,Aluminum Oxide,,,,,literature_mined,10.1093/toxsci/kfm240,,,,a_10,
s_10.1093_FS_toxsci_FS_kfm240_PC_250,Aluminum Oxide,,,,,literature_mined,10.1093/toxsci/kfm240,,,,a_10,
s_10.1093_FS_toxsci_FS_kfm240_PC_213,Aluminum Oxide,,,,,literature_mined,10.1093/toxsci/kfm240,,,,a_10,
s_10.1093_FS_toxsci_FS_kfm240_PC_245,Aluminum Oxide,,,,,literature_mined,10.1093/toxsci/kfm240,,,,a_10,
s_10.1093_FS_toxsci_FS_kfm240_PC_251,Aluminum Oxide,,,,,literature_mined,10.1093/toxsci/kfm240,,,,a_10,
s_10.1093_FS_toxsci_FS_kfm240_PC_211,Aluminum Oxide,,,,,literature_mined,10.1093/toxsci/kfm240,,,,a_10,
s_10.1093_FS_toxsci_FS_kfm240_PC_243,Aluminum Oxide,,,,,literature_mined,10.1093/toxsci/kfm240,,,,a_10,
s_10.1093_FS_toxsci_FS_kfm240_PC_249,Aluminum Oxide,,,,,literature_mined,10.1093/toxsci/kfm240,,,,a_10,
s_10.1093_FS_toxsci_FS_kfm240_PC_218,Aluminum Oxide,,,,,literature_mined,10.1093/toxsci/kfm240,,,,a_10,
s_10.1093_FS_toxsci_FS_kfm240_PC_252,Aluminum Oxide,,,,,literature_mined,10.1093/toxsci/kfm240,,,,a_10,
s_10.1093_FS_toxsci_FS_kfm240_PC_258,Aluminum Oxide,,,,,literature_mined,10.1093/toxsci/kfm240,,,,a_10,
s_10.1093_FS_toxsci_FS_kfm240_PC_219,Aluminum Oxide,,,,,literature_mined,10.1093/toxsci/kfm240,,,,a_10,
s_10.1093_FS_toxsci_FS_kfm240_PC_253,Aluminum Oxide,,,,,literature_mined,10.1093/toxsci/kfm240,,,,a_10,
s_10.1093_FS_toxsci_FS_kfm240_PC_259,Aluminum Oxide,,,,,literature_mined,10.1093/toxsci/kfm240,,,,a_10,
s_10.1093_FS_toxsci_FS_kfm240_PC_312,Aluminum Oxide,,,,,literature_mined,10.1093/toxsci/kfm240,,,,a_10,
s_10.1093_FS_toxsci_FS_kfm240_PC_221,Aluminum Oxide,,,,,literature_mined,10.1093/toxsci/kfm240,,,,a_10,
s_10.1093_FS_toxsci_FS_kfm240_PC_255,Aluminum Oxide,,,,,literature_mined,10.1093/toxsci/kfm240,,,,a_10,
s_10.1093_FS_toxsci_FS_kfm240_PC_261,Aluminum Oxide,,,,,literature_mined,10.1093/toxsci/kfm240,,,,a_10,
s_10.1093_FS_toxsci_FS_kfm240_PC_222,Aluminum Oxide,,,,,literature_mined,10.1093/toxsci/kfm240,,,,a_10,
s_10.1093_FS_toxsci_FS_kfm240_PC_256,Aluminum Oxide,,,,,literature_mined,10.1093/toxsci/kfm240,,,,a_10,
s_10.1093_FS_toxsci_FS_kfm240_PC_262,Aluminum Oxide,,,,,literature_mined,10.1093/toxsci/kfm240,,,,a_10,
s_10.1093_FS_toxsci_FS_kfm240_PC_223,Aluminum Oxide,,,,,literature_mined,10.1093/toxsci/kfm240,,,,a_10,
s_10.1093_FS_toxsci_FS_kfm240_PC_257,Aluminum Oxide,,,,,literature_mined,10.1093/toxsci/kfm240,,,,a_10,
s_10.1093_FS_toxsci_FS_kfm240_PC_263,Aluminum Oxide,,,,,literature_mined,10.1093/toxsci/kfm240,,,,a_10,
s_10.1093_FS_toxsci_FS_kfm240_PC_215,Aluminum Oxide,,,,,literature_mined,10.1093/toxsci/kfm240,,,,a_10,
s_10.1093_FS_toxsci_FS_kfm240_PC_264,Aluminum Oxide,,,,,literature_mined,10.1093/toxsci/kfm240,,,,a_10,
s_10.1093_FS_toxsci_FS_kfm240_PC_267,Aluminum Oxide,,,,,literature_mined,10.1093/toxsci/kfm240,,,,a_10,
s_10.1093_FS_toxsci_FS_kfm240_PC_216,Aluminum Oxide,,,,,literature_mined,10.1093/toxsci/kfm240,,,,a_10,
s_10.1093_FS_toxsci_FS_kfm240_PC_265,Aluminum Oxide,,,,,literature_mined,10.1093/toxsci/kfm240,,,,a_10,
s_10.1093_FS_toxsci_FS_kfm240_PC_268,Aluminum Oxide,,,,,literature_mined,10.1093/toxsci/kfm240,,,,a_10,
s_10.1093_FS_toxsci_FS_kfm240_PC_217,Aluminum Oxide,,,,,literature_mined,10.1093/toxsci/kfm240,,,,a_10,
s_10.1093_FS_toxsci_FS_kfm240_PC_266,Aluminum Oxide,,,,,literature_mined,10.1093/toxsci/kfm240,,,,a_10,
s_10.1093_FS_toxsci_FS_kfm240_PC_269,Aluminum Oxide,,,,,literature_mined,10.1093/toxsci/kfm240,,,,a_10,
s_10.1093_FS_toxsci_FS_kfm240_PC_233,Aluminum Oxide,,,,,literature_mined,10.1093/toxsci/kfm240,,,,a_10,
s_10.1093_FS_toxsci_FS_kfm240_PC_279,Aluminum Oxide,,,,,literature_mined,10.1093/toxsci/kfm240,,,,a_10,
s_10.1093_FS_toxsci_FS_kfm240_PC_288,Aluminum Oxide,,,,,literature_mined,10.1093/toxsci/kfm240,,,,a_10,
s_10.1093_FS_toxsci_FS_kfm240_PC_236,Aluminum Oxide,,,,,literature_mined,10.1093/toxsci/kfm240,,,,a_10,
s_10.1093_FS_toxsci_FS_kfm240_PC_282,Aluminum Oxide,,,,,literature_mined,10.1093/toxsci/kfm240,,,,a_10,
s_10.1093_FS_toxsci_FS_kfm240_PC_291,Aluminum Oxide,,,,,literature_mined,10.1093/toxsci/kfm240,,,,a_10,
s_10.1093_FS_toxsci_FS_kfm240_PC_237,Aluminum Oxide,,,,,literature_mined,10.1093/toxsci/kfm240,,,,a_10,
s_10.1093_FS_toxsci_FS_kfm240_PC_283,Aluminum Oxide,,,,,literature_mined,10.1093/toxsci/kfm240,,,,a_10,
s_10.1093_FS_toxsci_FS_kfm240_PC_292,Aluminum Oxide,,,,,literature_mined,10.1093/toxsci/kfm240,,,,a_10,
s_10.1093_FS_toxsci_FS_kfm240_PC_229,Aluminum Oxide,,,,,literature_mined,10.1093/toxsci/kfm240,,,,a_10,
s_10.1093_FS_toxsci_FS_kfm240_PC_275,Aluminum Oxide,,,,,literature_mined,10.1093/toxsci/kfm240,,,,a_10,
s_10.1093_FS_toxsci_FS_kfm240_PC_284,Aluminum Oxide,,,,,literature_mined,10.1093/toxsci/kfm240,,,,a_10,
s_10.1093_FS_toxsci_FS_kfm240_PC_235,Aluminum Oxide,,,,,literature_mined,10.1093/toxsci/kfm240,,,,a_10,
s_10.1093_FS_toxsci_FS_kfm240_PC_281,Aluminum Oxide,,,,,literature_mined,10.1093/toxsci/kfm240,,,,a_10,
s_10.1093_FS_toxsci_FS_kfm240_PC_290,Aluminum Oxide,,,,,literature_mined,10.1093/toxsci/kfm240,,,,a_10,
s_10.1093_FS_toxsci_FS_kfm240_PC_231,Aluminum Oxide,,,,,literature_mined,10.1093/toxsci/kfm240,,,,a_10,
s_10.1093_FS_toxsci_FS_kfm240_PC_277,Aluminum Oxide,,,,,literature_mined,10.1093/toxsci/kfm240,,,,a_10,
s_10.1093_FS_toxsci_FS_kfm240_PC_286,Aluminum Oxide,,,,,literature_mined,10.1093/toxsci/kfm240,,,,a_10,
s_10.1093_FS_toxsci_FS_kfm240_PC_232,Aluminum Oxide,,,,,literature_mined,10.1093/toxsci/kfm240,,,,a_10,
s_10.1093_FS_toxsci_FS_kfm240_PC_278,Aluminum Oxide,,,,,literature_mined,10.1093/toxsci/kfm240,,,,a_10,
s_10.1093_FS_toxsci_FS_kfm240_PC_287,Aluminum Oxide,,,,,literature_mined,10.1093/toxsci/kfm240,,,,a_10,
s_10.1093_FS_toxsci_FS_kfm240_PC_234,Aluminum Oxide,,,,,literature_mined,10.1093/toxsci/kfm240,,,,a_10,
s_10.1093_FS_toxsci_FS_kfm240_PC_280,Aluminum Oxide,,,,,literature_mined,10.1093/toxsci/kfm240,,,,a_10,
s_10.1093_FS_toxsci_FS_kfm240_PC_289,Aluminum Oxide,,,,,literature_mined,10.1093/toxsci/kfm240,,,,a_10,
s_10.1093_FS_toxsci_FS_kfm240_PC_230,Aluminum Oxide,,,,,literature_mined,10.1093/toxsci/kfm240,,,,a_10,
s_10.1093_FS_toxsci_FS_kfm240_PC_276,Aluminum Oxide,,,,,literature_mined,10.1093/toxsci/kfm240,,,,a_10,
s_10.1093_FS_toxsci_FS_kfm240_PC_285,Aluminum Oxide,,,,,literature_mined,10.1093/toxsci/kfm240,,,,a_10,
s_10.1093_FS_toxsci_FS_kfm240_PC_315,Aluminum Oxide,,,,,literature_mined,10.1093/toxsci/kfm240,,,,a_10,
s_10.1093_FS_toxsci_FS_kfm240_PC_316,Aluminum Oxide,,,,,literature_mined,10.1093/toxsci/kfm240,,,,a_10,
s_10.1093_FS_toxsci_FS_kfm240_PC_228,Aluminum Oxide,,,,,literature_mined,10.1093/toxsci/kfm240,,,,a_10,
s_10.1093_FS_toxsci_FS_kfm240_PC_274,Aluminum Oxide,,,,,literature_mined,10.1093/toxsci/kfm240,,,,a_10,
s_10.1093_FS_toxsci_FS_kfm240_PC_226,Aluminum Oxide,,,,,literature_mined,10.1093/toxsci/kfm240,,,,a_10,
s_10.1093_FS_toxsci_FS_kfm240_PC_272,Aluminum Oxide,,,,,literature_mined,10.1093/toxsci/kfm240,,,,a_10,
s_10.1093_FS_toxsci_FS_kfm240_PC_227,Aluminum Oxide,,,,,literature_mined,10.1093/toxsci/kfm240,,,,a_10,
s_10.1093_FS_toxsci_FS_kfm240_PC_273,Aluminum Oxide,,,,,literature_mined,10.1093/toxsci/kfm240,,,,a_10,
s_10.1093_FS_toxsci_FS_kfm240_PC_224,Aluminum Oxide,,,,,literature_mined,10.1093/toxsci/kfm240,,,,a_10,
s_10.1093_FS_toxsci_FS_kfm240_PC_270,Aluminum Oxide,,,,,literature_mined,10.1093/toxsci/kfm240,,,,a_10,
s_10.1093_FS_toxsci_FS_kfm240_PC_225,Aluminum Oxide,,,,,literature_mined,10.1093/toxsci/kfm240,,,,a_10,
s_10.1093_FS_toxsci_FS_kfm240_PC_271,Aluminum Oxide,,,,,literature_mined,10.1093/toxsci/kfm240,,,,a_10,
s_10.1093_FS_toxsci_FS_kfm240_PC_238,Aluminum Oxide,,,,,literature_mined,10.1093/toxsci/kfm240,,,,a_10,
s_10.1093_FS_toxsci_FS_kfm240_PC_207,Aluminum Oxide,,,,,literature_mined,10.1093/toxsci/kfm240,,,,a_10,
s_10.1093_FS_toxsci_FS_kfm240_PC_206,Aluminum Oxide,,,,,literature_mined,10.1093/toxsci/kfm240,,,,a_10,
s_10.1093_FS_toxsci_FS_kfm240_PC_214,Aluminum Oxide,,,,,literature_mined,10.1093/toxsci/kfm240,,,,a_10,
s_10.1093_FS_toxsci_FS_kfm240_PC_293,Aluminum Oxide,,,,,literature_mined,10.1093/toxsci/kfm240,,,,a_10,
s_10.1093_FS_toxsci_FS_kfm240_PC_295,Aluminum Oxide,,,,,literature_mined,10.1093/toxsci/kfm240,,,,a_10,
s_10.1093_FS_toxsci_FS_kfm240_PC_296,Aluminum Oxide,,,,,literature_mined,10.1093/toxsci/kfm240,,,,a_10,
s_10.1093_FS_toxsci_FS_kfm240_PC_297,Aluminum Oxide,,,,,literature_mined,10.1093/toxsci/kfm240,,,,a_10,
s_10.1093_FS_toxsci_FS_kfm240_PC_298,Aluminum Oxide,,,,,literature_mined,10.1093/toxsci/kfm240,,,,a_10,
s_10.1093_FS_toxsci_FS_kfm240_PC_299,Aluminum Oxide,,,,,literature_mined,10.1093/toxsci/kfm240,,,,a_10,
s_10.1093_FS_toxsci_FS_kfm240_PC_300,Aluminum Oxide,,,,,literature_mined,10.1093/toxsci/kfm240,,,,a_10,
s_10.1093_FS_toxsci_FS_kfm240_PC_303,Aluminum Oxide,,,,,literature_mined,10.1093/toxsci/kfm240,,,,a_10,
s_10.1093_FS_toxsci_FS_kfm240_PC_304,Aluminum Oxide,,,,,literature_mined,10.1093/toxsci/kfm240,,,,a_10,
s_10.1093_FS_toxsci_FS_kfm240_PC_305,Aluminum Oxide,,,,,literature_mined,10.1093/toxsci/kfm240,,,,a_10,
s_10.1093_FS_toxsci_FS_kfm240_PC_306,Aluminum Oxide,,,,,literature_mined,10.1093/toxsci/kfm240,,,,a_10,
s_10.1093_FS_toxsci_FS_kfm240_PC_307,Aluminum Oxide,,,,,literature_mined,10.1093/toxsci/kfm240,,,,a_10,
s_10.1093_FS_toxsci_FS_kfm240_PC_308,Aluminum Oxide,,,,,literature_mined,10.1093/toxsci/kfm240,,,,a_10,
s_10.1093_FS_toxsci_FS_kfm240_PC_309,Aluminum Oxide,,,,,literature_mined,10.1093/toxsci/kfm240,,,,a_10,
s_10.1093_FS_toxsci_FS_kfm240_PC_310,Aluminum Oxide,,,,,literature_mined,10.1093/toxsci/kfm240,,,,a_10,
s_10.1093_FS_toxsci_FS_kfm240_PC_311,Aluminum Oxide,,,,,literature_mined,10.1093/toxsci/kfm240,,,,a_10,
s_10.1093_FS_toxsci_FS_kfm240_PC_320,Aluminum Oxide,,,,,literature_mined,10.1093/toxsci/kfm240,,,,a_10,
s_10.1093_FS_toxsci_FS_kfm240_PC_321,Aluminum Oxide,,,,,literature_mined,10.1093/toxsci/kfm240,,,,a_10,
s_10.1093_FS_toxsci_FS_kfm240_PC_322,Aluminum Oxide,,,,,literature_mined,10.1093/toxsci/kfm240,,,,a_10,
s_10.1093_FS_toxsci_FS_kfm240_PC_339,Aluminum Oxide,,,,,literature_mined,10.1093/toxsci/kfm240,,,,a_10,
s_10.1093_FS_toxsci_FS_kfm240_PC_340,Aluminum Oxide,,,,,literature_mined,10.1093/toxsci/kfm240,,,,a_10,
s_10.1093_FS_toxsci_FS_kfm240_PC_343,Aluminum Oxide,,,,,literature_mined,10.1093/toxsci/kfm240,,,,a_10,
s_10.1093_FS_toxsci_FS_kfm240_PC_344,Aluminum Oxide,,,,,literature_mined,10.1093/toxsci/kfm240,,,,a_10,
s_10.1093_FS_toxsci_FS_kfm240_PC_347,Aluminum Oxide,,,,,literature_mined,10.1093/toxsci/kfm240,,,,a_10,
s_10.1093_FS_toxsci_FS_kfm240_PC_348,Aluminum Oxide,,,,,literature_mined,10.1093/toxsci/kfm240,,,,a_10,
s_10.1093_FS_toxsci_FS_kfm240_PC_351,Aluminum Oxide,,,,,literature_mined,10.1093/toxsci/kfm240,,,,a_10,
s_10.1093_FS_toxsci_FS_kfm240_PC_352,Aluminum Oxide,,,,,literature_mined,10.1093/toxsci/kfm240,,,,a_10,
s_10.1111_FS_j.1539-6924.2010.01438.x_InVitro.CB_1,Aluminum Oxide,,,,,literature_mined,10.1111/j.1539-6924.2010.01438.x,,,,a_10,
s_10.1111_FS_j.1539-6924.2010.01438.x_InVitro.CB_2,Aluminum Oxide,,,,,literature_mined,10.1111/j.1539-6924.2010.01438.x,,,,a_10,
s_10.1111_FS_j.1539-6924.2010.01438.x_InVitro.CB_3,Aluminum Oxide,,,,,literature_mined,10.1111/j.1539-6924.2010.01438.x,,,,a_10,
s_10.1111_FS_j.1539-6924.2010.01438.x_InVitro.CB_4,Aluminum Oxide,,,,,literature_mined,10.1111/j.1539-6924.2010.01438.x,,,,a_10,
s_10.1111_FS_j.1539-6924.2010.01438.x_InVitro.CB_5,Aluminum Oxide,,,,,literature_mined,10.1111/j.1539-6924.2010.01438.x,,,,a_10,
s_10.1111_FS_j.1539-6924.2010.01438.x_InVitro.CB_6,Aluminum Oxide,,,,,literature_mined,10.1111/j.1539-6924.2010.01438.x,,,,a_10,
s_10.1111_FS_j.1539-6924.2010.01438.x_InVitro.CB_7,Aluminum Oxide,,,,,literature_mined,10.1111/j.1539-6924.2010.01438.x,,,,a_10,
s_10.1111_FS_j.1539-6924.2010.01438.x_InVitro.CB_8,Aluminum Oxide,,,,,literature_mined,10.1111/j.1539-6924.2010.01438.x,,,,a_10,
s_10.1111_FS_j.1539-6924.2010.01438.x_InVitro.CB_9,Aluminum Oxide,,,,,literature_mined,10.1111/j.1539-6924.2010.01438.x,,,,a_10,
s_10.1111_FS_j.1539-6924.2010.01438.x_InVitro.CB_10,Aluminum Oxide,,,,,literature_mined,10.1111/j.1539-6924.2010.01438.x,,,,a_10,
s_10.1111_FS_j.1539-6924.2010.01438.x_InVitro.CB_11,Aluminum Oxide,,,,,literature_mined,10.1111/j.1539-6924.2010.01438.x,,,,a_10,
s_10.1111_FS_j.1539-6924.2010.01438.x_InVitro.CB_12,Aluminum Oxide,,,,,literature_mined,10.1111/j.1539-6924.2010.01438.x,,,,a_10,
s_10.1111_FS_j.1539-6924.2010.01438.x_InVitro.CB_13,Aluminum Oxide,,,,,literature_mined,10.1111/j.1539-6924.2010.01438.x,,,,a_10,
s_10.1111_FS_j.1539-6924.2010.01438.x_InVitro.CB_14,Aluminum Oxide,,,,,literature_mined,10.1111/j.1539-6924.2010.01438.x,,,,a_10,
s_10.1111_FS_j.1539-6924.2010.01438.x_InVitro.CB_15,Aluminum Oxide,,,,,literature_mined,10.1111/j.1539-6924.2010.01438.x,,,,a_10,
s_10.1111_FS_j.1539-6924.2010.01438.x_InVitro.CB_16,Aluminum Oxide,,,,,literature_mined,10.1111/j.1539-6924.2010.01438.x,,,,a_10,
s_10.1111_FS_j.1539-6924.2010.01438.x_InVitro.CB_17,Aluminum Oxide,,,,,literature_mined,10.1111/j.1539-6924.2010.01438.x,,,,a_10,
s_10.1111_FS_j.1539-6924.2010.01438.x_InVitro.CB_18,Aluminum Oxide,,,,,literature_mined,10.1111/j.1539-6924.2010.01438.x,,,,a_10,
s_10.1111_FS_j.1539-6924.2010.01438.x_InVitro.CB_19,Aluminum Oxide,,,,,literature_mined,10.1111/j.1539-6924.2010.01438.x,,,,a_10,
s_10.1111_FS_j.1539-6924.2010.01438.x_InVitro.CB_20,Aluminum Oxide,,,,,literature_mined,10.1111/j.1539-6924.2010.01438.x,,,,a_10,
s_10.1111_FS_j.1539-6924.2010.01438.x_InVitro.CB_21,Aluminum Oxide,,,,,literature_mined,10.1111/j.1539-6924.2010.01438.x,,,,a_10,
s_10.1111_FS_j.1539-6924.2010.01438.x_InVitro.CB_22,Aluminum Oxide,,,,,literature_mined,10.1111/j.1539-6924.2010.01438.x,,,,a_10,
s_10.1111_FS_j.1539-6924.2010.01438.x_InVitro.CB_23,Aluminum Oxide,,,,,literature_mined,10.1111/j.1539-6924.2010.01438.x,,,,a_10,
s_10.1111_FS_j.1539-6924.2010.01438.x_InVitro.CB_24,Aluminum Oxide,,,,,literature_mined,10.1111/j.1539-6924.2010.01438.x,,,,a_10,
s_10.1111_FS_j.1539-6924.2010.01438.x_InVitro.CB_25,Aluminum Oxide,,,,,literature_mined,10.1111/j.1539-6924.2010.01438.x,,,,a_10,
s_10.1111_FS_j.1539-6924.2010.01438.x_InVitro.CB_26,Aluminum Oxide,,,,,literature_mined,10.1111/j.1539-6924.2010.01438.x,,,,a_10,
s_10.1111_FS_j.1539-6924.2010.01438.x_InVitro.CB_27,Aluminum Oxide,,,,,literature_mined,10.1111/j.1539-6924.2010.01438.x,,,,a_10,
s_10.1111_FS_j.1539-6924.2010.01438.x_InVitro.CB_28,Aluminum Oxide,,,,,literature_mined,10.1111/j.1539-6924.2010.01438.x,,,,a_10,
s_10.1111_FS_j.1539-6924.2010.01438.x_InVitro.CB_29,Aluminum Oxide,,,,,literature_mined,10.1111/j.1539-6924.2010.01438.x,,,,a_10,
s_10.1111_FS_j.1539-6924.2010.01438.x_InVitro.CB_30,Aluminum Oxide,,,,,literature_mined,10.1111/j.1539-6924.2010.01438.x,,,,a_10,
s_10.1111_FS_j.1539-6924.2010.01438.x_InVitro.CB_31,Aluminum Oxide,,,,,literature_mined,10.1111/j.1539-6924.2010.01438.x,,,,a_10,
s_10.1111_FS_j.1539-6924.2010.01438.x_InVitro.CB_32,Aluminum Oxide,,,,,literature_mined,10.1111/j.1539-6924.2010.01438.x,,,,a_10,
s_10.1111_FS_j.1539-6924.2010.01438.x_InVitro.CB_33,Aluminum Oxide,,,,,literature_mined,10.1111/j.1539-6924.2010.01438.x,,,,a_10,
s_10.1111_FS_j.1539-6924.2010.01438.x_InVitro.CB_34,Aluminum Oxide,,,,,literature_mined,10.1111/j.1539-6924.2010.01438.x,,,,a_10,
s_10.1111_FS_j.1539-6924.2010.01438.x_InVitro.CB_35,Aluminum Oxide,,,,,literature_mined,10.1111/j.1539-6924.2010.01438.x,,,,a_10,
s_10.1111_FS_j.1539-6924.2010.01438.x_InVitro.CB_36,Aluminum Oxide,,,,,literature_mined,10.1111/j.1539-6924.2010.01438.x,,,,a_10,
s_10.1111_FS_j.1539-6924.2010.01438.x_InVitro.CB_37,Aluminum Oxide,,,,,literature_mined,10.1111/j.1539-6924.2010.01438.x,,,,a_10,
s_10.1111_FS_j.1539-6924.2010.01438.x_InVitro.CB_38,Aluminum Oxide,,,,,literature_mined,10.1111/j.1539-6924.2010.01438.x,,,,a_10,
s_10.1111_FS_j.1539-6924.2010.01438.x_InVitro.CB_39,Aluminum Oxide,,,,,literature_mined,10.1111/j.1539-6924.2010.01438.x,,,,a_10,
s_10.1111_FS_j.1539-6924.2010.01438.x_InVitro.CB_40,Aluminum Oxide,,,,,literature_mined,10.1111/j.1539-6924.2010.01438.x,,,,a_10,
s_10.1111_FS_j.1539-6924.2010.01438.x_InVitro.CB_41,Aluminum Oxide,,,,,literature_mined,10.1111/j.1539-6924.2010.01438.x,,,,a_10,
s_10.1111_FS_j.1539-6924.2010.01438.x_InVitro.CB_42,Aluminum Oxide,,,,,literature_mined,10.1111/j.1539-6924.2010.01438.x,,,,a_10,
s_10.1111_FS_j.1539-6924.2010.01438.x_PC_2,Aluminum Oxide,,,,,literature_mined,10.1111/j.1539-6924.2010.01438.x,,,,a_10,
s_10.1111_FS_j.1539-6924.2010.01438.x_PC_3,Aluminum Oxide,,,,,literature_mined,10.1111/j.1539-6924.2010.01438.x,,,,a_10,
s_10.1111_FS_j.1539-6924.2010.01438.x_PC_4,Aluminum Oxide,,,,,literature_mined,10.1111/j.1539-6924.2010.01438.x,,,,a_10,
s_10.1111_FS_j.1539-6924.2010.01438.x_PC_5,Aluminum Oxide,,,,,literature_mined,10.1111/j.1539-6924.2010.01438.x,,,,a_10,
s_10.1111_FS_j.1539-6924.2010.01438.x_PC_6,Aluminum Oxide,,,,,literature_mined,10.1111/j.1539-6924.2010.01438.x,,,,a_10,
s_10.1111_FS_j.1539-6924.2010.01438.x_PC_7,Aluminum Oxide,,,,,literature_mined,10.1111/j.1539-6924.2010.01438.x,,,,a_10,
s_10.1111_FS_j.1539-6924.2010.01438.x_PC_8,Aluminum Oxide,,,,,literature_mined,10.1111/j.1539-6924.2010.01438.x,,,,a_10,
s_10.1111_FS_j.1539-6924.2010.01438.x_PC_9,Aluminum Oxide,,,,,literature_mined,10.1111/j.1539-6924.2010.01438.x,,,,a_10,
s_10.1111_FS_j.1539-6924.2010.01438.x_PC_10,Aluminum Oxide,,,,,literature_mined,10.1111/j.1539-6924.2010.01438.x,,,,a_10,
s_10.1111_FS_j.1539-6924.2010.01438.x_PC_11,Aluminum Oxide,,,,,literature_mined,10.1111/j.1539-6924.2010.01438.x,,,,a_10,
s_10.1111_FS_j.1539-6924.2010.01438.x_PC_12,Aluminum Oxide,,,,,literature_mined,10.1111/j.1539-6924.2010.01438.x,,,,a_10,
s_10.1111_FS_j.1539-6924.2010.01438.x_PC_13,Aluminum Oxide,,,,,literature_mined,10.1111/j.1539-6924.2010.01438.x,,,,a_10,
s_10.1111_FS_j.1539-6924.2010.01438.x_PC_14,Aluminum Oxide,,,,,literature_mined,10.1111/j.1539-6924.2010.01438.x,,,,a_10,
s_10.1111_FS_j.1539-6924.2010.01438.x_PC_15,Aluminum Oxide,,,,,literature_mined,10.1111/j.1539-6924.2010.01438.x,,,,a_10,
s_10.1111_FS_j.1539-6924.2010.01438.x_PC_16,Aluminum Oxide,,,,,literature_mined,10.1111/j.1539-6924.2010.01438.x,,,,a_10,
s_10.1111_FS_j.1539-6924.2010.01438.x_PC_17,Aluminum Oxide,,,,,literature_mined,10.1111/j.1539-6924.2010.01438.x,,,,a_10,
s_10.1111_FS_j.1539-6924.2010.01438.x_PC_19,Aluminum Oxide,,,,,literature_mined,10.1111/j.1539-6924.2010.01438.x,,,,a_10,
s_10.1111_FS_j.1539-6924.2010.01438.x_PC_20,Aluminum Oxide,,,,,literature_mined,10.1111/j.1539-6924.2010.01438.x,,,,a_10,
s_10.1111_FS_j.1539-6924.2010.01438.x_PC_21,Aluminum Oxide,,,,,literature_mined,10.1111/j.1539-6924.2010.01438.x,,,,a_10,
s_10.1111_FS_j.1539-6924.2010.01438.x_PC_22,Aluminum Oxide,,,,,literature_mined,10.1111/j.1539-6924.2010.01438.x,,,,a_10,
s_10.1111_FS_j.1539-6924.2010.01438.x_PC_23,Aluminum Oxide,,,,,literature_mined,10.1111/j.1539-6924.2010.01438.x,,,,a_10,
s_10.1111_FS_j.1539-6924.2010.01438.x_PC_24,Aluminum Oxide,,,,,literature_mined,10.1111/j.1539-6924.2010.01438.x,,,,a_10,
s_10.1111_FS_j.1539-6924.2010.01438.x_PC_25,Aluminum Oxide,,,,,literature_mined,10.1111/j.1539-6924.2010.01438.x,,,,a_10,
s_10.1111_FS_j.1539-6924.2010.01438.x_PC_26,Aluminum Oxide,,,,,literature_mined,10.1111/j.1539-6924.2010.01438.x,,,,a_10,
s_10.1111_FS_j.1539-6924.2010.01438.x_PC_27,Aluminum Oxide,,,,,literature_mined,10.1111/j.1539-6924.2010.01438.x,,,,a_10,
s_10.1111_FS_j.1539-6924.2010.01438.x_PC_28,Aluminum Oxide,,,,,literature_mined,10.1111/j.1539-6924.2010.01438.x,,,,a_10,
s_10.1111_FS_j.1539-6924.2010.01438.x_PC_29,Aluminum Oxide,,,,,literature_mined,10.1111/j.1539-6924.2010.01438.x,,,,a_10,
s_10.1111_FS_j.1539-6924.2010.01438.x_PC_30,Aluminum Oxide,,,,,literature_mined,10.1111/j.1539-6924.2010.01438.x,,,,a_10,
s_10.1111_FS_j.1539-6924.2010.01438.x_PC_31,Aluminum Oxide,,,,,literature_mined,10.1111/j.1539-6924.2010.01438.x,,,,a_10,
s_10.1111_FS_j.1539-6924.2010.01438.x_PC_32,Aluminum Oxide,,,,,literature_mined,10.1111/j.1539-6924.2010.01438.x,,,,a_10,
s_10.1111_FS_j.1539-6924.2010.01438.x_PC_33,Aluminum Oxide,,,,,literature_mined,10.1111/j.1539-6924.2010.01438.x,,,,a_10,
s_10.1111_FS_j.1539-6924.2010.01438.x_PC_34,Aluminum Oxide,,,,,literature_mined,10.1111/j.1539-6924.2010.01438.x,,,,a_10,
s_10.1111_FS_j.1539-6924.2010.01438.x_PC_36,Aluminum Oxide,,,,,literature_mined,10.1111/j.1539-6924.2010.01438.x,,,,a_10,
s_10.1111_FS_j.1539-6924.2010.01438.x_PC_37,Aluminum Oxide,,,,,literature_mined,10.1111/j.1539-6924.2010.01438.x,,,,a_10,
s_10.1111_FS_j.1539-6924.2010.01438.x_PC_38,Aluminum Oxide,,,,,literature_mined,10.1111/j.1539-6924.2010.01438.x,,,,a_10,
s_10.1111_FS_j.1539-6924.2010.01438.x_PC_39,Aluminum Oxide,,,,,literature_mined,10.1111/j.1539-6924.2010.01438.x,,,,a_10,
s_10.1111_FS_j.1539-6924.2010.01438.x_PC_40,Aluminum Oxide,,,,,literature_mined,10.1111/j.1539-6924.2010.01438.x,,,,a_10,
s_10.1111_FS_j.1539-6924.2010.01438.x_PC_41,Aluminum Oxide,,,,,literature_mined,10.1111/j.1539-6924.2010.01438.x,,,,a_10,
s_10.1111_FS_j.1539-6924.2010.01438.x_PC_42,Aluminum Oxide,,,,,literature_mined,10.1111/j.1539-6924.2010.01438.x,,,,a_10,
s_10.1111_FS_j.1539-6924.2010.01438.x_PC_43,Aluminum Oxide,,,,,literature_mined,10.1111/j.1539-6924.2010.01438.x,,,,a_10,
s_10.1111_FS_j.1539-6924.2010.01438.x_PC_44,Aluminum Oxide,,,,,literature_mined,10.1111/j.1539-6924.2010.01438.x,,,,a_10,
s_10.1111_FS_j.1539-6924.2010.01438.x_PC_45,Aluminum Oxide,,,,,literature_mined,10.1111/j.1539-6924.2010.01438.x,,,,a_10,
s_10.1111_FS_j.1539-6924.2010.01438.x_PC_46,Aluminum Oxide,,,,,literature_mined,10.1111/j.1539-6924.2010.01438.x,,,,a_10,
s_10.1111_FS_j.1539-6924.2010.01438.x_PC_47,Aluminum Oxide,,,,,literature_mined,10.1111/j.1539-6924.2010.01438.x,,,,a_10,
s_10.1111_FS_j.1539-6924.2010.01438.x_PC_48,Aluminum Oxide,,,,,literature_mined,10.1111/j.1539-6924.2010.01438.x,,,,a_10,
s_10.1111_FS_j.1539-6924.2010.01438.x_PC_49,Aluminum Oxide,,,,,literature_mined,10.1111/j.1539-6924.2010.01438.x,,,,a_10,
s_10.1111_FS_j.1539-6924.2010.01438.x_PC_50,Aluminum Oxide,,,,,literature_mined,10.1111/j.1539-6924.2010.01438.x,,,,a_10,
s_10.1111_FS_j.1539-6924.2010.01438.x_PC_51,Aluminum Oxide,,,,,literature_mined,10.1111/j.1539-6924.2010.01438.x,,,,a_10,
s_10.1111_FS_j.1539-6924.2010.01438.x_PC_53,Aluminum Oxide,,,,,literature_mined,10.1111/j.1539-6924.2010.01438.x,,,,a_10,
s_10.1111_FS_j.1539-6924.2010.01438.x_PC_54,Aluminum Oxide,,,,,literature_mined,10.1111/j.1539-6924.2010.01438.x,,,,a_10,
s_10.1111_FS_j.1539-6924.2010.01438.x_PC_55,Aluminum Oxide,,,,,literature_mined,10.1111/j.1539-6924.2010.01438.x,,,,a_10,
s_10.1111_FS_j.1539-6924.2010.01438.x_PC_57,Aluminum Oxide,,,,,literature_mined,10.1111/j.1539-6924.2010.01438.x,,,,a_10,
s_10.1111_FS_j.1539-6924.2010.01438.x_PC_58,Aluminum Oxide,,,,,literature_mined,10.1111/j.1539-6924.2010.01438.x,,,,a_10,
s_10.1111_FS_j.1539-6924.2010.01438.x_PC_59,Aluminum Oxide,,,,,literature_mined,10.1111/j.1539-6924.2010.01438.x,,,,a_10,
s_10.1111_FS_j.1539-6924.2010.01438.x_PC_61,Aluminum Oxide,,,,,literature_mined,10.1111/j.1539-6924.2010.01438.x,,,,a_10,
s_10.1111_FS_j.1539-6924.2010.01438.x_PC_62,Aluminum Oxide,,,,,literature_mined,10.1111/j.1539-6924.2010.01438.x,,,,a_10,
s_10.1111_FS_j.1539-6924.2010.01438.x_PC_63,Aluminum Oxide,,,,,literature_mined,10.1111/j.1539-6924.2010.01438.x,,,,a_10,
s_10.1111_FS_j.1539-6924.2010.01438.x_PC_64,Aluminum Oxide,,,,,literature_mined,10.1111/j.1539-6924.2010.01438.x,,,,a_10,
s_10.1111_FS_j.1539-6924.2010.01438.x_PC_65,Aluminum Oxide,,,,,literature_mined,10.1111/j.1539-6924.2010.01438.x,,,,a_10,
s_10.1111_FS_j.1539-6924.2010.01438.x_PC_66,Aluminum Oxide,,,,,literature_mined,10.1111/j.1539-6924.2010.01438.x,,,,a_10,
s_10.1111_FS_j.1539-6924.2010.01438.x_PC_67,Aluminum Oxide,,,,,literature_mined,10.1111/j.1539-6924.2010.01438.x,,,,a_10,
s_10.1111_FS_j.1539-6924.2010.01438.x_PC_68,Aluminum Oxide,,,,,literature_mined,10.1111/j.1539-6924.2010.01438.x,,,,a_10,
s_10.1111_FS_j.1539-6924.2010.01438.x_PC_69,Aluminum Oxide,,,,,literature_mined,10.1111/j.1539-6924.2010.01438.x,,,,a_10,
s_10.1111_FS_j.1539-6924.2010.01438.x_PC_70,Aluminum Oxide,,,,,literature_mined,10.1111/j.1539-6924.2010.01438.x,,,,a_10,
s_10.1111_FS_j.1539-6924.2010.01438.x_PC_71,Aluminum Oxide,,,,,literature_mined,10.1111/j.1539-6924.2010.01438.x,,,,a_10,
s_10.1111_FS_j.1539-6924.2010.01438.x_PC_72,Aluminum Oxide,,,,,literature_mined,10.1111/j.1539-6924.2010.01438.x,,,,a_10,
s_10.1111_FS_j.1539-6924.2010.01438.x_PC_73,Aluminum Oxide,,,,,literature_mined,10.1111/j.1539-6924.2010.01438.x,,,,a_10,
s_10.1111_FS_j.1539-6924.2010.01438.x_PC_74,Aluminum Oxide,,,,,literature_mined,10.1111/j.1539-6924.2010.01438.x,,,,a_10,
s_10.1111_FS_j.1539-6924.2010.01438.x_PC_75,Aluminum Oxide,,,,,literature_mined,10.1111/j.1539-6924.2010.01438.x,,,,a_10,
s_10.1111_FS_j.1539-6924.2010.01438.x_PC_76,Aluminum Oxide,,,,,literature_mined,10.1111/j.1539-6924.2010.01438.x,,,,a_10,
s_10.1111_FS_j.1539-6924.2010.01438.x_PC_77,Aluminum Oxide,,,,,literature_mined,10.1111/j.1539-6924.2010.01438.x,,,,a_10,
s_10.1111_FS_j.1539-6924.2010.01438.x_PC_78,Aluminum Oxide,,,,,literature_mined,10.1111/j.1539-6924.2010.01438.x,,,,a_10,
s_10.1111_FS_j.1539-6924.2010.01438.x_PC_79,Aluminum Oxide,,,,,literature_mined,10.1111/j.1539-6924.2010.01438.x,,,,a_10,
s_10.1111_FS_j.1539-6924.2010.01438.x_PC_80,Aluminum Oxide,,,,,literature_mined,10.1111/j.1539-6924.2010.01438.x,,,,a_10,
s_10.1111_FS_j.1539-6924.2010.01438.x_PC_81,Aluminum Oxide,,,,,literature_mined,10.1111/j.1539-6924.2010.01438.x,,,,a_10,
s_10.1111_FS_j.1539-6924.2010.01438.x_PC_83,Aluminum Oxide,,,,,literature_mined,10.1111/j.1539-6924.2010.01438.x,,,,a_10,
s_10.1111_FS_j.1539-6924.2010.01438.x_PC_84,Aluminum Oxide,,,,,literature_mined,10.1111/j.1539-6924.2010.01438.x,,,,a_10,
s_10.1111_FS_j.1539-6924.2010.01438.x_PC_85,Aluminum Oxide,,,,,literature_mined,10.1111/j.1539-6924.2010.01438.x,,,,a_10,
s_10.1111_FS_j.1539-6924.2010.01438.x_PC_87,Aluminum Oxide,,,,,literature_mined,10.1111/j.1539-6924.2010.01438.x,,,,a_10,
s_10.1111_FS_j.1539-6924.2010.01438.x_PC_88,Aluminum Oxide,,,,,literature_mined,10.1111/j.1539-6924.2010.01438.x,,,,a_10,
s_10.1111_FS_j.1539-6924.2010.01438.x_PC_89,Aluminum Oxide,,,,,literature_mined,10.1111/j.1539-6924.2010.01438.x,,,,a_10,
s_10.1111_FS_j.1539-6924.2010.01438.x_PC_91,Aluminum Oxide,,,,,literature_mined,10.1111/j.1539-6924.2010.01438.x,,,,a_10,
s_10.1111_FS_j.1539-6924.2010.01438.x_PC_92,Aluminum Oxide,,,,,literature_mined,10.1111/j.1539-6924.2010.01438.x,,,,a_10,
s_10.1111_FS_j.1539-6924.2010.01438.x_PC_93,Aluminum Oxide,,,,,literature_mined,10.1111/j.1539-6924.2010.01438.x,,,,a_10,
s_10.1111_FS_j.1539-6924.2010.01438.x_PC_94,Aluminum Oxide,,,,,literature_mined,10.1111/j.1539-6924.2010.01438.x,,,,a_10,
s_10.1111_FS_j.1539-6924.2010.01438.x_PC_95,Aluminum Oxide,,,,,literature_mined,10.1111/j.1539-6924.2010.01438.x,,,,a_10,
s_10.1111_FS_j.1539-6924.2010.01438.x_PC_96,Aluminum Oxide,,,,,literature_mined,10.1111/j.1539-6924.2010.01438.x,,,,a_10,
s_10.1111_FS_j.1539-6924.2010.01438.x_PC_97,Aluminum Oxide,,,,,literature_mined,10.1111/j.1539-6924.2010.01438.x,,,,a_10,
s_10.1111_FS_j.1539-6924.2010.01438.x_PC_98,Aluminum Oxide,,,,,literature_mined,10.1111/j.1539-6924.2010.01438.x,,,,a_10,
s_10.1111_FS_j.1539-6924.2010.01438.x_PC_99,Aluminum Oxide,,,,,literature_mined,10.1111/j.1539-6924.2010.01438.x,,,,a_10,
s_10.1111_FS_j.1539-6924.2010.01438.x_PC_100,Aluminum Oxide,,,,,literature_mined,10.1111/j.1539-6924.2010.01438.x,,,,a_10,
s_10.1111_FS_j.1539-6924.2010.01438.x_PC_101,Aluminum Oxide,,,,,literature_mined,10.1111/j.1539-6924.2010.01438.x,,,,a_10,
s_10.1111_FS_j.1539-6924.2010.01438.x_PC_102,Aluminum Oxide,,,,,literature_mined,10.1111/j.1539-6924.2010.01438.x,,,,a_10,
s_10.1111_FS_j.1539-6924.2010.01438.x_PC_103,Aluminum Oxide,,,,,literature_mined,10.1111/j.1539-6924.2010.01438.x,,,,a_10,
s_10.1111_FS_j.1539-6924.2010.01438.x_PC_104,Aluminum Oxide,,,,,literature_mined,10.1111/j.1539-6924.2010.01438.x,,,,a_10,
s_10.1111_FS_j.1539-6924.2010.01438.x_PC_105,Aluminum Oxide,,,,,literature_mined,10.1111/j.1539-6924.2010.01438.x,,,,a_10,
s_10.1111_FS_j.1539-6924.2010.01438.x_PC_106,Aluminum Oxide,,,,,literature_mined,10.1111/j.1539-6924.2010.01438.x,,,,a_10,
s_10.1111_FS_j.1539-6924.2010.01438.x_PC_107,Aluminum Oxide,,,,,literature_mined,10.1111/j.1539-6924.2010.01438.x,,,,a_10,
s_10.1111_FS_j.1539-6924.2010.01438.x_PC_108,Aluminum Oxide,,,,,literature_mined,10.1111/j.1539-6924.2010.01438.x,,,,a_10,
s_10.1111_FS_j.1539-6924.2010.01438.x_PC_109,Aluminum Oxide,,,,,literature_mined,10.1111/j.1539-6924.2010.01438.x,,,,a_10,
s_10.1111_FS_j.1539-6924.2010.01438.x_PC_110,Aluminum Oxide,,,,,literature_mined,10.1111/j.1539-6924.2010.01438.x,,,,a_10,
s_10.1111_FS_j.1539-6924.2010.01438.x_PC_111,Aluminum Oxide,,,,,literature_mined,10.1111/j.1539-6924.2010.01438.x,,,,a_10,
s_10.1111_FS_j.1539-6924.2010.01438.x_PC_1,Aluminum Oxide,,,,,literature_mined,10.1111/j.1539-6924.2010.01438.x,,,,a_10,
s_10.1111_FS_j.1539-6924.2010.01438.x_PC_18,Aluminum Oxide,,,,,literature_mined,10.1111/j.1539-6924.2010.01438.x,,,,a_10,
s_10.1111_FS_j.1539-6924.2010.01438.x_PC_35,Aluminum Oxide,,,,,literature_mined,10.1111/j.1539-6924.2010.01438.x,,,,a_10,
s_10.1111_FS_j.1539-6924.2010.01438.x_PC_52,Aluminum Oxide,,,,,literature_mined,10.1111/j.1539-6924.2010.01438.x,,,,a_10,
s_10.1111_FS_j.1539-6924.2010.01438.x_PC_56,Aluminum Oxide,,,,,literature_mined,10.1111/j.1539-6924.2010.01438.x,,,,a_10,
s_10.1111_FS_j.1539-6924.2010.01438.x_PC_60,Aluminum Oxide,,,,,literature_mined,10.1111/j.1539-6924.2010.01438.x,,,,a_10,
s_10.1111_FS_j.1539-6924.2010.01438.x_PC_82,Aluminum Oxide,,,,,literature_mined,10.1111/j.1539-6924.2010.01438.x,,,,a_10,
s_10.1111_FS_j.1539-6924.2010.01438.x_PC_86,Aluminum Oxide,,,,,literature_mined,10.1111/j.1539-6924.2010.01438.x,,,,a_10,
s_10.1111_FS_j.1539-6924.2010.01438.x_PC_90,Aluminum Oxide,,,,,literature_mined,10.1111/j.1539-6924.2010.01438.x,,,,a_10,
s_10.3109_FS_17435390.2013.796534_InVitro.CB_1,Aluminum Oxide,,,,,literature_mined,10.3109/17435390.2013.796534,,,,a_10,
s_10.3109_FS_17435390.2013.796534_InVitro.CB_2,Aluminum Oxide,,,,,literature_mined,10.3109/17435390.2013.796534,,,,a_10,
s_10.3109_FS_17435390.2013.796534_InVitro.CB_3,Aluminum Oxide,,,,,literature_mined,10.3109/17435390.2013.796534,,,,a_10,
s_10.3109_FS_17435390.2013.796534_InVitro.CB_4,Aluminum Oxide,,,,,literature_mined,10.3109/17435390.2013.796534,,,,a_10,
s_10.3109_FS_17435390.2013.796534_InVitro.CB_5,Aluminum Oxide,,,,,literature_mined,10.3109/17435390.2013.796534,,,,a_10,
s_10.3109_FS_17435390.2013.796534_InVitro.CB_6,Aluminum Oxide,,,,,literature_mined,10.3109/17435390.2013.796534,,,,a_10,
s_10.3109_FS_17435390.2013.796534_InVitro.CB_7,Aluminum Oxide,,,,,literature_mined,10.3109/17435390.2013.796534,,,,a_10,
s_10.3109_FS_17435390.2013.796534_InVitro.CB_8,Aluminum Oxide,,,,,literature_mined,10.3109/17435390.2013.796534,,,,a_10,
s_10.3109_FS_17435390.2013.796534_InVitro.CB_9,Aluminum Oxide,,,,,literature_mined,10.3109/17435390.2013.796534,,,,a_10,
s_10.3109_FS_17435390.2013.796534_InVitro.CB_10,Aluminum Oxide,,,,,literature_mined,10.3109/17435390.2013.796534,,,,a_10,
s_10.3109_FS_17435390.2013.796534_InVitro.CB_11,Aluminum Oxide,,,,,literature_mined,10.3109/17435390.2013.796534,,,,a_10,
s_10.3109_FS_17435390.2013.796534_InVitro.CB_12,Aluminum Oxide,,,,,literature_mined,10.3109/17435390.2013.796534,,,,a_10,
s_10.3109_FS_17435390.2013.796534_InVitro.CB_13,Aluminum Oxide,,,,,literature_mined,10.3109/17435390.2013.796534,,,,a_10,
s_10.3109_FS_17435390.2013.796534_InVitro.CB_14,Aluminum Oxide,,,,,literature_mined,10.3109/17435390.2013.796534,,,,a_10,
s_10.3109_FS_17435390.2013.796534_InVitro.CB_15,Aluminum Oxide,,,,,literature_mined,10.3109/17435390.2013.796534,,,,a_10,
s_10.3109_FS_17435390.2013.796534_InVitro.CB_16,Aluminum Oxide,,,,,literature_mined,10.3109/17435390.2013.796534,,,,a_10,
s_10.3109_FS_17435390.2013.796534_InVitro.CB_17,Aluminum Oxide,,,,,literature_mined,10.3109/17435390.2013.796534,,,,a_10,
s_10.3109_FS_17435390.2013.796534_InVitro.CB_18,Aluminum Oxide,,,,,literature_mined,10.3109/17435390.2013.796534,,,,a_10,
s_10.3109_FS_17435390.2013.796534_InVitro.CB_19,Aluminum Oxide,,,,,literature_mined,10.3109/17435390.2013.796534,,,,a_10,
s_10.3109_FS_17435390.2013.796534_InVitro.CB_20,Aluminum Oxide,,,,,literature_mined,10.3109/17435390.2013.796534,,,,a_10,
s_10.3109_FS_17435390.2013.796534_InVitro.CB_21,Aluminum Oxide,,,,,literature_mined,10.3109/17435390.2013.796534,,,,a_10,
s_10.3109_FS_17435390.2013.796534_InVitro.CB_22,Aluminum Oxide,,,,,literature_mined,10.3109/17435390.2013.796534,,,,a_10,
s_10.3109_FS_17435390.2013.796534_InVitro.CB_23,Aluminum Oxide,,,,,literature_mined,10.3109/17435390.2013.796534,,,,a_10,
s_10.3109_FS_17435390.2013.796534_InVitro.CB_24,Aluminum Oxide,,,,,literature_mined,10.3109/17435390.2013.796534,,,,a_10,
s_10.3109_FS_17435390.2013.796534_InVitro.CB_25,Aluminum Oxide,,,,,literature_mined,10.3109/17435390.2013.796534,,,,a_10,
s_10.3109_FS_17435390.2013.796534_InVitro.CB_26,Aluminum Oxide,,,,,literature_mined,10.3109/17435390.2013.796534,,,,a_10,
s_10.3109_FS_17435390.2013.796534_InVitro.CB_27,Aluminum Oxide,,,,,literature_mined,10.3109/17435390.2013.796534,,,,a_10,
s_10.3109_FS_17435390.2013.796534_InVitro.CB_28,Aluminum Oxide,,,,,literature_mined,10.3109/17435390.2013.796534,,,,a_10,
s_10.3109_FS_17435390.2013.796534_InVitro.CB_29,Aluminum Oxide,,,,,literature_mined,10.3109/17435390.2013.796534,,,,a_10,
s_10.3109_FS_17435390.2013.796534_InVitro.CB_30,Aluminum Oxide,,,,,literature_mined,10.3109/17435390.2013.796534,,,,a_10,
s_10.3109_FS_17435390.2013.796534_InVitro.CB_31,Aluminum Oxide,,,,,literature_mined,10.3109/17435390.2013.796534,,,,a_10,
s_10.3109_FS_17435390.2013.796534_InVitro.CB_32,Aluminum Oxide,,,,,literature_mined,10.3109/17435390.2013.796534,,,,a_10,
s_10.3109_FS_17435390.2013.796534_InVitro.CB_33,Aluminum Oxide,,,,,literature_mined,10.3109/17435390.2013.796534,,,,a_10,
s_10.3109_FS_17435390.2013.796534_InVitro.CB_34,Aluminum Oxide,,,,,literature_mined,10.3109/17435390.2013.796534,,,,a_10,
s_10.3109_FS_17435390.2013.796534_InVitro.CB_35,Aluminum Oxide,,,,,literature_mined,10.3109/17435390.2013.796534,,,,a_10,
s_10.3109_FS_17435390.2013.796534_InVitro.CB_36,Aluminum Oxide,,,,,literature_mined,10.3109/17435390.2013.796534,,,,a_10,
s_10.3109_FS_17435390.2013.796534_InVitro.CB_37,Aluminum Oxide,,,,,literature_mined,10.3109/17435390.2013.796534,,,,a_10,
s_10.3109_FS_17435390.2013.796534_InVitro.CB_38,Aluminum Oxide,,,,,literature_mined,10.3109/17435390.2013.796534,,,,a_10,
s_10.3109_FS_17435390.2013.796534_InVitro.CB_39,Aluminum Oxide,,,,,literature_mined,10.3109/17435390.2013.796534,,,,a_10,
s_10.3109_FS_17435390.2013.796534_InVitro.CB_40,Aluminum Oxide,,,,,literature_mined,10.3109/17435390.2013.796534,,,,a_10,
s_10.3109_FS_17435390.2013.796534_InVitro.CB_41,Aluminum Oxide,,,,,literature_mined,10.3109/17435390.2013.796534,,,,a_10,
s_10.3109_FS_17435390.2013.796534_InVitro.CB_42,Aluminum Oxide,,,,,literature_mined,10.3109/17435390.2013.796534,,,,a_10,
s_10.3109_FS_17435390.2013.796534_InVitro.CB_43,Aluminum Oxide,,,,,literature_mined,10.3109/17435390.2013.796534,,,,a_10,
s_10.3109_FS_17435390.2013.796534_InVitro.CB_44,Aluminum Oxide,,,,,literature_mined,10.3109/17435390.2013.796534,,,,a_10,
s_10.3109_FS_17435390.2013.796534_InVitro.CB_45,Aluminum Oxide,,,,,literature_mined,10.3109/17435390.2013.796534,,,,a_10,
s_10.3109_FS_17435390.2013.796534_InVitro.CB_46,Aluminum Oxide,,,,,literature_mined,10.3109/17435390.2013.796534,,,,a_10,
s_10.3109_FS_17435390.2013.796534_InVitro.CB_47,Aluminum Oxide,,,,,literature_mined,10.3109/17435390.2013.796534,,,,a_10,
s_10.3109_FS_17435390.2013.796534_InVitro.CB_48,Aluminum Oxide,,,,,literature_mined,10.3109/17435390.2013.796534,,,,a_10,
s_10.3109_FS_17435390.2013.796534_InVitro.CB_49,Aluminum Oxide,,,,,literature_mined,10.3109/17435390.2013.796534,,,,a_10,
s_10.3109_FS_17435390.2013.796534_InVitro.CB_50,Aluminum Oxide,,,,,literature_mined,10.3109/17435390.2013.796534,,,,a_10,
s_10.3109_FS_17435390.2013.796534_InVitro.CB_51,Aluminum Oxide,,,,,literature_mined,10.3109/17435390.2013.796534,,,,a_10,
s_10.3109_FS_17435390.2013.796534_InVitro.CB_52,Aluminum Oxide,,,,,literature_mined,10.3109/17435390.2013.796534,,,,a_10,
s_10.3109_FS_17435390.2013.796534_InVitro.CB_53,Aluminum Oxide,,,,,literature_mined,10.3109/17435390.2013.796534,,,,a_10,
s_10.3109_FS_17435390.2013.796534_InVitro.CB_54,Aluminum Oxide,,,,,literature_mined,10.3109/17435390.2013.796534,,,,a_10,
s_10.3109_FS_17435390.2013.796534_InVitro.CB_55,Aluminum Oxide,,,,,literature_mined,10.3109/17435390.2013.796534,,,,a_10,
s_10.3109_FS_17435390.2013.796534_InVitro.CB_56,Aluminum Oxide,,,,,literature_mined,10.3109/17435390.2013.796534,,,,a_10,
s_10.3109_FS_17435390.2013.796534_InVitro.CB_57,Aluminum Oxide,,,,,literature_mined,10.3109/17435390.2013.796534,,,,a_10,
s_10.3109_FS_17435390.2013.796534_InVitro.CB_58,Aluminum Oxide,,,,,literature_mined,10.3109/17435390.2013.796534,,,,a_10,
s_10.3109_FS_17435390.2013.796534_InVitro.CB_59,Aluminum Oxide,,,,,literature_mined,10.3109/17435390.2013.796534,,,,a_10,
s_10.3109_FS_17435390.2013.796534_InVitro.CB_60,Aluminum Oxide,,,,,literature_mined,10.3109/17435390.2013.796534,,,,a_10,
s_10.3109_FS_17435390.2013.796534_InVitro.CB_61,Aluminum Oxide,,,,,literature_mined,10.3109/17435390.2013.796534,,,,a_10,
s_10.3109_FS_17435390.2013.796534_InVitro.CB_62,Aluminum Oxide,,,,,literature_mined,10.3109/17435390.2013.796534,,,,a_10,
s_10.3109_FS_17435390.2013.796534_InVitro.CB_63,Aluminum Oxide,,,,,literature_mined,10.3109/17435390.2013.796534,,,,a_10,
s_10.3109_FS_17435390.2013.796534_InVitro.CB_64,Aluminum Oxide,,,,,literature_mined,10.3109/17435390.2013.796534,,,,a_10,
s_10.3109_FS_17435390.2013.796534_InVitro.CB_65,Aluminum Oxide,,,,,literature_mined,10.3109/17435390.2013.796534,,,,a_10,
s_10.3109_FS_17435390.2013.796534_InVitro.CB_66,Aluminum Oxide,,,,,literature_mined,10.3109/17435390.2013.796534,,,,a_10,
s_10.3109_FS_17435390.2013.796534_InVitro.CB_67,Aluminum Oxide,,,,,literature_mined,10.3109/17435390.2013.796534,,,,a_10,
s_10.3109_FS_17435390.2013.796534_InVitro.CB_68,Aluminum Oxide,,,,,literature_mined,10.3109/17435390.2013.796534,,,,a_10,
s_10.3109_FS_17435390.2013.796534_InVitro.CB_69,Aluminum Oxide,,,,,literature_mined,10.3109/17435390.2013.796534,,,,a_10,
s_10.3109_FS_17435390.2013.796534_InVitro.CB_70,Aluminum Oxide,,,,,literature_mined,10.3109/17435390.2013.796534,,,,a_10,
s_10.3109_FS_17435390.2013.796534_InVitro.CB_71,Aluminum Oxide,,,,,literature_mined,10.3109/17435390.2013.796534,,,,a_10,
s_10.3109_FS_17435390.2013.796534_InVitro.CB_72,Aluminum Oxide,,,,,literature_mined,10.3109/17435390.2013.796534,,,,a_10,
s_10.3109_FS_17435390.2013.796534_PC_1,Aluminum Oxide,,,,,literature_mined,10.3109/17435390.2013.796534,,,,a_10,
s_10.3109_FS_17435390.2013.796534_PC_2,Aluminum Oxide,,,,,literature_mined,10.3109/17435390.2013.796534,,,,a_10,
s_10.3109_FS_17435390.2013.796534_PC_3,Aluminum Oxide,,,,,literature_mined,10.3109/17435390.2013.796534,,,,a_10,
s_10.3109_FS_17435390.2013.796534_PC_4,Aluminum Oxide,,,,,literature_mined,10.3109/17435390.2013.796534,,,,a_10,
s_10.3109_FS_17435390.2013.796534_PC_5,Aluminum Oxide,,,,,literature_mined,10.3109/17435390.2013.796534,,,,a_10,
s_10.3109_FS_17435390.2013.796534_PC_6,Aluminum Oxide,,,,,literature_mined,10.3109/17435390.2013.796534,,,,a_10,
s_10.3109_FS_17435390.2013.796534_PC_7,Aluminum Oxide,,,,,literature_mined,10.3109/17435390.2013.796534,,,,a_10,
s_10.3109_FS_17435390.2013.796534_PC_8,Aluminum Oxide,,,,,literature_mined,10.3109/17435390.2013.796534,,,,a_10,
s_10.3109_FS_17435390.2013.796534_PC_9,Aluminum Oxide,,,,,literature_mined,10.3109/17435390.2013.796534,,,,a_10,
s_10.3109_FS_17435390.2013.796534_PC_10,Aluminum Oxide,,,,,literature_mined,10.3109/17435390.2013.796534,,,,a_10,
s_10.3109_FS_17435390.2013.796534_PC_11,Aluminum Oxide,,,,,literature_mined,10.3109/17435390.2013.796534,,,,a_10,
s_10.3109_FS_17435390.2013.796534_PC_12,Aluminum Oxide,,,,,literature_mined,10.3109/17435390.2013.796534,,,,a_10,
s_10.3109_FS_17435390.2013.796534_PC_13,Aluminum Oxide,,,,,literature_mined,10.3109/17435390.2013.796534,,,,a_10,
s_10.3109_FS_17435390.2013.796534_PC_14,Aluminum Oxide,,,,,literature_mined,10.3109/17435390.2013.796534,,,,a_10,
s_10.3109_FS_17435390.2013.796534_PC_15,Aluminum Oxide,,,,,literature_mined,10.3109/17435390.2013.796534,,,,a_10,
s_10.3109_FS_17435390.2013.796534_PC_16,Aluminum Oxide,,,,,literature_mined,10.3109/17435390.2013.796534,,,,a_10,
s_10.3109_FS_17435390.2013.796534_PC_17,Aluminum Oxide,,,,,literature_mined,10.3109/17435390.2013.796534,,,,a_10,
s_10.3109_FS_17435390.2013.796534_PC_18,Aluminum Oxide,,,,,literature_mined,10.3109/17435390.2013.796534,,,,a_10,
"s_NanoCare_Final_Report_InVitro.CB_derived:467,468,469,470",Aluminum Oxide,,,,,literature_mined,NanoCare_Final_Report,,30.0,4.522878745280337,a_NanoCare_Final_Report_InVitr,
"s_NanoCare_Final_Report_InVitro.CB_derived:491,492,493,494",Aluminum Oxide,,,,,literature_mined,NanoCare_Final_Report,,30.0,4.522878745280337,a_NanoCare_Final_Report_InVitr,
"s_NanoCare_Final_Report_InVitro.CB_derived:511,512,513,514",Aluminum Oxide,,,,,literature_mined,NanoCare_Final_Report,,30.0,4.522878745280337,a_NanoCare_Final_Report_InVitr,
"s_NanoCare_Final_Report_InVitro.CB_derived:531,532,533,534",Aluminum Oxide,,,,,literature_mined,NanoCare_Final_Report,,30.0,4.522878745280337,a_NanoCare_Final_Report_InVitr,
"s_NanoCare_Final_Report_InVitro.CB_derived:571,572,573,574",Aluminum Oxide,,,,,literature_mined,NanoCare_Final_Report,,30.0,4.522878745280337,a_NanoCare_Final_Report_InVitr,
"s_NanoCare_Final_Report_InVitro.CB_derived:591,592,593,594",Aluminum Oxide,,,,,literature_mined,NanoCare_Final_Report,,30.0,4.522878745280337,a_NanoCare_Final_Report_InVitr,
"s_NanoCare_Final_Report_InVitro.CB_derived:611,612,613,614",Aluminum Oxide,,,,,literature_mined,NanoCare_Final_Report,,30.0,4.522878745280337,a_NanoCare_Final_Report_InVitr,
"s_NanoCare_Final_Report_InVitro.CB_derived:631,632,633,634",Aluminum Oxide,,,,,literature_mined,NanoCare_Final_Report,,30.0,4.522878745280337,a_NanoCare_Final_Report_InVitr,
"s_NanoCare_Final_Report_InVitro.CB_derived:650,651,652,653",Aluminum Oxide,,,,,literature_mined,NanoCare_Final_Report,,30.0,4.522878745280337,a_NanoCare_Final_Report_InVitr,
"s_NanoCare_Final_Report_InVitro.CB_derived:669,670,671,672",Aluminum Oxide,,,,,literature_mined,NanoCare_Final_Report,,30.0,4.522878745280337,a_NanoCare_Final_Report_InVitr,
"s_NanoCare_Final_Report_InVitro.CB_derived:688,689,690,691",Aluminum Oxide,,,,,literature_mined,NanoCare_Final_Report,,30.0,4.522878745280337,a_NanoCare_Final_Report_InVitr,
"s_NanoCare_Final_Report_InVitro.CB_derived:708,709,710,711",Aluminum Oxide,,,,,literature_mined,NanoCare_Final_Report,,30.0,4.522878745280337,a_NanoCare_Final_Report_InVitr,
"s_NanoCare_Final_Report_InVitro.CB_derived:728,729,730,731",Aluminum Oxide,,,,,literature_mined,NanoCare_Final_Report,,30.0,4.522878745280337,a_NanoCare_Final_Report_InVitr,
"s_NanoCare_Final_Report_InVitro.CB_derived:748,749,750,751",Aluminum Oxide,,,,,literature_mined,NanoCare_Final_Report,,30.0,4.522878745280337,a_NanoCare_Final_Report_InVitr,
"s_NanoCare_Final_Report_InVitro.CB_derived:768,769,770,771",Aluminum Oxide,,,,,literature_mined,NanoCare_Final_Report,,30.0,4.522878745280337,a_NanoCare_Final_Report_InVitr,
"s_NanoCare_Final_Report_InVitro.CB_derived:479,480,481,482",Aluminum Oxide,,,,,literature_mined,NanoCare_Final_Report,,30.0,4.522878745280337,a_NanoCare_Final_Report_InVitr,
"s_NanoCare_Final_Report_InVitro.CB_derived:495,496,497,498",Aluminum Oxide,,,,,literature_mined,NanoCare_Final_Report,,30.0,4.522878745280337,a_NanoCare_Final_Report_InVitr,
"s_NanoCare_Final_Report_InVitro.CB_derived:515,516,517,518",Aluminum Oxide,,,,,literature_mined,NanoCare_Final_Report,,30.0,4.522878745280337,a_NanoCare_Final_Report_InVitr,
"s_NanoCare_Final_Report_InVitro.CB_derived:535,536,537,538",Aluminum Oxide,,,,,literature_mined,NanoCare_Final_Report,,30.0,4.522878745280337,a_NanoCare_Final_Report_InVitr,
"s_NanoCare_Final_Report_InVitro.CB_derived:575,576,577,578",Aluminum Oxide,,,,,literature_mined,NanoCare_Final_Report,,30.0,4.522878745280337,a_NanoCare_Final_Report_InVitr,
"s_NanoCare_Final_Report_InVitro.CB_derived:595,596,597,598",Aluminum Oxide,,,,,literature_mined,NanoCare_Final_Report,,30.0,4.522878745280337,a_NanoCare_Final_Report_InVitr,
"s_NanoCare_Final_Report_InVitro.CB_derived:615,616,617,618",Aluminum Oxide,,,,,literature_mined,NanoCare_Final_Report,,30.0,4.522878745280337,a_NanoCare_Final_Report_InVitr,
"s_NanoCare_Final_Report_InVitro.CB_derived:635,636,637,638",Aluminum Oxide,,,,,literature_mined,NanoCare_Final_Report,,30.0,4.522878745280337,a_NanoCare_Final_Report_InVitr,
"s_NanoCare_Final_Report_InVitro.CB_derived:654,655,656,657",Aluminum Oxide,,,,,literature_mined,NanoCare_Final_Report,,30.0,4.522878745280337,a_NanoCare_Final_Report_InVitr,
"s_NanoCare_Final_Report_InVitro.CB_derived:673,674,675,676",Aluminum Oxide,,,,,literature_mined,NanoCare_Final_Report,,30.0,4.522878745280337,a_NanoCare_Final_Report_InVitr,
"s_NanoCare_Final_Report_InVitro.CB_derived:692,693,694,695",Aluminum Oxide,,,,,literature_mined,NanoCare_Final_Report,,30.0,4.522878745280337,a_NanoCare_Final_Report_InVitr,
"s_NanoCare_Final_Report_InVitro.CB_derived:712,713,714,715",Aluminum Oxide,,,,,literature_mined,NanoCare_Final_Report,,30.0,4.522878745280337,a_NanoCare_Final_Report_InVitr,
"s_NanoCare_Final_Report_InVitro.CB_derived:732,733,734,735",Aluminum Oxide,,,,,literature_mined,NanoCare_Final_Report,,30.0,4.522878745280337,a_NanoCare_Final_Report_InVitr,
"s_NanoCare_Final_Report_InVitro.CB_derived:752,753,754,755",Aluminum Oxide,,,,,literature_mined,NanoCare_Final_Report,,30.0,4.522878745280337,a_NanoCare_Final_Report_InVitr,
"s_NanoCare_Final_Report_InVitro.CB_derived:772,773,774,775",Aluminum Oxide,,,,,literature_mined,NanoCare_Final_Report,,30.0,4.522878745280337,a_NanoCare_Final_Report_InVitr,
"s_NanoCare_Final_Report_InVitro.CB_derived:483,484,485,486",Aluminum Oxide,,,,,literature_mined,NanoCare_Final_Report,,60.0,4.221848749616356,a_NanoCare_Final_Report_InVitr,
"s_NanoCare_Final_Report_InVitro.CB_derived:487,488,489,490",Aluminum Oxide,,,,,literature_mined,NanoCare_Final_Report,,60.0,4.221848749616356,a_NanoCare_Final_Report_InVitr,
"s_NanoCare_Final_Report_InVitro.CB_derived:507,508,509,510",Aluminum Oxide,,,,,literature_mined,NanoCare_Final_Report,,60.0,4.221848749616356,a_NanoCare_Final_Report_InVitr,
"s_NanoCare_Final_Report_InVitro.CB_derived:527,528,529,530",Aluminum Oxide,,,,,literature_mined,NanoCare_Final_Report,,60.0,4.221848749616356,a_NanoCare_Final_Report_InVitr,
"s_NanoCare_Final_Report_InVitro.CB_derived:567,568,569,570",Aluminum Oxide,,,,,literature_mined,NanoCare_Final_Report,,60.0,4.221848749616356,a_NanoCare_Final_Report_InVitr,
"s_NanoCare_Final_Report_InVitro.CB_derived:587,588,589,590",Aluminum Oxide,,,,,literature_mined,NanoCare_Final_Report,,60.0,4.221848749616356,a_NanoCare_Final_Report_InVitr,
"s_NanoCare_Final_Report_InVitro.CB_derived:607,608,609,610",Aluminum Oxide,,,,,literature_mined,NanoCare_Final_Report,,60.0,4.221848749616356,a_NanoCare_Final_Report_InVitr,
"s_NanoCare_Final_Report_InVitro.CB_derived:627,628,629,630",Aluminum Oxide,,,,,literature_mined,NanoCare_Final_Report,,60.0,4.221848749616356,a_NanoCare_Final_Report_InVitr,
"s_NanoCare_Final_Report_InVitro.CB_derived:646,647,648,649",Aluminum Oxide,,,,,literature_mined,NanoCare_Final_Report,,60.0,4.221848749616356,a_NanoCare_Final_Report_InVitr,
"s_NanoCare_Final_Report_InVitro.CB_derived:665,666,667,668",Aluminum Oxide,,,,,literature_mined,NanoCare_Final_Report,,60.0,4.221848749616356,a_NanoCare_Final_Report_InVitr,
"s_NanoCare_Final_Report_InVitro.CB_derived:684,685,686,687",Aluminum Oxide,,,,,literature_mined,NanoCare_Final_Report,,60.0,4.221848749616356,a_NanoCare_Final_Report_InVitr,
"s_NanoCare_Final_Report_InVitro.CB_derived:704,705,706,707",Aluminum Oxide,,,,,literature_mined,NanoCare_Final_Report,,60.0,4.221848749616356,a_NanoCare_Final_Report_InVitr,
"s_NanoCare_Final_Report_InVitro.CB_derived:724,725,726,727",Aluminum Oxide,,,,,literature_mined,NanoCare_Final_Report,,60.0,4.221848749616356,a_NanoCare_Final_Report_InVitr,
"s_NanoCare_Final_Report_InVitro.CB_derived:744,745,746,747",Aluminum Oxide,,,,,literature_mined,NanoCare_Final_Report,,60.0,4.221848749616356,a_NanoCare_Final_Report_InVitr,
"s_NanoCare_Final_Report_InVitro.CB_derived:764,765,766,767",Aluminum Oxide,,,,,literature_mined,NanoCare_Final_Report,,60.0,4.221848749616356,a_NanoCare_Final_Report_InVitr,
"s_NanoCare_Final_Report_InVitro.CB_derived:471,472,473,474",Aluminum Oxide,,,,,literature_mined,NanoCare_Final_Report,,60.0,4.221848749616356,a_NanoCare_Final_Report_InVitr,
"s_NanoCare_Final_Report_InVitro.CB_derived:503,504,505,506",Aluminum Oxide,,,,,literature_mined,NanoCare_Final_Report,,60.0,4.221848749616356,a_NanoCare_Final_Report_InVitr,
"s_NanoCare_Final_Report_InVitro.CB_derived:523,524,525,526",Aluminum Oxide,,,,,literature_mined,NanoCare_Final_Report,,60.0,4.221848749616356,a_NanoCare_Final_Report_InVitr,
"s_NanoCare_Final_Report_InVitro.CB_derived:543,544,545,546",Aluminum Oxide,,,,,literature_mined,NanoCare_Final_Report,,60.0,4.221848749616356,a_NanoCare_Final_Report_InVitr,
"s_NanoCare_Final_Report_InVitro.CB_derived:583,584,585,586",Aluminum Oxide,,,,,literature_mined,NanoCare_Final_Report,,60.0,4.221848749616356,a_NanoCare_Final_Report_InVitr,
"s_NanoCare_Final_Report_InVitro.CB_derived:643,644,645",Aluminum Oxide,,,,,literature_mined,NanoCare_Final_Report,,60.0,4.221848749616356,a_NanoCare_Final_Report_InVitr,
"s_NanoCare_Final_Report_InVitro.CB_derived:662,663,664",Aluminum Oxide,,,,,literature_mined,NanoCare_Final_Report,,60.0,4.221848749616356,a_NanoCare_Final_Report_InVitr,
"s_NanoCare_Final_Report_InVitro.CB_derived:681,682,683",Aluminum Oxide,,,,,literature_mined,NanoCare_Final_Report,,60.0,4.221848749616356,a_NanoCare_Final_Report_InVitr,
"s_NanoCare_Final_Report_InVitro.CB_derived:700,701,702,703",Aluminum Oxide,,,,,literature_mined,NanoCare_Final_Report,,60.0,4.221848749616356,a_NanoCare_Final_Report_InVitr,
"s_NanoCare_Final_Report_InVitro.CB_derived:720,721,722,723",Aluminum Oxide,,,,,literature_mined,NanoCare_Final_Report,,60.0,4.221848749616356,a_NanoCare_Final_Report_InVitr,
"s_NanoCare_Final_Report_InVitro.CB_derived:740,741,742,743",Aluminum Oxide,,,,,literature_mined,NanoCare_Final_Report,,60.0,4.221848749616356,a_NanoCare_Final_Report_InVitr,
"s_NanoCare_Final_Report_InVitro.CB_derived:760,761,762,763",Aluminum Oxide,,,,,literature_mined,NanoCare_Final_Report,,60.0,4.221848749616356,a_NanoCare_Final_Report_InVitr,
"s_NanoCare_Final_Report_InVitro.CB_derived:780,781,782,783",Aluminum Oxide,,,,,literature_mined,NanoCare_Final_Report,,60.0,4.221848749616356,a_NanoCare_Final_Report_InVitr,
"s_NanoCare_Final_Report_InVitro.CB_derived:475,476,477,478",Aluminum Oxide,,,,,literature_mined,NanoCare_Final_Report,,30.0,4.522878745280337,a_NanoCare_Final_Report_InVitr,
"s_NanoCare_Final_Report_InVitro.CB_derived:499,500,501,502",Aluminum Oxide,,,,,literature_mined,NanoCare_Final_Report,,30.0,4.522878745280337,a_NanoCare_Final_Report_InVitr,
"s_NanoCare_Final_Report_InVitro.CB_derived:519,520,521,522",Aluminum Oxide,,,,,literature_mined,NanoCare_Final_Report,,30.0,4.522878745280337,a_NanoCare_Final_Report_InVitr,
"s_NanoCare_Final_Report_InVitro.CB_derived:539,540,541,542",Aluminum Oxide,,,,,literature_mined,NanoCare_Final_Report,,30.0,4.522878745280337,a_NanoCare_Final_Report_InVitr,
"s_NanoCare_Final_Report_InVitro.CB_derived:579,580,581,582",Aluminum Oxide,,,,,literature_mined,NanoCare_Final_Report,,30.0,4.522878745280337,a_NanoCare_Final_Report_InVitr,
"s_NanoCare_Final_Report_InVitro.CB_derived:599,600,601,602",Aluminum Oxide,,,,,literature_mined,NanoCare_Final_Report,,30.0,4.522878745280337,a_NanoCare_Final_Report_InVitr,
"s_NanoCare_Final_Report_InVitro.CB_derived:619,620,621,622",Aluminum Oxide,,,,,literature_mined,NanoCare_Final_Report,,30.0,4.522878745280337,a_NanoCare_Final_Report_InVitr,
"s_NanoCare_Final_Report_InVitro.CB_derived:639,640,641,642",Aluminum Oxide,,,,,literature_mined,NanoCare_Final_Report,,30.0,4.522878745280337,a_NanoCare_Final_Report_InVitr,
"s_NanoCare_Final_Report_InVitro.CB_derived:658,659,660,661",Aluminum Oxide,,,,,literature_mined,NanoCare_Final_Report,,30.0,4.522878745280337,a_NanoCare_Final_Report_InVitr,
"s_NanoCare_Final_Report_InVitro.CB_derived:677,678,679,680",Aluminum Oxide,,,,,literature_mined,NanoCare_Final_Report,,30.0,4.522878745280337,a_NanoCare_Final_Report_InVitr,
"s_NanoCare_Final_Report_InVitro.CB_derived:696,697,698,699",Aluminum Oxide,,,,,literature_mined,NanoCare_Final_Report,,30.0,4.522878745280337,a_NanoCare_Final_Report_InVitr,
"s_NanoCare_Final_Report_InVitro.CB_derived:716,717,718,719",Aluminum Oxide,,,,,literature_mined,NanoCare_Final_Report,,30.0,4.522878745280337,a_NanoCare_Final_Report_InVitr,
"s_NanoCare_Final_Report_InVitro.CB_derived:736,737,738,739",Aluminum Oxide,,,,,literature_mined,NanoCare_Final_Report,,30.0,4.522878745280337,a_NanoCare_Final_Report_InVitr,
"s_NanoCare_Final_Report_InVitro.CB_derived:756,757,758,759",Aluminum Oxide,,,,,literature_mined,NanoCare_Final_Report,,30.0,4.522878745280337,a_NanoCare_Final_Report_InVitr,
"s_NanoCare_Final_Report_InVitro.CB_derived:776,777,778,779",Aluminum Oxide,,,,,literature_mined,NanoCare_Final_Report,,30.0,4.522878745280337,a_NanoCare_Final_Report_InVitr,
s_NanoCare_Final_Report_PC_265,Aluminum Oxide,,,,,literature_mined,NanoCare_Final_Report,,,,a_NanoCare_Final_Report_PC_ads,
s_NanoCare_Final_Report_PC_266,Aluminum Oxide,,,,,literature_mined,NanoCare_Final_Report,,,,a_NanoCare_Final_Report_PC_ads,
s_NanoCare_Final_Report_PC_267,Aluminum Oxide,,,,,literature_mined,NanoCare_Final_Report,,,,a_NanoCare_Final_Report_PC_ads,
s_NanoCare_Final_Report_PC_268,Aluminum Oxide,,,,,literature_mined,NanoCare_Final_Report,,,,a_NanoCare_Final_Report_PC_ads,
s_NanoCare_Final_Report_PC_269,Aluminum Oxide,,,,,literature_mined,NanoCare_Final_Report,,,,a_NanoCare_Final_Report_PC_ads,
s_NanoCare_Final_Report_PC_270,Aluminum Oxide,,,,,literature_mined,NanoCare_Final_Report,,,,a_NanoCare_Final_Report_PC_ads,
s_NanoCare_Final_Report_PC_271,Aluminum Oxide,,,,,literature_mined,NanoCare_Final_Report,,,,a_NanoCare_Final_Report_PC_ads,
s_NanoCare_Final_Report_PC_272,Aluminum Oxide,,,,,literature_mined,NanoCare_Final_Report,,,,a_NanoCare_Final_Report_PC_ads,
s_NanoCare_Final_Report_PC_273,Aluminum Oxide,,,,,literature_mined,NanoCare_Final_Report,,,,a_NanoCare_Final_Report_PC_ads,
s_NanoCare_Final_Report_PC_274,Aluminum Oxide,,,,,literature_mined,NanoCare_Final_Report,,,,a_NanoCare_Final_Report_PC_ads,
s_NanoCare_Final_Report_PC_275,Aluminum Oxide,,,,,literature_mined,NanoCare_Final_Report,,,,a_NanoCare_Final_Report_PC_ads,
s_NanoCare_Final_Report_PC_276,Aluminum Oxide,,,,,literature_mined,NanoCare_Final_Report,,,,a_NanoCare_Final_Report_PC_ads,
s_NanoCare_Final_Report_PC_277,Aluminum Oxide,,,,,literature_mined,NanoCare_Final_Report,,,,a_NanoCare_Final_Report_PC_ads,
s_NanoCare_Final_Report_PC_278,Aluminum Oxide,,,,,literature_mined,NanoCare_Final_Report,,,,a_NanoCare_Final_Report_PC_ads,
s_NanoCare_Final_Report_PC_279,Aluminum Oxide,,,,,literature_mined,NanoCare_Final_Report,,,,a_NanoCare_Final_Report_PC_ads,
s_NanoCare_Final_Report_PC_280,Aluminum Oxide,,,,,literature_mined,NanoCare_Final_Report,,,,a_NanoCare_Final_Report_PC_ads,
s_NanoCare_Final_Report_PC_281,Aluminum Oxide,,,,,literature_mined,NanoCare_Final_Report,,,,a_NanoCare_Final_Report_PC_ads,
s_NanoCare_Final_Report_PC_282,Aluminum Oxide,,,,,literature_mined,NanoCare_Final_Report,,,,a_NanoCare_Final_Report_PC_ads,
s_NanoCare_Final_Report_PC_283,Aluminum Oxide,,,,,literature_mined,NanoCare_Final_Report,,,,a_NanoCare_Final_Report_PC_ads,
s_NanoCare_Final_Report_PC_284,Aluminum Oxide,,,,,literature_mined,NanoCare_Final_Report,,,,a_NanoCare_Final_Report_PC_ads,
s_NanoCare_Final_Report_PC_285,Aluminum Oxide,,,,,literature_mined,NanoCare_Final_Report,,,,a_NanoCare_Final_Report_PC_ads,
s_NanoCare_Final_Report_PC_286,Aluminum Oxide,,,,,literature_mined,NanoCare_Final_Report,,,,a_NanoCare_Final_Report_PC_ads,
s_NanoCare_Final_Report_PC_287,Aluminum Oxide,,,,,literature_mined,NanoCare_Final_Report,,,,a_NanoCare_Final_Report_PC_ads,
s_NanoCare_Final_Report_PC_288,Aluminum Oxide,,,,,literature_mined,NanoCare_Final_Report,,,,a_NanoCare_Final_Report_PC_ads,
s_NanoCare_Final_Report_PC_289,Aluminum Oxide,,,,,literature_mined,NanoCare_Final_Report,,,,a_NanoCare_Final_Report_PC_ads,
s_NanoCare_Final_Report_PC_290,Aluminum Oxide,,,,,literature_mined,NanoCare_Final_Report,,,,a_NanoCare_Final_Report_PC_ads,
s_NanoCare_Final_Report_PC_291,Aluminum Oxide,,,,,literature_mined,NanoCare_Final_Report,,,,a_NanoCare_Final_Report_PC_ads,
s_NanoCare_Final_Report_PC_292,Aluminum Oxide,,,,,literature_mined,NanoCare_Final_Report,,,,a_NanoCare_Final_Report_PC_ads,
s_NanoCare_Final_Report_PC_293,Aluminum Oxide,,,,,literature_mined,NanoCare_Final_Report,,,,a_NanoCare_Final_Report_PC_ads,
s_NanoCare_Final_Report_PC_294,Aluminum Oxide,,,,,literature_mined,NanoCare_Final_Report,,,,a_NanoCare_Final_Report_PC_ads,
s_NanoCare_Final_Report_PC_295,Aluminum Oxide,,,,,literature_mined,NanoCare_Final_Report,,,,a_NanoCare_Final_Report_PC_ads,
s_NanoCare_Final_Report_PC_296,Aluminum Oxide,,,,,literature_mined,NanoCare_Final_Report,,,,a_NanoCare_Final_Report_PC_ads,
s_NanoCare_Final_Report_PC_297,Aluminum Oxide,,,,,literature_mined,NanoCare_Final_Report,,,,a_NanoCare_Final_Report_PC_ads,
s_NanoCare_Final_Report_PC_298,Aluminum Oxide,,,,,literature_mined,NanoCare_Final_Report,,,,a_NanoCare_Final_Report_PC_ads,
s_NanoCare_Final_Report_PC_299,Aluminum Oxide,,,,,literature_mined,NanoCare_Final_Report,,,,a_NanoCare_Final_Report_PC_ads,
s_NanoCare_Final_Report_PC_113,Aluminum Oxide,,,,,literature_mined,NanoCare_Final_Report,,,,a_NanoCare_Final_Report_PC_sha,
s_NanoCare_Final_Report_PC_114,Aluminum Oxide,,,,,literature_mined,NanoCare_Final_Report,,,,a_NanoCare_Final_Report_PC_sha,
s_NanoCare_Final_Report_PC_115,Aluminum Oxide,,,,,literature_mined,NanoCare_Final_Report,,,,a_NanoCare_Final_Report_PC_sha,
s_NanoCare_Final_Report_PC_116,Aluminum Oxide,,,,,literature_mined,NanoCare_Final_Report,,,,a_NanoCare_Final_Report_PC_sha,
s_NanoCare_Final_Report_PC_117,Aluminum Oxide,,,,,literature_mined,NanoCare_Final_Report,,,,a_NanoCare_Final_Report_PC_sha,
s_NanoCare_Final_Report_PC_118,Aluminum Oxide,,,,,literature_mined,NanoCare_Final_Report,,,,a_NanoCare_Final_Report_PC_sha,
s_NanoCare_Final_Report_PC_119,Aluminum Oxide,,,,,literature_mined,NanoCare_Final_Report,,,,a_NanoCare_Final_Report_PC_sha,
s_NanoCare_Final_Report_PC_120,Aluminum Oxide,,,,,literature_mined,NanoCare_Final_Report,,,,a_NanoCare_Final_Report_PC_sha,
s_NanoCare_Final_Report_PC_123,Aluminum Oxide,,,,,literature_mined,NanoCare_Final_Report,,,,a_NanoCare_Final_Report_PC_sha,
s_NanoCare_Final_Report_PC_124,Aluminum Oxide,,,,,literature_mined,NanoCare_Final_Report,,,,a_NanoCare_Final_Report_PC_sha,
s_NanoCare_Final_Report_PC_125,Aluminum Oxide,,,,,literature_mined,NanoCare_Final_Report,,,,a_NanoCare_Final_Report_PC_sha,
s_NanoCare_Final_Report_PC_126,Aluminum Oxide,,,,,literature_mined,NanoCare_Final_Report,,,,a_NanoCare_Final_Report_PC_sha,
s_NanoCare_Final_Report_PC_127,Aluminum Oxide,,,,,literature_mined,NanoCare_Final_Report,,,,a_NanoCare_Final_Report_PC_sha,
s_NanoCare_Final_Report_PC_129,Aluminum Oxide,,,,,literature_mined,NanoCare_Final_Report,,,,a_NanoCare_Final_Report_PC_sha,
s_NanoCare_Final_Report_PC_130,Aluminum Oxide,,,,,literature_mined,NanoCare_Final_Report,,,,a_NanoCare_Final_Report_PC_sha,
s_NanoCare_Final_Report_PC_131,Aluminum Oxide,,,,,literature_mined,NanoCare_Final_Report,,,,a_NanoCare_Final_Report_PC_sha,
s_NanoCare_Final_Report_PC_132,Aluminum Oxide,,,,,literature_mined,NanoCare_Final_Report,,,,a_NanoCare_Final_Report_PC_sha,
s_NanoCare_Final_Report_PC_133,Aluminum Oxide,,,,,literature_mined,NanoCare_Final_Report,,,,a_NanoCare_Final_Report_PC_sha,
s_NanoCare_Final_Report_PC_134,Aluminum Oxide,,,,,literature_mined,NanoCare_Final_Report,,,,a_NanoCare_Final_Report_PC_sha,
s_NanoCare_Final_Report_PC_135,Aluminum Oxide,,,,,literature_mined,NanoCare_Final_Report,,,,a_NanoCare_Final_Report_PC_sha,
s_NanoCare_Final_Report_PC_136,Aluminum Oxide,,,,,literature_mined,NanoCare_Final_Report,,,,a_NanoCare_Final_Report_PC_sha,
s_NanoCare_Final_Report_PC_137,Aluminum Oxide,,,,,literature_mined,NanoCare_Final_Report,,,,a_NanoCare_Final_Report_PC_sha,
s_NanoCare_Final_Report_PC_138,Aluminum Oxide,,,,,literature_mined,NanoCare_Final_Report,,,,a_NanoCare_Final_Report_PC_sha,
s_NanoCare_Final_Report_PC_139,Aluminum Oxide,,,,,literature_mined,NanoCare_Final_Report,,,,a_NanoCare_Final_Report_PC_sha,
s_NanoCare_Final_Report_PC_140,Aluminum Oxide,,,,,literature_mined,NanoCare_Final_Report,,,,a_NanoCare_Final_Report_PC_sha,
s_NanoCare_Final_Report_PC_57,Aluminum Oxide,,,,,literature_mined,NanoCare_Final_Report,,,,a_NanoCare_Final_Report_PC_siz,
s_NanoCare_Final_Report_PC_58,Aluminum Oxide,,,,,literature_mined,NanoCare_Final_Report,,,,a_NanoCare_Final_Report_PC_siz,
s_NanoCare_Final_Report_PC_59,Aluminum Oxide,,,,,literature_mined,NanoCare_Final_Report,,,,a_NanoCare_Final_Report_PC_siz,
s_NanoCare_Final_Report_PC_60,Aluminum Oxide,,,,,literature_mined,NanoCare_Final_Report,,,,a_NanoCare_Final_Report_PC_siz,
s_NanoCare_Final_Report_PC_61,Aluminum Oxide,,,,,literature_mined,NanoCare_Final_Report,,,,a_NanoCare_Final_Report_PC_siz,
s_NanoCare_Final_Report_PC_62,Aluminum Oxide,,,,,literature_mined,NanoCare_Final_Report,,,,a_NanoCare_Final_Report_PC_siz,
s_NanoCare_Final_Report_PC_63,Aluminum Oxide,,,,,literature_mined,NanoCare_Final_Report,,,,a_NanoCare_Final_Report_PC_siz,
s_NanoCare_Final_Report_PC_64,Aluminum Oxide,,,,,literature_mined,NanoCare_Final_Report,,,,a_NanoCare_Final_Report_PC_siz,
s_NanoCare_Final_Report_PC_67,Aluminum Oxide,,,,,literature_mined,NanoCare_Final_Report,,,,a_NanoCare_Final_Report_PC_siz,
s_NanoCare_Final_Report_PC_68,Aluminum Oxide,,,,,literature_mined,NanoCare_Final_Report,,,,a_NanoCare_Final_Report_PC_siz,
s_NanoCare_Final_Report_PC_69,Aluminum Oxide,,,,,literature_mined,NanoCare_Final_Report,,,,a_NanoCare_Final_Report_PC_siz,
s_NanoCare_Final_Report_PC_70,Aluminum Oxide,,,,,literature_mined,NanoCare_Final_Report,,,,a_NanoCare_Final_Report_PC_siz,
s_NanoCare_Final_Report_PC_71,Aluminum Oxide,,,,,literature_mined,NanoCare_Final_Report,,,,a_NanoCare_Final_Report_PC_siz,
s_NanoCare_Final_Report_PC_73,Aluminum Oxide,,,,,literature_mined,NanoCare_Final_Report,,,,a_NanoCare_Final_Report_PC_siz,
s_NanoCare_Final_Report_PC_74,Aluminum Oxide,,,,,literature_mined,NanoCare_Final_Report,,,,a_NanoCare_Final_Report_PC_siz,
s_NanoCare_Final_Report_PC_75,Aluminum Oxide,,,,,literature_mined,NanoCare_Final_Report,,,,a_NanoCare_Final_Report_PC_siz,
s_NanoCare_Final_Report_PC_76,Aluminum Oxide,,,,,literature_mined,NanoCare_Final_Report,,,,a_NanoCare_Final_Report_PC_siz,
s_NanoCare_Final_Report_PC_77,Aluminum Oxide,,,,,literature_mined,NanoCare_Final_Report,,,,a_NanoCare_Final_Report_PC_siz,
s_NanoCare_Final_Report_PC_78,Aluminum Oxide,,,,,literature_mined,NanoCare_Final_Report,,,,a_NanoCare_Final_Report_PC_siz,
s_NanoCare_Final_Report_PC_79,Aluminum Oxide,,,,,literature_mined,NanoCare_Final_Report,,,,a_NanoCare_Final_Report_PC_siz,
s_NanoCare_Final_Report_PC_80,Aluminum Oxide,,,,,literature_mined,NanoCare_Final_Report,,,,a_NanoCare_Final_Report_PC_siz,
s_NanoCare_Final_Report_PC_81,Aluminum Oxide,,,,,literature_mined,NanoCare_Final_Report,,,,a_NanoCare_Final_Report_PC_siz,
s_NanoCare_Final_Report_PC_82,Aluminum Oxide,,,,,literature_mined,NanoCare_Final_Report,,,,a_NanoCare_Final_Report_PC_siz,
s_NanoCare_Final_Report_PC_83,Aluminum Oxide,,,,,literature_mined,NanoCare_Final_Report,,,,a_NanoCare_Final_Report_PC_siz,
s_NanoCare_Final_Report_PC_84,Aluminum Oxide,,,,,literature_mined,NanoCare_Final_Report,,,,a_NanoCare_Final_Report_PC_siz,
s_NanoCare_Final_Report_PC_85,Aluminum Oxide,,,,,literature_mined,NanoCare_Final_Report,,,,a_NanoCare_Final_Report_PC_sur,
s_NanoCare_Final_Report_PC_86,Aluminum Oxide,,,,,literature_mined,NanoCare_Final_Report,,,,a_NanoCare_Final_Report_PC_sur,
s_NanoCare_Final_Report_PC_87,Aluminum Oxide,,,,,literature_mined,NanoCare_Final_Report,,,,a_NanoCare_Final_Report_PC_sur,
s_NanoCare_Final_Report_PC_88,Aluminum Oxide,,,,,literature_mined,NanoCare_Final_Report,,,,a_NanoCare_Final_Report_PC_sur,
s_NanoCare_Final_Report_PC_89,Aluminum Oxide,,,,,literature_mined,NanoCare_Final_Report,,,,a_NanoCare_Final_Report_PC_sur,
s_NanoCare_Final_Report_PC_90,Aluminum Oxide,,,,,literature_mined,NanoCare_Final_Report,,,,a_NanoCare_Final_Report_PC_sur,
s_NanoCare_Final_Report_PC_91,Aluminum Oxide,,,,,literature_mined,NanoCare_Final_Report,,,,a_NanoCare_Final_Report_PC_sur,
s_NanoCare_Final_Report_PC_92,Aluminum Oxide,,,,,literature_mined,NanoCare_Final_Report,,,,a_NanoCare_Final_Report_PC_sur,
s_NanoCare_Final_Report_PC_95,Aluminum Oxide,,,,,literature_mined,NanoCare_Final_Report,,,,a_NanoCare_Final_Report_PC_sur,
s_NanoCare_Final_Report_PC_96,Aluminum Oxide,,,,,literature_mined,NanoCare_Final_Report,,,,a_NanoCare_Final_Report_PC_sur,
s_NanoCare_Final_Report_PC_97,Aluminum Oxide,,,,,literature_mined,NanoCare_Final_Report,,,,a_NanoCare_Final_Report_PC_sur,
s_NanoCare_Final_Report_PC_98,Aluminum Oxide,,,,,literature_mined,NanoCare_Final_Report,,,,a_NanoCare_Final_Report_PC_sur,
s_NanoCare_Final_Report_PC_99,Aluminum Oxide,,,,,literature_mined,NanoCare_Final_Report,,,,a_NanoCare_Final_Report_PC_sur,
s_NanoCare_Final_Report_PC_101,Aluminum Oxide,,,,,literature_mined,NanoCare_Final_Report,,,,a_NanoCare_Final_Report_PC_sur,
s_NanoCare_Final_Report_PC_102,Aluminum Oxide,,,,,literature_mined,NanoCare_Final_Report,,,,a_NanoCare_Final_Report_PC_sur,
s_NanoCare_Final_Report_PC_103,Aluminum Oxide,,,,,literature_mined,NanoCare_Final_Report,,,,a_NanoCare_Final_Report_PC_sur,
s_NanoCare_Final_Report_PC_104,Aluminum Oxide,,,,,literature_mined,NanoCare_Final_Report,,,,a_NanoCare_Final_Report_PC_sur,
s_NanoCare_Final_Report_PC_105,Aluminum Oxide,,,,,literature_mined,NanoCare_Final_Report,,,,a_NanoCare_Final_Report_PC_sur,
s_NanoCare_Final_Report_PC_106,Aluminum Oxide,,,,,literature_mined,NanoCare_Final_Report,,,,a_NanoCare_Final_Report_PC_sur,
s_NanoCare_Final_Report_PC_107,Aluminum Oxide,,,,,literature_mined,NanoCare_Final_Report,,,,a_NanoCare_Final_Report_PC_sur,
s_NanoCare_Final_Report_PC_108,Aluminum Oxide,,,,,literature_mined,NanoCare_Final_Report,,,,a_NanoCare_Final_Report_PC_sur,
s_NanoCare_Final_Report_PC_109,Aluminum Oxide,,,,,literature_mined,NanoCare_Final_Report,,,,a_NanoCare_Final_Report_PC_sur,
s_NanoCare_Final_Report_PC_110,Aluminum Oxide,,,,,literature_mined,NanoCare_Final_Report,,,,a_NanoCare_Final_Report_PC_sur,
s_NanoCare_Final_Report_PC_111,Aluminum Oxide,,,,,literature_mined,NanoCare_Final_Report,,,,a_NanoCare_Final_Report_PC_sur,
s_NanoCare_Final_Report_PC_112,Aluminum Oxide,,,,,literature_mined,NanoCare_Final_Report,,,,a_NanoCare_Final_Report_PC_sur,
s_NanoCare_Final_Report_PC_141,Aluminum Oxide,,,,,literature_mined,NanoCare_Final_Report,,,,a_NanoCare_Final_Report_PC_zet,
s_NanoCare_Final_Report_PC_142,Aluminum Oxide,,,,,literature_mined,NanoCare_Final_Report,,,,a_NanoCare_Final_Report_PC_zet,
s_NanoCare_Final_Report_PC_143,Aluminum Oxide,,,,,literature_mined,NanoCare_Final_Report,,,,a_NanoCare_Final_Report_PC_zet,
s_NanoCare_Final_Report_PC_144,Aluminum Oxide,,,,,literature_mined,NanoCare_Final_Report,,,,a_NanoCare_Final_Report_PC_zet,
s_NanoCare_Final_Report_PC_145,Aluminum Oxide,,,,,literature_mined,NanoCare_Final_Report,,,,a_NanoCare_Final_Report_PC_zet,
s_NanoCare_Final_Report_PC_146,Aluminum Oxide,,,,,literature_mined,NanoCare_Final_Report,,,,a_NanoCare_Final_Report_PC_zet,
s_NanoCare_Final_Report_PC_147,Aluminum Oxide,,,,,literature_mined,NanoCare_Final_Report,,,,a_NanoCare_Final_Report_PC_zet,
s_NanoCare_Final_Report_PC_148,Aluminum Oxide,,,,,literature_mined,NanoCare_Final_Report,,,,a_NanoCare_Final_Report_PC_zet,
s_NanoCare_Final_Report_PC_149,Aluminum Oxide,,,,,literature_mined,NanoCare_Final_Report,,,,a_NanoCare_Final_Report_PC_zet,
s_NanoCare_Final_Report_PC_150,Aluminum Oxide,,,,,literature_mined,NanoCare_Final_Report,,,,a_NanoCare_Final_Report_PC_zet,
s_NanoCare_Final_Report_PC_151,Aluminum Oxide,,,,,literature_mined,NanoCare_Final_Report,,,,a_NanoCare_Final_Report_PC_zet,
s_NanoCare_Final_Report_PC_152,Aluminum Oxide,,,,,literature_mined,NanoCare_Final_Report,,,,a_NanoCare_Final_Report_PC_zet,
s_NanoCare_Final_Report_PC_153,Aluminum Oxide,,,,,literature_mined,NanoCare_Final_Report,,,,a_NanoCare_Final_Report_PC_zet,
s_NanoCare_Final_Report_PC_154,Aluminum Oxide,,,,,literature_mined,NanoCare_Final_Report,,,,a_NanoCare_Final_Report_PC_zet,
s_NanoCare_Final_Report_PC_155,Aluminum Oxide,,,,,literature_mined,NanoCare_Final_Report,,,,a_NanoCare_Final_Report_PC_zet,
s_NanoCare_Final_Report_PC_156,Aluminum Oxide,,,,,literature_mined,NanoCare_Final_Report,,,,a_NanoCare_Final_Report_PC_zet,
s_NanoCare_Final_Report_PC_157,Aluminum Oxide,,,,,literature_mined,NanoCare_Final_Report,,,,a_NanoCare_Final_Report_PC_zet,
s_NanoCare_Final_Report_PC_158,Aluminum Oxide,,,,,literature_mined,NanoCare_Final_Report,,,,a_NanoCare_Final_Report_PC_zet,
s_NanoCare_Final_Report_PC_159,Aluminum Oxide,,,,,literature_mined,NanoCare_Final_Report,,,,a_NanoCare_Final_Report_PC_zet,
s_NanoCare_Final_Report_PC_160,Aluminum Oxide,,,,,literature_mined,NanoCare_Final_Report,,,,a_NanoCare_Final_Report_PC_zet,
s_NanoCare_Final_Report_PC_161,Aluminum Oxide,,,,,literature_mined,NanoCare_Final_Report,,,,a_NanoCare_Final_Report_PC_zet,
s_NanoCare_Final_Report_PC_162,Aluminum Oxide,,,,,literature_mined,NanoCare_Final_Report,,,,a_NanoCare_Final_Report_PC_zet,
s_NanoCare_Final_Report_PC_163,Aluminum Oxide,,,,,literature_mined,NanoCare_Final_Report,,,,a_NanoCare_Final_Report_PC_zet,
s_NanoCare_Final_Report_PC_164,Aluminum Oxide,,,,,literature_mined,NanoCare_Final_Report,,,,a_NanoCare_Final_Report_PC_zet,
s_NanoCare_Final_Report_PC_165,Aluminum Oxide,,,,,literature_mined,NanoCare_Final_Report,,,,a_NanoCare_Final_Report_PC_zet,
s_NanoCare_Final_Report_PC_166,Aluminum Oxide,,,,,literature_mined,NanoCare_Final_Report,,,,a_NanoCare_Final_Report_PC_zet,
s_NanoCare_Final_Report_PC_167,Aluminum Oxide,,,,,literature_mined,NanoCare_Final_Report,,,,a_NanoCare_Final_Report_PC_zet,
s_NanoCare_Final_Report_PC_168,Aluminum Oxide,,,,,literature_mined,NanoCare_Final_Report,,,,a_NanoCare_Final_Report_PC_zet,
s_NanoCare_Final_Report_PC_169,Aluminum Oxide,,,,,literature_mined,NanoCare_Final_Report,,,,a_NanoCare_Final_Report_PC_zet,
s_NanoCare_Final_Report_PC_170,Aluminum Oxide,,,,,literature_mined,NanoCare_Final_Report,,,,a_NanoCare_Final_Report_PC_zet,
s_NanoCare_Final_Report_PC_171,Aluminum Oxide,,,,,literature_mined,NanoCare_Final_Report,,,,a_NanoCare_Final_Report_PC_zet,
s_NanoCare_Final_Report_PC_172,Aluminum Oxide,,,,,literature_mined,NanoCare_Final_Report,,,,a_NanoCare_Final_Report_PC_zet,
s_NanoCare_Final_Report_PC_173,Aluminum Oxide,,,,,literature_mined,NanoCare_Final_Report,,,,a_NanoCare_Final_Report_PC_zet,
s_NanoCare_Final_Report_PC_174,Aluminum Oxide,,,,,literature_mined,NanoCare_Final_Report,,,,a_NanoCare_Final_Report_PC_zet,
s_NanoCare_Final_Report_PC_175,Aluminum Oxide,,,,,literature_mined,NanoCare_Final_Report,,,,a_NanoCare_Final_Report_PC_zet,
s_NanoCare_Final_Report_PC_176,Aluminum Oxide,,,,,literature_mined,NanoCare_Final_Report,,,,a_NanoCare_Final_Report_PC_zet,
s_NanoCare_Final_Report_PC_177,Aluminum Oxide,,,,,literature_mined,NanoCare_Final_Report,,,,a_NanoCare_Final_Report_PC_zet,
s_NanoCare_Final_Report_PC_178,Aluminum Oxide,,,,,literature_mined,NanoCare_Final_Report,,,,a_NanoCare_Final_Report_PC_zet,
s_NanoCare_Final_Report_PC_179,Aluminum Oxide,,,,,literature_mined,NanoCare_Final_Report,,,,a_NanoCare_Final_Report_PC_zet,
s_NanoCare_Final_Report_PC_180,Aluminum Oxide,,,,,literature_mined,NanoCare_Final_Report,,,,a_NanoCare_Final_Report_PC_zet,
s_NanoCare_Final_Report_PC_181,Aluminum Oxide,,,,,literature_mined,NanoCare_Final_Report,,,,a_NanoCare_Final_Report_PC_zet,
s_NanoCare_Final_Report_PC_182,Aluminum Oxide,,,,,literature_mined,NanoCare_Final_Report,,,,a_NanoCare_Final_Report_PC_zet,
s_NanoCare_Final_Report_PC_183,Aluminum Oxide,,,,,literature_mined,NanoCare_Final_Report,,,,a_NanoCare_Final_Report_PC_zet,
s_NanoCare_Final_Report_PC_184,Aluminum Oxide,,,,,literature_mined,NanoCare_Final_Report,,,,a_NanoCare_Final_Report_PC_zet,
s_NanoCare_Final_Report_PC_185,Aluminum Oxide,,,,,literature_mined,NanoCare_Final_Report,,,,a_NanoCare_Final_Report_PC_zet,
s_NanoCare_Final_Report_PC_186,Aluminum Oxide,,,,,literature_mined,NanoCare_Final_Report,,,,a_NanoCare_Final_Report_PC_zet,
s_NanoCare_Final_Report_PC_187,Aluminum Oxide,,,,,literature_mined,NanoCare_Final_Report,,,,a_NanoCare_Final_Report_PC_zet,
s_NanoCare_Final_Report_PC_188,Aluminum Oxide,,,,,literature_mined,NanoCare_Final_Report,,,,a_NanoCare_Final_Report_PC_zet,
s_NanoCare_Final_Report_PC_189,Aluminum Oxide,,,,,literature_mined,NanoCare_Final_Report,,,,a_NanoCare_Final_Report_PC_zet,
s_NanoCare_Final_Report_PC_190,Aluminum Oxide,,,,,literature_mined,NanoCare_Final_Report,,,,a_NanoCare_Final_Report_PC_zet,
s_NanoCare_Final_Report_PC_191,Aluminum Oxide,,,,,literature_mined,NanoCare_Final_Report,,,,a_NanoCare_Final_Report_PC_zet,
s_NanoCare_Final_Report_PC_192,Aluminum Oxide,,,,,literature_mined,NanoCare_Final_Report,,,,a_NanoCare_Final_Report_PC_zet,
s_NanoCare_Final_Report_PC_193,Aluminum Oxide,,,,,literature_mined,NanoCare_Final_Report,,,,a_NanoCare_Final_Report_PC_zet,
s_NanoCare_Final_Report_PC_194,Aluminum Oxide,,,,,literature_mined,NanoCare_Final_Report,,,,a_NanoCare_Final_Report_PC_zet,
s_NanoCare_Final_Report_PC_195,Aluminum Oxide,,,,,literature_mined,NanoCare_Final_Report,,,,a_NanoCare_Final_Report_PC_zet,
s_NanoCare_Final_Report_PC_196,Aluminum Oxide,,,,,literature_mined,NanoCare_Final_Report,,,,a_NanoCare_Final_Report_PC_zet,
s_NanoCare_Final_Report_PC_197,Aluminum Oxide,,,,,literature_mined,NanoCare_Final_Report,,,,a_NanoCare_Final_Report_PC_zet,
s_NanoCare_Final_Report_PC_198,Aluminum Oxide,,,,,literature_mined,NanoCare_Final_Report,,,,a_NanoCare_Final_Report_PC_zet,
s_NanoCare_Final_Report_PC_199,Aluminum Oxide,,,,,literature_mined,NanoCare_Final_Report,,,,a_NanoCare_Final_Report_PC_zet,
s_NanoCare_Final_Report_PC_200,Aluminum Oxide,,,,,literature_mined,NanoCare_Final_Report,,,,a_NanoCare_Final_Report_PC_zet,
s_NanoCare_Final_Report_PC_201,Aluminum Oxide,,,,,literature_mined,NanoCare_Final_Report,,,,a_NanoCare_Final_Report_PC_zet,
s_NanoCare_Final_Report_PC_202,Aluminum Oxide,,,,,literature_mined,NanoCare_Final_Report,,,,a_NanoCare_Final_Report_PC_zet,
s_NanoCare_Final_Report_PC_203,Aluminum Oxide,,,,,literature_mined,NanoCare_Final_Report,,,,a_NanoCare_Final_Report_PC_zet,
s_NanoCare_Final_Report_PC_204,Aluminum Oxide,,,,,literature_mined,NanoCare_Final_Report,,,,a_NanoCare_Final_Report_PC_zet,
s_NanoCare_Final_Report_PC_205,Aluminum Oxide,,,,,literature_mined,NanoCare_Final_Report,,,,a_NanoCare_Final_Report_PC_zet,
s_NanoCare_Final_Report_PC_206,Aluminum Oxide,,,,,literature_mined,NanoCare_Final_Report,,,,a_NanoCare_Final_Report_PC_zet,
s_NanoCare_Final_Report_PC_207,Aluminum Oxide,,,,,literature_mined,NanoCare_Final_Report,,,,a_NanoCare_Final_Report_PC_zet,
s_NanoCare_Final_Report_PC_208,Aluminum Oxide,,,,,literature_mined,NanoCare_Final_Report,,,,a_NanoCare_Final_Report_PC_zet,
s_NanoCare_Final_Report_PC_209,Aluminum Oxide,,,,,literature_mined,NanoCare_Final_Report,,,,a_NanoCare_Final_Report_PC_zet,
s_NanoCare_Final_Report_PC_210,Aluminum Oxide,,,,,literature_mined,NanoCare_Final_Report,,,,a_NanoCare_Final_Report_PC_zet,
s_NanoCare_Final_Report_PC_211,Aluminum Oxide,,,,,literature_mined,NanoCare_Final_Report,,,,a_NanoCare_Final_Report_PC_zet,
s_NanoCare_Final_Report_PC_212,Aluminum Oxide,,,,,literature_mined,NanoCare_Final_Report,,,,a_NanoCare_Final_Report_PC_zet,
s_NanoCare_Final_Report_PC_213,Aluminum Oxide,,,,,literature_mined,NanoCare_Final_Report,,,,a_NanoCare_Final_Report_PC_zet,
s_NanoCare_Final_Report_PC_214,Aluminum Oxide,,,,,literature_mined,NanoCare_Final_Report,,,,a_NanoCare_Final_Report_PC_zet,
s_NanoCare_Final_Report_PC_215,Aluminum Oxide,,,,,literature_mined,NanoCare_Final_Report,,,,a_NanoCare_Final_Report_PC_zet,
s_NanoCare_Final_Report_PC_216,Aluminum Oxide,,,,,literature_mined,NanoCare_Final_Report,,,,a_NanoCare_Final_Report_PC_zet,
s_NanoCare_Final_Report_PC_217,Aluminum Oxide,,,,,literature_mined,NanoCare_Final_Report,,,,a_NanoCare_Final_Report_PC_zet,
s_NanoCare_Final_Report_PC_218,Aluminum Oxide,,,,,literature_mined,NanoCare_Final_Report,,,,a_NanoCare_Final_Report_PC_zet,
s_NanoCare_Final_Report_PC_219,Aluminum Oxide,,,,,literature_mined,NanoCare_Final_Report,,,,a_NanoCare_Final_Report_PC_zet,
s_NanoCare_Final_Report_PC_220,Aluminum Oxide,,,,,literature_mined,NanoCare_Final_Report,,,,a_NanoCare_Final_Report_PC_zet,
s_NanoCare_Final_Report_PC_221,Aluminum Oxide,,,,,literature_mined,NanoCare_Final_Report,,,,a_NanoCare_Final_Report_PC_zet,
s_NanoCare_Final_Report_PC_222,Aluminum Oxide,,,,,literature_mined,NanoCare_Final_Report,,,,a_NanoCare_Final_Report_PC_zet,
s_NanoCare_Final_Report_PC_223,Aluminum Oxide,,,,,literature_mined,NanoCare_Final_Report,,,,a_NanoCare_Final_Report_PC_zet,
s_NanoCare_Final_Report_PC_224,Aluminum Oxide,,,,,literature_mined,NanoCare_Final_Report,,,,a_NanoCare_Final_Report_PC_zet,
s_NanoCare_Final_Report_PC_225,Aluminum Oxide,,,,,literature_mined,NanoCare_Final_Report,,,,a_NanoCare_Final_Report_PC_zet,
s_NanoCare_Final_Report_PC_226,Aluminum Oxide,,,,,literature_mined,NanoCare_Final_Report,,,,a_NanoCare_Final_Report_PC_zet,
s_NanoCare_Final_Report_PC_227,Aluminum Oxide,,,,,literature_mined,NanoCare_Final_Report,,,,a_NanoCare_Final_Report_PC_zet,
s_NanoCare_Final_Report_PC_228,Aluminum Oxide,,,,,literature_mined,NanoCare_Final_Report,,,,a_NanoCare_Final_Report_PC_zet,
s_NanoCare_Final_Report_PC_229,Aluminum Oxide,,,,,literature_mined,NanoCare_Final_Report,,,,a_NanoCare_Final_Report_PC_zet,
s_NanoCare_Final_Report_PC_230,Aluminum Oxide,,,,,literature_mined,NanoCare_Final_Report,,,,a_NanoCare_Final_Report_PC_zet,
s_NanoCare_Final_Report_PC_231,Aluminum Oxide,,,,,literature_mined,NanoCare_Final_Report,,,,a_NanoCare_Final_Report_PC_zet,
s_NanoCare_Final_Report_PC_232,Aluminum Oxide,,,,,literature_mined,NanoCare_Final_Report,,,,a_NanoCare_Final_Report_PC_zet,
s_NanoCare_Final_Report_PC_233,Aluminum Oxide,,,,,literature_mined,NanoCare_Final_Report,,,,a_NanoCare_Final_Report_PC_zet,
s_NanoCare_Final_Report_PC_234,Aluminum Oxide,,,,,literature_mined,NanoCare_Final_Report,,,,a_NanoCare_Final_Report_PC_zet,
s_NanoCare_Final_Report_PC_235,Aluminum Oxide,,,,,literature_mined,NanoCare_Final_Report,,,,a_NanoCare_Final_Report_PC_zet,
s_NanoCare_Final_Report_PC_236,Aluminum Oxide,,,,,literature_mined,NanoCare_Final_Report,,,,a_NanoCare_Final_Report_PC_zet,
s_NanoCare_Final_Report_PC_237,Aluminum Oxide,,,,,literature_mined,NanoCare_Final_Report,,,,a_NanoCare_Final_Report_PC_zet,
s_NanoCare_Final_Report_PC_238,Aluminum Oxide,,,,,literature_mined,NanoCare_Final_Report,,,,a_NanoCare_Final_Report_PC_zet,
s_NanoCare_Final_Report_PC_239,Aluminum Oxide,,,,,literature_mined,NanoCare_Final_Report,,,,a_NanoCare_Final_Report_PC_zet,
s_NanoCare_Final_Report_PC_240,Aluminum Oxide,,,,,literature_mined,NanoCare_Final_Report,,,,a_NanoCare_Final_Report_PC_zet,
s_NanoCare_Final_Report_PC_241,Aluminum Oxide,,,,,literature_mined,NanoCare_Final_Report,,,,a_NanoCare_Final_Report_PC_zet,
s_NanoCare_Final_Report_PC_242,Aluminum Oxide,,,,,literature_mined,NanoCare_Final_Report,,,,a_NanoCare_Final_Report_PC_zet,
s_NanoCare_Final_Report_PC_243,Aluminum Oxide,,,,,literature_mined,NanoCare_Final_Report,,,,a_NanoCare_Final_Report_PC_zet,
s_NanoCare_Final_Report_PC_244,Aluminum Oxide,,,,,literature_mined,NanoCare_Final_Report,,,,a_NanoCare_Final_Report_PC_zet,
s_NanoCare_Final_Report_PC_245,Aluminum Oxide,,,,,literature_mined,NanoCare_Final_Report,,,,a_NanoCare_Final_Report_PC_zet,
s_NanoCare_Final_Report_PC_246,Aluminum Oxide,,,,,literature_mined,NanoCare_Final_Report,,,,a_NanoCare_Final_Report_PC_zet,
s_NanoCare_Final_Report_PC_247,Aluminum Oxide,,,,,literature_mined,NanoCare_Final_Report,,,,a_NanoCare_Final_Report_PC_zet,
s_NanoCare_Final_Report_PC_248,Aluminum Oxide,,,,,literature_mined,NanoCare_Final_Report,,,,a_NanoCare_Final_Report_PC_zet,
s_NanoCare_Final_Report_PC_249,Aluminum Oxide,,,,,literature_mined,NanoCare_Final_Report,,,,a_NanoCare_Final_Report_PC_zet,
